:020000040800F2
:100000000000022021410008554E0008574E00080C
:10001000594E00085B4E00085D4E000800000000CD
:100020000000000000000000000000005F4E00081B
:10003000614E000800000000634E0008654E000895
:1000400071410008714100087141000871410008C8
:1000500071410008714100087141000871410008B8
:1000600071410008714100087141000871410008A8
:100070007141000871410008714100087141000898
:100080007141000871410008714100087141000888
:10009000754E0008714100088D4E0008714100083E
:1000A0007141000871410008714100087141000868
:1000B0007141000871410008714100087141000858
:1000C0007141000871410008714100087141000848
:1000D0007141000871410008714100087141000838
:1000E0007141000871410008714100087141000828
:1000F0007141000871410008714100087141000818
:100100007141000871410008714100087141000807
:1001100071410008714100087141000871410008F7
:1001200071410008954E00087141000871410008B6
:1001300071410008714100087141000871410008D7
:10014000814E000871410008914E0008714100087D
:10015000714100087141000871410008A14E00087A
:1001600071410008714100087141000871410008A7
:100170007141000871410008714100080000000051
:08018000714100087141000803
:1001900010B5054C237833B9044B13B10448AFF3C1
:1001A00000800123237010BD8000002000000000AB
:1001B00008DD000808B5034B1BB103490348AFF342
:1001C000008008BD000000008400002008DD000859
:1001D00088B110B5B822044600210CF04EFD20462F
:1001E00000F032FA0023044A84F8903084F8A030FA
:1001F000C4F8AC2010BD70470000A0402DE9F04FBE
:1002000089B0002838D00F46B1B31E46A3B300F121
:10021000900300F1700A0093914603AB52460446E6
:1002200000F056FC804668BB0DF10C0B0546BBEC9C
:10023000010A1299E8B2B04758B30135052DF6D13D
:1002400003AD0FCD20672868CAF80410CAF808204B
:10025000CAF80C30CAF8100097E8070004F18406C9
:1002600086E807004FF0020C4046C4F8B49084F8CA
:10027000A0C009B0BDE8F08F4FF00108404609B0BA
:10028000BDE8F08F0723404684F8A03009B0BDE8F0
:10029000F08F072384F8A0304FF00308EEE700BF8B
:1002A000002847D030B52DED028B044683B0002BDB
:1002B00038D0DFED217A0192B0EEC07AB4EE677AE1
:1002C000F1EE10FAB0EE408A2CD8FFEE087AB4EEC8
:1002D000E70AF1EE10FA25D4F7EE087AB4EEE70A51
:1002E000F1EE10FA1EDC0D46013989B244F61F60AA
:1002F000814217D808990520984798B1B5EEC08A71
:100300000023F1EE10FAC4F8B030019A84ED298A86
:10031000ACBF04230323A4F8A850C4F8B42084F885
:10032000A03003E0072384F8A030002003B0BDEC28
:10033000028B30BD00207047FFFF7F7F40B139B195
:1003400032B110B590F8A020042A044601D010BDA7
:100350007047D1ED007AD1ED016A91ED027A66EE37
:10036000A66A67EEA77A27EE077A77EEA67ADFED20
:10037000106A77EE877AB1EEE77AF0EEC77AF4EE9C
:10038000667AF1EE10FAE2D8D0ED2B7A80ED2C7A75
:10039000F4EEC77AF1EE10FAD9D8002BD7D0029933
:1003A000052098470028D2D0052384F8A03010BD3E
:1003B000FFFF7F7F78B1F8B50D46074639B1164685
:1003C0000024E0B231460134A847062CF9D10623B7
:1003D00087F8A030F8BD704770B52DED0C8B9FED00
:1003E000549AD0ED008A82ED009A82ED019A82ED56
:1003F000029AD1ED019A79EE899A1446B0EE690A13
:100400000D4606460BF0AEF928EE808AB0EE690A7A
:1004100038EE098A84ED008A0BF0DCF968EE808AF8
:1004200096ED01DA78EE89BA79EE688AC4ED01BA00
:10043000D5ED027A79EEA79AB0EE690A0BF092F93F
:100440002DEE00BAB0EE690A38EE0B8A3BEE09BA1F
:1004500084ED008A0BF0BEF92DEE00DA96ED02AACB
:100460007BEE8DBA78EECD8AC4ED01BAD5ED037A74
:1004700079EEA79AB0EE690A0BF074F92AEE00CA79
:10048000B0EE690A38EE0C8A3CEE0BBA84ED008AB5
:100490000BF0A0F92AEE00AAD6ED03AA7BEE8ABAE9
:1004A00078EECA8AC4ED01BAD5ED047A79EEA79A3E
:1004B0003CEE09CAB0EE690A0BF054F96AEE80CA44
:1004C000B0EE690A3CEE888A3CEE8BBA84ED008A75
:1004D0000BF080F939EE4D7A6AEE807A37EE4A7A7F
:1004E00039EE4AAA77EEABBA78EEE78A3AEE67AA17
:1004F0003CEE8CCA37EE677A7CEE89CA79EE677A71
:10050000C4ED01BAC4ED029AC4ED038A84ED078AF2
:1005100084ED047A84ED08BA84ED05AA84ED09CA55
:10052000C4ED067AC4ED0ACABDEC0C8B70BD00BFE9
:1005300000000000F0B52DED048B04468DB015468B
:1005400001AAF0EE408AB0EE609A1E46169FFFF7B1
:1005500043FF9DED017ADDED027A94F85C3078EE90
:10056000C78A39EE679AB3B194ED188A9DED037A84
:10057000DFED307A38EE478AB4EEE78AF1EE10FA12
:1005800047DD9FED2D7A38EE478AB4EEE78AF1EE2B
:1005900010FAF8DC01E09FED298AF0EE490AB0EE8E
:1005A000680A0BF0B7F886ED000AD4ED197A68EE08
:1005B000A88A68EE277A29EE099A67EEA77A78EE7C
:1005C000898A78EEA78AF1EEE87AC5ED007A1FB144
:1005D00087ED008AD5ED007A9FED197AF0EEE77A83
:1005E000F4EE477AF1EE10FA0ED8D6ED007AF0EE7E
:1005F000E77AF4EE477AF1EE10FA94BF012000207A
:100600000DB0BDEC048BF0BD00200DB0BDEC048B33
:10061000F0BDDFED0C7AB4EEE78AF1EE10FABCD54E
:100620009FED057A38EE078AB4EEE78AF1EE10FA0C
:10063000F8D4B2E7DB0F4940DB0FC94000000000EF
:10064000FFFF7F7FDB0F49C0002834D010B5702238
:10065000044600210CF011FB1748184A2060184886
:10066000E262606022631748174AA060626217481E
:10067000174AE060A2621748174A1849206162636E
:100680001748A1614FF07E52E1616061154916483B
:10069000A2652822154BDFF85CC021626065144911
:1006A00084F86C200120C4F84CC0236584F85C00F9
:1006B0006166A36610BD704733F3D143368D274082
:1006C00066E6F5420000F8424EE43D40B81E504355
:1006D000DB0FC93F4EE43DC0DB0F4940368D27C0DC
:1006E000DB0FC9BFDB0F49C0CDCC4C3E0AD7233C42
:1006F0000000C8420000A040002800F0E28190ED18
:10070000137ADFEDD37AF0EEC76AF4EE676AF1EEA2
:1007100010FA00F2D481D0ED146AB0EEE66AB4EEBD
:10072000676AF1EE10FA00F2CA8190ED156AF0EEF8
:10073000C65AF4EE675AF1EE10FA00F2C08190ED5D
:10074000165AF0EEC55AF4EE675AF1EE10FA00F2BE
:10075000B681D0ED185AF0EEE55AF4EE675AF1EE94
:1007600010FA00F2AC81D0ED195AF0EEE54AF4EE41
:10077000674AF1EE10FA00F2A281D0ED1A4AB0EE0B
:10078000E44AB4EE674AF1EE10FA00F29881B5EE51
:10079000C07AF1EE10FA00F19281F5EEC06AF1EE46
:1007A00010FA00F18C81B5EEC06AF1EE10FA40F259
:1007B0008681B5EEC05AF1EE10FA40F28081F5EE76
:1007C000C05AF1EE10FA00F17A81F5EEC04AF1EE6E
:1007D00010FA40F2748130B52DED048B90F85C3046
:1007E0008DB00C4615462BB1F5EEC05AF1EE10FA5D
:1007F00040F2688190F86C30013B632B00F262811B
:1008000090ED007ADFED927AF0EEC76AF4EE676A57
:10081000F1EE10FA00F25681B5EEC07AF1EE10FA60
:1008200040F2508190ED017AF0EEC76AF4EE676A0B
:10083000F1EE10FA00F24681B5EEC07AF1EE10FA50
:1008400040F2408190ED027AF0EEC76AF4EE676AFA
:10085000F1EE10FA00F23681B5EEC07AF1EE10FA40
:1008600040F2308190ED037AF0EEC76AF4EE676AE9
:10087000F1EE10FA00F22681B5EEC07AF1EE10FA30
:1008800040F2208190ED046AB0EEC67AB4EE677A49
:10089000F1EE10FA00F21681D0ED096AB0EEE67AB8
:1008A000B4EE677AF1EE10FA00F20C8190ED0E7A58
:1008B000B0EEC77AB4EE677AF1EE10FA00F2028178
:1008C000B4EEE66AF1EE10FA00F3FC8090ED056AF2
:1008D000B0EEC67AB4EE677AF1EE10FA00F2F2806A
:1008E000D0ED0A6AB0EEE67AB4EE677AF1EE10FA6D
:1008F00000F2E88090ED0F7AB0EEC77AB4EE677A36
:10090000F1EE10FA00F2DE80B4EEE66AF1EE10FAD3
:1009100000F3D88090ED066AB0EEC67AB4EE677A3E
:10092000F1EE10FA00F2CE80D0ED0B6AB0EEE67A6E
:10093000B4EE677AF1EE10FA00F2C48090ED107A0E
:10094000B0EEC77AB4EE677AF1EE10FA00F2BA8030
:10095000B4EEE66AF1EE10FA00F3B48090ED076AA7
:10096000B0EEC67AB4EE677AF1EE10FA00F2AA8021
:10097000D0ED0C6AB0EEE67AB4EE677AF1EE10FADA
:1009800000F2A08090ED117AB0EEC77AB4EE677AEB
:10099000F1EE10FA00F29680B4EEE66AF1EE10FA8B
:1009A00000F3908090ED086AB0EEC67AB4EE677AF4
:1009B000F1EE10FA00F28680D0ED0D6AB0EEE67A24
:1009C000B4EE677AF1EE10FA7CD890ED127AB0EEC0
:1009D000C77AB4EE677AF1EE10FA73D8B4EEE66A2D
:1009E000F1EE10FA6EDC002C6CD0002D6AD0D4ED44
:1009F000008AB0EE678AF0EEE87AF4EE487AF1EE1B
:100A000010FA5FD8D4ED017AF0EEE77AF4EE487A86
:100A1000F1EE10FA56D8D4ED027AF0EEE77AF4EE61
:100A2000487AF1EE10FA4DD8D4ED037AF0EEE77A79
:100A3000F4EE487AF1EE10FA44D8D4ED047AF0EEF0
:100A4000E77AF4EE487AF1EE10FA3BD802E000BF04
:100A5000FFFF7F7F01AA2146FFF7BEFCB0EE680AC8
:100A60000AF080FE9DED019A69EE008AC5ED008ACC
:100A700094ED000A0AF0AEFEF0EEE88ADDED027AAF
:100A800029EE009AF4EE488AF1EE10FA85ED019A0B
:100A9000C5ED027A16D8B0EEC99AB4EE489AF1EED6
:100AA00010FA0FD8F0EEE77AF4EE487AF1EE10FA89
:100AB00094BF012000200DB0BDEC048B30BD0020A0
:100AC0007047704700200DB0BDEC048B30BD00BFF7
:100AD0002DE9F04F2DED108BAFB00446489D0E462A
:100AE0009A463DB14FF0FF436B60AB6001232B7022
:100AF00000232B73002C00F0E88594ED137ADFEDD2
:100B0000DF7AF0EEC76AF4EE676AF1EE10FA00F2EF
:100B1000DC85D4ED146AB0EEE66AB4EE676AF1EEF5
:100B200010FA00F2D28594ED156AF0EEC65AF4EE92
:100B3000675AF1EE10FA00F2C88594ED165AF0EEFD
:100B4000C55AF4EE675AF1EE10FA00F2BE85D4ED04
:100B5000185AF0EEE55AF4EE675AF1EE10FA00F288
:100B6000B485D4ED195AF0EEE54AF4EE674AF1EE99
:100B700010FA00F2AA85D4ED1A4AB0EEE44AB4EEB7
:100B8000674AF1EE10FA00F2A085B5EEC07AF1EEF8
:100B900010FA00F19A85F5EEC06AF1EE10FA00F154
:100BA0009485B5EEC06AF1EE10FA40F28E85B5EE8E
:100BB000C05AF1EE10FA40F28885F5EEC05AF1EE17
:100BC00010FA00F18285F5EEC04AF1EE10FA40F21B
:100BD0007C8594F85C3007932BB1F5EEC05AF1EEAA
:100BE00010FA40F2728594F86C301793013B632B36
:100BF00000F26B8594ED007ADFEDA07AF0EEC76A23
:100C0000F4EE676AF1EE10FA00F25F85B5EEC07A95
:100C1000F1EE10FA40F2598594ED017AF0EEC76AD0
:100C2000F4EE676AF1EE10FA00F24F85B5EEC07A85
:100C3000F1EE10FA40F2498594ED027AF0EEC76ABF
:100C4000F4EE676AF1EE10FA00F23F85B5EEC07A75
:100C5000F1EE10FA40F2398594ED037AF0EEC76AAE
:100C6000F4EE676AF1EE10FA00F22F85B5EEC07A65
:100C7000F1EE10FA40F2298594ED047AF0EEC76A9D
:100C8000F4EE676AF1EE10FA00F21F8594ED096A3E
:100C9000F0EEC66AF4EE676AF1EE10FA00F215851E
:100CA000D4ED0E6AF0EEE65AF4EE675AF1EE10FA61
:100CB00000F20B85B4EEC76AF1EE10FA00F105857B
:100CC00094ED056AB0EEC67AB4EE677AF1EE10FAEA
:100CD00000F2FB84D4ED0A5AB0EEE57AB4EE677AFE
:100CE000F1EE10FA00F2F18494ED0F7AB0EEC77ACB
:100CF000B4EE677AF1EE10FA00F2E784F4EEC65A29
:100D0000F1EE10FA00F1E18494ED066AB0EEC67AD5
:100D1000B4EE677AF1EE10FA00F2D784D4ED0B5AF4
:100D2000B0EEE57AB4EE677AF1EE10FA00F2CD8417
:100D300094ED107AB0EEC77AB4EE677AF1EE10FA5D
:100D400000F2C384F4EEC65AF1EE10FA00F1BD844D
:100D500094ED076AB0EEC67AB4EE677AF1EE10FA57
:100D600000F2B384D4ED0C5AB0EEE57AB4EE677AB3
:100D7000F1EE10FA00F2A98494ED117AB0EEC77A80
:100D8000B4EE677AF1EE10FA00F29F84F4EEC65AE0
:100D9000F1EE10FA00F19984D4ED085AB0EEE57A3C
:100DA000B4EE677AF1EE10FA00F28F8494ED0D6ADA
:100DB000B0EEC67AB4EE677AF1EE10FA00F28584EE
:100DC00094ED127AB0EEC77AB4EE677AF1EE10FACB
:100DD00000F27B84F4EEC65AF1EE10FA00F375844B
:100DE000002E00F07284BAF1000F00F06E8496EDD0
:100DF000007AB0EEC77AB4EE677AF1EE10FA00F23C
:100E0000648496ED017AB0EEC77AB4EE677AF1EEBB
:100E100010FA00F25A8496ED027AB0EEC77AB4EE78
:100E2000677AF1EE10FA00F25084002A00F05F8435
:100E300092ED007AF0EEC76AF4EE676AF1EE10FA0E
:100E40008AED007A00F2418492ED017AF0EEC76AF1
:100E5000F4EE676AF1EE10FA8AED017A00F2358459
:100E600092ED027AF0EEC76AF4EE676AF1EE10FADC
:100E70008AED027A00F229840EE000BFFFFF7F7F37
:100E8000BD3786356F12833ADB0F4940DB0FC9400F
:100E900000000000FFFF7F7F92ED037AF0EEC76A4B
:100EA000F4EE676AF1EE10FA8AED037A00F20D842F
:100EB00092ED047A8AED047AF0EEC76AF4EE676A7E
:100EC000F1EE10FA00F20184DAED007A94ED048A72
:100ED000B4EEE78AF1EE10FA08DC94ED098AF4EE3C
:100EE000C87AF1EE10FAD8BFB0EE678A8AED008AB0
:100EF0009AED017AD4ED057AF4EEC77AF1EE10FAA4
:100F000008DCD4ED0A7AB4EEE77AF1EE10FAD8BF35
:100F1000F0EE477ACAED017A9AED027AD4ED067ABC
:100F2000F4EEC77AF1EE10FA08DCD4ED0B7AB4EEE9
:100F3000E77AF1EE10FAD8BFF0EE477ACAED027AFE
:100F40009AED037AD4ED077AF4EEC77AF1EE10FA4F
:100F500008DCD4ED0C7AB4EEE77AF1EE10FAD8BFE3
:100F6000F0EE477ACAED037A9AED047AD4ED087A66
:100F7000B4EEE77AF1EE10FA08D4D4ED0D7AB4EEBF
:100F8000E77AF1EE10FAD8BFF0EE477ACAED047AAC
:100F900096ED009AD6ED018AB0EE490AF0EE680AA5
:100FA0000AF0B8FB5FED4B7AB4EE670AF1EE10FA87
:100FB000B0EE40EA00F289835FED4F7A96ED027A57
:100FC000B4EEE70AF1EE10FA8DED037A32DDF0EEC1
:100FD000490AB0EE680A0AF09BFB5FED557A30EEE5
:100FE000480AB4EEE70AF1EE10FA40F3A7831FEDCA
:100FF000597A30EE470AB4EEE70AF1EE10FAF8DC5F
:10100000D4ED047A1FED627A30EE080A77EEC77AE3
:10101000F4EEC07AF1EE10FA00F2C183D4ED097A51
:1010200077EE877AF4EEC07AF1EE10FAC0F2B78369
:101030008AED000A1AAB0093DDED030AB0EE4E0A0A
:1010400019AB18AA51462046FFF774FA002800F0A1
:10105000FA83DDED197A5FED72DA089600235646C1
:10106000CDED067A09938DED04EAAA461FED7B7A51
:10107000D4ED130AD4ED167AF4EEC70AF1EE10FAA5
:10108000D4BFB0EE478AB0EE608A9DED067AF4EEEA
:10109000C77AF1EE10FAC0F28483079B002B00F0B0
:1010A0005F839DED1A7AD4ED1A6AB0EEC76AB4EE8A
:1010B000E66AF1EE10FA40F277860DF18C0B5A4693
:1010C00031462046FFF788F9DDED047A9DED230ACD
:1010D0009DED24AA9DED264A9DED273ADDED284A97
:1010E0009DED295ADDED2A5ADDED2B6A9DED2C7A16
:1010F000DDED2D1A37EEC00ADDED037A37EECAAA10
:10110000DDED257A94ED186A36EE676A5FEDA27A16
:10111000B4EEE76AF1EE10FA40F397835FEDA53A7B
:1011200036EE636AB4EEE76AF1EE10FAF8DCD4ED5D
:10113000197A5FEDA98A27EE861A27EEA76A76EE5E
:10114000288A78EE868A78EE868A78EE868A68EE35
:10115000080A25EE848A26EE839A25EEA52A38EE23
:101160002D8A27EE846A66EEA63A38EE098A32EEB8
:101170002D2A27EE839A36EE2D6A32EE232A36EE9A
:10118000096A67EEA52A27EE079A72EEAD2A32EEBB
:10119000092A64EE043A27EEA69A73EEAD3A72EE8F
:1011A000892A23EE039A70EEA88A73EE893A24EE18
:1011B000879A1FEDC8DA38EE098A27EEA49A36EE30
:1011C000096A21EEA19A32EE092A27EE879A32EEB9
:1011D000202A72EE892A24EEA49A73EE893A21EE2F
:1011E000859A38EE098A27EE859A28EE28CA36EEC7
:1011F000096A27EEA19A72EE892A25EE059A66EE13
:1012000022AA73EE893A22EE289A73EEA03A62EE91
:10121000A20A68EE229A39EE609A66EE020A69EE38
:1012200023BA79EEE09A7CEE6A0A60EE880A7BEED9
:10123000E0BA69EE860A7BEEA0BAB0EEEBBAB4EE85
:101240004DBAF1EE10FA00F2FE82DFEDF20AB4EED2
:10125000E0BAF1EE10FA40F2F68289EE2BBA7AEE9D
:10126000CCAA23EEA89A63EEA22ACAEEAB8AC9EEF4
:10127000ABAA66EE069A28EE066A39EE699A36EE51
:10128000626AC9EE2BCA86EE2B9AB0EECB6AB4EE38
:101290004D6AF1EE10FA00F2D682B0EEE86AB4EED2
:1012A0004D6AF1EE10FA00F2CE82B0EEEA6AB4EEC8
:1012B0004D6AF1EE10FA00F2C682B0EEEC6AB4EEBE
:1012C0004D6AF1EE10FA00F2BE82B0EEC96AB4EED9
:1012D0004D6AF1EE10FA00F2B68223EE826A28EE31
:1012E000088A36EE486AC6EE2B9AB0EEE96AB4EE8A
:1012F0004D6AF1EE10FA00F2A6826BEE032A2BEE95
:10130000042A6BEE243A2BEE058A72EEAD2A28EE03
:10131000A6BA73EEAD3A72EE8B2A28EE87BA28EEA3
:10132000A56A73EE8B3A32EE2D2A28EEA1BA38EE7A
:101330002D8A32EE062A38EE0B8A28EE846A2AEECF
:10134000A7BA28EE83DA78EE0BEA36EE2D6A2CEE99
:10135000A58A28EEA4CA36EE086A3DEE2DDA2CEEF8
:10136000A68A68EE858A3DEE08DA3CEE2DCA2CEEA0
:10137000878A78EEAD8A6CEEA1CA3CEE08CA78EE98
:10138000AC8A6AEE84BA69EE27CA32EE0B2A3CEECA
:101390002CEA72EE8B2A38EEACCA73EE8B3A69EE09
:1013A000258A2AEE83BA7BEEADBA2AEEA48A7BEEBA
:1013B000A8BA3BEE2DBA69EE268A6AEE85AA3BEE04
:1013C00028BA38EE2D8A69EE078A7AEEADAA29EEA0
:1013D000219A69EEA79A36EE2C6A38EE288A7AEEC0
:1013E00089AA22EE009A3DEE2CDA7BEEA9BA78EEBD
:1013F00029CA3BEE29BA7AEEA9AA20EE2E8A60EE1F
:10140000229A60EE238A39EE2D9A26EE0A0A79EEA8
:10141000AD9A39EE009A2AEE0D0A78EEAD8A79EE91
:10142000809A2AEE0E0A38EE2D8A78EE808A2BEE0C
:10143000810A2AEE0CAA39EE009A2BEE010A38EE48
:101440000A8A79EE809A2CEE810A2AEE811A78EEC9
:10145000808A38EE018A94ED141A96ED010ACDEDDA
:101460000CEAB5EEC01AF1EE10FA8DED0BDACDED07
:101470000FBA8DED10BACDED11CACDED12AA94EDD3
:1014800005AAD4ED06AAD6ED02CA94ED07BA96EDE8
:1014900003DAD4ED08BAD6ED04EA8DED0A6A8DEDD3
:1014A000050A00F3E481F0EEC97AF5EEC07AF1EEB8
:1014B00010FAD8BFF0EE6D7AB0EEE97AB4EEE77AC2
:1014C000F1EE10FAD8BFB0EE677AF0EEE87AF4EEFB
:1014D000C77AF1EE10FAD8BFF0EE477AB0EEC87ACC
:1014E000B4EEE77AF1EE10FAD8BFB0EE677AD4ED39
:1014F000157AF4EEC77AF1EE10FA00F19981D6F878
:10150000009000271DAD4FF0010808FA07F307EE21
:10151000103AB8EEC77AF7EE007AC7EE877ACDF8C0
:101520007890DDED056A27EE897A37EE267AB4EEFB
:10153000CA7AF1EE10FA00F1D780D4ED0AFAB4EECF
:10154000EF7AF1EE10FAD8BFF0EE47FA27EEA97A5B
:10155000CDED1FFA37EE2C7AB4EEEA7AF1EE10FAFE
:1015600000F1BF80D4ED0B6AB4EEE67AF1EE10FA2A
:10157000D4BFB0EE47CAB0EE66CA28EEA77A8DEDAA
:1015800020CA37EE0D7AB4EECB7AF1EE10FA00F104
:10159000A58094ED0C6AB4EEC67AF1EE10FAD4BFD1
:1015A000B0EE47EAB0EE46EA67EE887A8DED21EAC2
:1015B00077EEAE7AF4EEEB7AF1EE10FA00F18B8072
:1015C00094ED0D6AF4EEC67AF1EE10FAD4BFB0EEE7
:1015D00067FAB0EE46FADDED030A9DED040A0095C8
:1015E0001CAB1BAA1EA920468DED22FAFEF7A2FF16
:1015F000002800F02881DDED1B7ADDED185AF4EEAD
:10160000E57AF1EE10FA00F19F830137062F7FF49F
:101610007CAF0DE0BD37863500000000DB0F49C010
:10162000DB0FC9400AD7A33CCDCC4C3DBD37863536
:101630005546B246089E002D00F0E1805A465146BC
:101640002046FFF759F8002800F06F8396ED006AF6
:1016500096ED017ADDED237ADDED246A77EEC67A28
:1016600076EEC76A96ED026A9DED257A66EEA66A69
:1016700067EEA77A37EE467A77EEA67A27EE077AF4
:1016800077EE877AF1EEE76A079B94ED167AC5ED5F
:10169000016A002B76D0DDED066ADDED1A7A099B32
:1016A0002B73B4EEE67AF0EEE77AF1EE10FAC5EDC0
:1016B000027A72DB94ED1A7AF4EEC77AF1EE10FA40
:1016C0006BD800232B70002000E001202FB0BDEC70
:1016D000108BBDE8F08FB0EE6BFA7CE7B0EE4BEA12
:1016E00062E7B0EE6ACA48E7F0EE4AFA2EE7CAEDC2
:1016F000006A94ED0F7AF0EEC76AF4EE676AF1EED5
:1017000010FA8AED017AE0D894ED107AF0EEC76A0B
:10171000F4EE676AF1EE10FA8AED027AD5D894ED0C
:10172000117AF0EEC76AF4EE676AF1EE10FA8AED0C
:10173000037ACAD894ED127AFFF7BCBB5FED497A01
:10174000B4EEE70AF1EE10FA7FF55AAC1FED4C7AD1
:1017500030EE070AB4EEE70AF1EE10FAF8D44FE4DF
:101760005546B246089E002DADD0514623AA2046CC
:10177000FEF7C2FF00287FF469AF4FF0FF4394EDFE
:10178000167A6B60DDED067A099A2A73B4EEE77A71
:101790000023F1EE10FAAB6093DA02232B700220E3
:1017A00094E70DF18C0B5A4631462046FEF714FEA5
:1017B000DDED047A9DED230A9DED24AA079B9DEDA6
:1017C000264A9DED273ADDED284A9DED295ADDEDAB
:1017D0002A5ADDED2B6A9DED2C7ADDED2D1A37EEC0
:1017E000C00ADDED037A37EECAAA002B7FF488AC7D
:1017F0005FED778AF0EE687AB0EE681AA7E4D4ED70
:10180000167A9DED067AB4EEE77AF1EE10FAC6D8B4
:10181000079B002B3FF457AFD4ED1A6A9DED1A7A5F
:10182000B0EEC77AB4EEE67AF1EE10FAB7D84AE72E
:10183000C7EE876A29EE269A69EEA69A68EEA68A0E
:1018400028EE268A5BE6032040E75FED8C7AB4EE53
:10185000E76AF1EE10FA7FF56AAC5FED8F3A36EE8B
:10186000236AB4EEE76AF1EE10FAF8D45FE4B0EE62
:10187000406A94ED0A0A70EE4AFAB6EE00FA2FEECC
:101880008FFAD4ED0FFAB4EEE0FAF1EE10FA7FEE33
:10189000C6FA40F3568230EE0A0AF6EE000A20EE4F
:1018A000200A76EE400AB5EE006A80EE8F0AB7EEA7
:1018B00000FA60EE000A7FEE600AF4EEC60AF1EE6E
:1018C00010FA40F13E82B1EE40FA1FEDAA0AF4EEA2
:1018D000C00AF1EE10FAD8BFF0EE400A8FEE200AEF
:1018E0005FEDAF0A60EE200A3FEEA06AD4ED0B0A6E
:1018F000D4ED10FA8DED0D6A30EEEA0AB6EE00FA7C
:1019000020EE0F0A3FEEEC6A5FEDB8FAB4EEEF0A94
:10191000F1EE10FA40F3128270EEAA0A60EE8F0A1E
:10192000B7EE00FA7CEEE00AC0EE80FAB5EE000AEF
:101930006FEEAF0A7FEE600AF4EEC00AF1EE10FA25
:1019400040F1FC811FEDC90AF4EEC00AF1EE10FA75
:10195000D8BFF0EE400AB1EE6FFA8FEE200A5FEDCD
:10196000CE0A60EE200A36EE206AD4ED0C0AD4EDE1
:1019700011FA8DED0E6A30EECB0AB6EE00FA20EECB
:101980000F0A3FEECD6A5FEDD7FAB4EEEF0AF1EE43
:1019900010FA40F3D08170EE8B0A60EE8F0AB7EE3A
:1019A00000FA7DEE600AC0EE80FAB5EE000A6FEE36
:1019B000AF0A7FEE600AF4EEC00AF1EE10FA40F1D1
:1019C000BA819FEDF40AF4EEC00AF1EE10FAD8BF26
:1019D000F0EE400AB1EE6FFA8FEE200ADFEDEE0A6C
:1019E00060EE200A36EE206AD4ED0D0AD4ED12FA2C
:1019F0008DED136A30EEEB0AB6EE00FA20EE0F0A18
:101A00003FEEEE6ADFEDE5FAB4EEEF0AF1EE10FA22
:101A100040F38E8170EEAB0A60EE8F0AB7EE00FAEB
:101A20007EEEE00AC0EE80FAB5EE000A6FEEAF0A75
:101A30007FEE600AF4EEC00AF1EE10FA40F1788110
:101A40009FEDD40AF4EEC00AF1EE10FAD8BFF0EE22
:101A5000400AB1EE6FFA8FEE200ADFEDCF0A60EE9A
:101A6000200A76EE200A9DED0F6ACDED140A27EECE
:101A7000860A9DED106A8DED0F0A67EE86FA9DEDE0
:101A8000116ACDED10FA27EE86FA9DED126A8DED02
:101A900011FA67EE860A9DED0C6ADFEDC17A22EE3F
:101AA00004FA22EE840A63EE84FA26EE044A3FEE3C
:101AB00027FA34EE274A30EE270AB0EE446A9DED4D
:101AC0000A4A24EE254A7FEEA7FA34EE0F4A9DED2E
:101AD0000FFA34EE0F4A9DED0DFA24EE0F4A34EE64
:101AE000274A8DED124A22EE034A34EE27FA9DED85
:101AF0000B4A24EE254A34EE004A9DED100A34EEDE
:101B0000004A9DED0D0A24EE004A34EE274A8DED81
:101B1000154A22EE834A34EE270A2EEE254A65EE58
:101B20008C5A34EE2F4A75EE865ADDED11FA9DED92
:101B30000C6A34EE2F4A75EEA05ADDED0DFA65EE13
:101B4000AF5A24EE2F4A75EEA7FA63EE835A26EEBB
:101B5000033A75EEA75A9DED0A6ACDED165A66EE68
:101B6000265A9DED126A75EE8F5A9DED0FFA7FEEA3
:101B7000255A9DED0EFA65EE8F5A33EE273A75EE33
:101B8000865A9DED156ACDED125A62EE245A34EE56
:101B9000274A35EEA7FADDED0B5A65EEA65A22EE7E
:101BA000052A75EE805A9DED100A70EE255A9DEDBE
:101BB0000E0A65EE805A32EE272A35EE860A64EE6A
:101BC000A25A9DED166A8DED150A35EEA70A6EEE46
:101BD000265A6CEE266A75EE865A76EE836A9DED7D
:101BE000113A9DED0A6A73EE255A70EEA66A9DEDD4
:101BF0000E3A66EE836A65EE835A76EEAF6ADDEDE5
:101C00000CFA9DED143A62EE852A35EE844A64EEB4
:101C1000A35A64EEAF4A63EE853A2FEE855A72EE10
:101C2000A72A75EEA75A74EEA74A35EE275A73EE27
:101C3000A73A66EE077A26EE216A77EE8F7A36EEBD
:101C4000026A9DED0F2A9DED12FADDED0DFA72EE9E
:101C5000277A32EE066A9DED132A67EE827A26EE27
:101C6000036A77EE8F7A36EE276A7FEEC67A9DEDAD
:101C70000B6A67EE817A39EE279A66EE077A26EECE
:101C8000216A77EE807A36EE226ADDED102A9DED2C
:101C9000150A72EEA77A32EE866A67EE827A26EE2F
:101CA000036A77EE807A36EE276ADDED0E7A77EEFC
:101CB000C67A2EEE076A67EE817A2CEE077A36EE48
:101CC000256A79EEA79A77EE245A61EE8C7ADDEDDB
:101CD000114A21EE8E7A77EE857A37EE237A34EE4A
:101CE000865A70EEA55A34EE877A70EEA77A25EE02
:101CF000025A25EE826A35EE045A76EE266A27EEFF
:101D0000037A67EE837A37EE057A77EEA67A32EEBB
:101D1000477A73EE677A27EE017A67EE817A78EE7A
:101D2000878A38EE278AFFF7BEBBDFED1E6AABE479
:101D3000DFED1B0A95E6DFED1A0A53E6DFED180A20
:101D400011E6DFED170ACFE5099BCDED187A0133D7
:101D5000DAB21D9B1A93B0EE4F7A179B0992B0EE40
:101D60004EFAB0EE4CEAB0EE6FCAF0EE47FA9DEDD7
:101D70001C7A86ED01CA9A428DED067A86ED02EA5A
:101D800086ED03FAC6ED04FA8DED197AFFF46EA91B
:101D90004EE400BF0AD7A33CCDCC4C3DBD378635C1
:101DA000000000000000807F5546B246089E15B135
:101DB0000DF18C0B42E49DED066AB4EEE76AF1EE9C
:101DC00010FA7FF62DADEAE4002800F094802DE9AA
:101DD000F04F15469DB0002A7FD04B1E5E2B0C465F
:101DE0007BD80A466C44014604A80AF0D8FF0023B9
:101DF0002B6023746B60AB60EB602B616B6104A89C
:101E0000C0490AF042FF002800F0478104AB984225
:101E10000DD010F8013C2F2B6FD81F2B61D80D2B44
:101E200067D842F2016222FA03F3DE0761D54479F2
:101E30002B2C00F0C5802D2C00F0C88005306FF0F1
:101E4000004A0122A4F1300E5FFA8EF3092B44D828
:101E50000023CDE90125AC4E19464FF0CC3B12E0F2
:101E6000FF18427841EB0404FF1964411EEB07039D
:101E7000A2F1300E49EB04015FFA8EF4092C00F157
:101E800001073DD83846BAEB0E074FEAEE7969EB09
:101E900049057A1942F10002A6FB02C828F0030C9A
:101EA0000CEB980CA2EB0C02BA1A0BFB02F765F1D3
:101EB000000506FB0575A2FB062CAC44520842EA5D
:101EC000CC729A424FEA5C0C4FEA81047CEB010C25
:101ED00044EA93744FEA8307C2DA00201DB0BDE8DC
:101EE000F08F203BDBB249F2010222FA03F3DF0755
:101EF0009DD4013084E7002070475F2BF9D196E72D
:101F00001446DDE90125013208BF5B422C2C6B60D1
:101F1000E3D17A782B2A00F0D4812D2A00F0E981D0
:101F2000A2F13007FBB2092BD7D800F1020C4FF019
:101F300001096FF0004B00237348CDF804901C4654
:101F40004FF0CC3811E0C9189CF8012044EB06068C
:101F5000491876417B18A2F13007F9B24EEB06041E
:101F600009290CF1010638D8B446BBEB07064FEA45
:101F7000E77E6EEB4E01721842F10002A0FB029A5E
:101F80002AF0030909EB9A09A2EB0902B21A61F1DE
:101F9000000108FB02F900FB0199A2FB002ACA44D8
:101FA000520842EACA729A424FEA5A0A4FEA840633
:101FB0007AEB040A46EA93764FEA8301C3DA8CE7A8
:101FC00084796FF0004A063001223BE784794FF0B4
:101FD000004A06304FF0FF3234E7DDF80490B9F1E3
:101FE000FF3F08BF5B422C2AAB607FF476AF72786C
:101FF0002B2A00F0D1812D2A00F0E681A2F13007D2
:10200000FBB2092B3FF669AF0CF1020C4FF001094E
:102010006FF0004B00233C48CDF804901C464FF075
:10202000CC380FE0C9181CF8012F44EB06064918FC
:1020300076417B18A2F13007F9B24EEB060409296C
:1020400000F29081BBEB07064FEAE77E6EEB4E0194
:10205000721842F10002A0FB029A2AF0030909EB70
:102060009A09A2EB0902B21A61F1000108FB02F918
:1020700000FB0199A2FB002ACA44520842EACA7234
:102080009A424FEA5A0A4FEA84067AEB040A46EA71
:1020900093764FEA8301C5DA1FE7824604A81B49FD
:1020A0000AF0F3FD002879D004AB98420ED010F866
:1020B000013C2F2B00F294801F2B65D80D2B6BD881
:1020C00042F2016222FA03F3D90765D502792B2A7D
:1020D00000F0ED802D2A00F0FE80A2F13006F3B270
:1020E000092B3FF6FAAE071D4FF0010B6FF00048C9
:1020F0000023CDE901ABDFF810C018464FF0CC3912
:1021000017E000BF14E00008CDCCCCCC1CE00008E8
:10211000C9187A7840EB0404491864417318A2F195
:102120003006F1B24EEB0400092907F1010E5AD82E
:102130007746B8EB06044FEAE67E6EEB4E01621876
:1021400042F10002ACFB02AB2BF0030A0AEB9B0A44
:10215000A2EB0A02A21A61F1000109FB02FA0CFBD0
:1021600001AAA2FB0C2BD344520842EACB729A423A
:102170004FEA5B0B4FEA80047BEB000B44EA93745D
:102180004FEA8301C4DAA8E6203BDBB249F2010240
:1021900022FA03F3DC0799D4013080E7BAF1000F8B
:1021A00040F08280964B049A9A4200F0EF80944B64
:1021B000049A9A4200F0FA80924B049A9A420BD009
:1021C000BDF8102045F25A439A427FF486AE9DF83E
:1021D0001230002B7FF481AE04232B7001207DE6AA
:1021E0005F2BD9D172E7DDE901ABBBF1FF3F0CBF3B
:1021F0005C421C465F2A2C617FF46FAE9EF8011092
:102200002B2900F0BC802D2900F0D68007F10208B0
:102210006FF0004E0122A1F13006F3B2092B3FF618
:102220005CAE0023CDE901A4774F039218464FF02E
:10223000CC390EE0C91840EB040449186441731806
:1022400018F8011FA1F13006F2B24CEB0400092A84
:102250005DD8BEEB06044FEAE67C6CEB4C016218DD
:1022600042F10002A7FB02AB2BF0030A0AEB9B0A28
:10227000A2EB0A02A21A61F1000109FB02FA07FBB4
:1022800001AAA2FB072BD344520842EACB729A421E
:102290004FEA5B0B4FEA80047BEB000B44EA93743C
:1022A0004FEA8301C6DA18E601236B7095E742799D
:1022B000A2F13006F3B2092B00F105077FF614AF47
:1022C0000BE6BA78A2F13007FBB2092B00F1030C40
:1022D0007FF62DAE01E64279A2F13006F3B2092B6A
:1022E00000F105073FF6F9AD4FF0FF3B4FF0004816
:1022F000FEE6BA78A2F13007FBB2092B00F1030C1D
:102300003FF6EBAD4FF0FF394FF0004B13E6039A69
:10231000013208BF5B42B3F5803FDDE901A4BFF4A1
:10232000DCAD2F29AB8267D81F295BD80D293FF67A
:10233000D4AD42F20163CB40DB077FF5CEAD04F5AF
:10234000FA64B4F57A6F3FF6C8ADBAF1000F05D064
:1023500040F20113A5F8013003233EE70123AB70DF
:1023600002233AE7DDF80490B9F1FF3F08BF5B4272
:102370002C2AEB607FF4B1AD4FF0010A8EE6F978BC
:1023800007F103086FF0004E012244E7BDF8143056
:102390002F2B7FF40CAF1FE7B278A2F13007FBB20E
:1023A000092B0CF1030C7FF631AE96E59DF8143045
:1023B000002B7FF401AF0FE7F97807F103084FF026
:1023C000004E4FF0FF3226E7B278A2F13007FBB2A1
:1023D000092B0CF1030C3FF680AD4FF0FF394FF0A5
:1023E000004B17E6A1F12002D2B249F20103D3401B
:1023F000DA077FF572ADA2E75F297FF46EAD9EE745
:1024000053543A505A542F00CDCCCCCC4AB10B0681
:1024100007D4022801D830B9704780F08003022B1E
:1024200001D90020704700234FF0020C53609360E5
:10243000D0711360D36082F804C01172012070471C
:102440004FFA80FCBCF1000F19DDC3B14FF0000C56
:10245000C3F809C0C3F805C000F5C060C3F80CC0DC
:102460004FF0080C186083F804C0080A4FF0400CC5
:10247000587283F807C019729A72012070470020C1
:10248000704700BF4FFA80FC10B4BCF1000F019CF4
:1024900014DDBCB100F5C060E3720023C4F8053060
:1024A000A2722060E36008202F220B0A2071E271E3
:1024B0002172637201205DF8044B704700205DF8C3
:1024C000044B704720465DF8044B70474FFA80FC80
:1024D00010B4BCF1000F019C16DDCCB1A272082231
:1024E00000F5C0602271E372D3400022C4F80520D9
:1024F000E26020600A0A2B20E0712172627223736D
:1025000001205DF8044B704700205DF8044B7047D4
:1025100020465DF8044B70474FFA80FC10B4BCF1C4
:10252000000F019C1ADDECB1A272082200F5C06018
:1025300022710022E260C4F8052020600A0A2320EC
:10254000E372E0716272180A1A0C1B0E207321727A
:102550006273A37301205DF8044B704700205DF89F
:10256000044B704720465DF8044B7047002833D079
:10257000002931D0436823F07F43082B2CD1036816
:102580006FF4B06C63447E2B26D800230B604B6045
:102590008B60CB600368803B4B7003894B80837AF0
:1025A0000B71C379602B19D0802B1AD003F0E00295
:1025B000402A11D19A070FD502220A70DA0743BFC9
:1025C000C3F38103C3F10403DBB204234B71D0F8DE
:1025D0000B308B60012070470020704701230B7087
:1025E000F8E703230B70D0F80B30CB60F2E700BFA5
:1025F0000A2924D840F29A73CB40844613F0010094
:102600001CD04FFA8CF3002B19DDC2B100B50CF5CC
:10261000C0634FF0080C4FF0000E136082F804C046
:10262000602346F22F0CC2F809E0C2F805E0C2F8B8
:102630000CE0A2F807C05372D17200BD70470020B1
:10264000704700BF43B2002B19DDC2B10023C2F8AE
:1026500009304FF0080CC2F80530D36000F5C060B7
:1026600044F22B031060A2F80730602021FA0CF32B
:10267000507282F804C0D172137301207047002099
:10268000704700BF43B2002B17DDB2B1002300F545
:10269000C060C2F80930C2F80530D3604FF0080CB2
:1026A0001060602347F62320A2F8070082F804C0D8
:1026B0005372C2F80B10012070470020704700BF12
:1026C00043B2002B17DDB2B1002300F5C060C2F8A1
:1026D0000930C2F80530D3604FF0080C1060602359
:1026E0004FF62370A2F8070082F804C05372C2F8B4
:1026F0000B10012070470020704700BF43B2002B31
:1027000019DDC2B10023C2F80930C2F80530D36028
:1027100000F5C06047F22B134FF0080C1060A2F8D0
:1027200007306020C1F30723507282F804C0D172D1
:102730001373012070470020704700BF43B2002B85
:1027400017DDB2B1002300F5C060C2F80930C2F84D
:102750000530D3604FF0080C1060602348F223105E
:10276000A2F8070082F804C05372C2F80B100120CF
:1027700070470020704700BF43B2002B17DDB2B195
:10278000002300F5C060C2F80930C2F80530D360FC
:102790004FF0080C1060602348F22330A2F80700C5
:1027A00082F804C05372C2F80B1001207047002059
:1027B000704700BF43B2002B17DDB2B1002300F514
:1027C000C060C2F80930C2F80530D3604FF0080C81
:1027D0001060602348F22340A2F8070082F804C08A
:1027E0005372C2F80B10012070470020704700BFE1
:1027F00043B2002B15DDA1B10023C1F80930C1F8A7
:10280000053000F5C0604FF0080C44F24012CB6078
:102810006023086081F804C0A1F807204B720120F2
:1028200070470020704700BF10F04F030CD0402BC2
:102830001DD000F06F00232808D00BD8072807D040
:1028400021280BD1032070470120704704207047D6
:1028500006207047272801D1052070470F2B08D08C
:10286000A3F10800B0FA80F04009C00070470220D0
:1028700070470720704700BF0238C0B206289ABFD1
:10288000024B33F810000020704700BF20DD000825
:10289000036800EE103A704703681BBA00EE103A66
:1028A000704700BF18B1242200210AF0E6B9704732
:1028B000002800F0898008B51346A2B10278062AE4
:1028C00000F29480DFE802F02A652F4104551100E0
:1028D0000D2976D0A1F1AA01B1FA81F149090023AD
:1028E000017080F82230022008BD0A2990F82220C9
:1028F0006CD0931C202BEDD800EB020C013250FA67
:1029000082F24FF00D0E8CF802E04FF0030C80F8CD
:102910002230917080F800C0002008BDAA2904BFB1
:1029200001230370F8E78A1ED2B20023332A4170D4
:1029300080F8223034D8304B9B5C002B14BF03222C
:10294000042280F823300270E6E790F823C0BCF13F
:10295000FF0F27D090F822301F2BBBD85A1CD2B2C1
:102960000344944580F822209970D5D10423037044
:10297000D2E70A29AED14278002101701A7090F88E
:10298000222083F82120811C581C0AF008FA01201B
:1029900008BD552912D0AA29BED000230370BBE779
:1029A0000422CEE70D291ED090F822301F2B91D89B
:1029B000C218013380F822309170ADE70223037012
:1029C000AAE705230370A7E70220704741784FF07C
:1029D000000C80F800C0197083F82120811C581C5D
:1029E0000AF0DDF9D3E70623037095E724220021DE
:1029F0000AF043F977E700BF30DD0008F8B51C4660
:102A000083B1202A15460DD8069B571D9F4209D831
:102A10005AB1A9B145F2AA53A0702380E01C0AF074
:102A2000BEF906E000273846F8BD45F2AA532380D8
:102A3000A0702C4440F60D23A4F803303846F8BDAE
:102A40000F46F0E751B145F2AA5C0D220A238870C7
:102A5000A1F800C0CA700B71052070470846704786
:102A6000431E022B0DD861B1042345F2AA5C0D224E
:102A70008B700A23C870A1F800C00A714B71062040
:102A800070470020704700BF0246A8B3A9B308B53D
:102A900090F82130182B2DD10378062B03D026D99E
:102AA000333B022B26D8501CFFF7F2FE501D81ED60
:102AB000000AFFF7EDFE02F1090081ED010AFFF7C0
:102AC000E7FE02F10D0081ED020AFFF7E1FE02F1DF
:102AD000110081ED030AFFF7DBFE02F1150081ED25
:102AE000040AFFF7D5FE012081ED050A08BD023B6F
:102AF000012BD8D9002008BD70470846704700BF99
:102B000070B5044628B115461AB190F82130182B3B
:102B100001D0002070BD0129FBD80378062B03D01B
:102B200024D8023B012BF4D801290CBF114E124EC0
:102B3000601CB047601D85ED000AB04704F1090034
:102B400085ED010AB04704F10D0085ED020AB0479A
:102B500004F1110085ED030AB04704F1150085ED7D
:102B6000040AB047012085ED050A70BD333B022BF6
:102B7000CFD8D9E79928000891280008034610B15A
:102B80000AB10F2901D000207047017811F0FB0035
:102B9000F9D193F801C01CF0FD0C29D198790828CF
:102BA00025D8D3F8020000BA19B3B0F1005F1ED2E5
:102BB000002151609160D16010601978A1F1040189
:102BC000B1FA81F1490951715978A1F10201B1FAC3
:102BD00081F14909917199791171D3F80710D3F8EE
:102BE0000B30C2F80B300120C2F807107047604666
:102BF0007047B0F5006FDBD3C5E700BF78B369B3AA
:102C00000379082B2AD84379026823BBB2F5006FF9
:102C100024D200230B604B608B60C1F80B304379EA
:102C20009B000B7083795B004B7003684B714FEA1C
:102C3000136C1A0C1B0A81F802C0CA700B7103795D
:102C40008B71D0F80730D0F80B20C1F80B20C1F8F9
:102C500007300F207047B2F1005FDAD300207047D1
:102C6000034620B1426802F0FF12082A01D000207A
:102C7000704740791A68F0B96FF4C0610A447E2A3F
:102C8000F6D8DA792B2AF3D19A7A002AF0D1DA68C9
:102C900022F07F4222F0FF02002AE9D1198946F290
:102CA00040029142E4D1B3F80B0020F00200B0FAE8
:102CB00080F040097047C2F304610429D7D112F0B3
:102CC000FF00D5D01006D2D4DA79012ACFD898687F
:102CD0000028CCD19A89002ACAD1987BB0FA80F01A
:102CE00040097047002800F092812DE9F041144618
:102CF000B0B032B14B1EBE2B0E4602D8C35C2F2B98
:102D000003D0002030B0BDE8F0810A460146684695
:102D10000AF045F80DEB06010023C4F80130A04E7F
:102D20000B706D466360684609E010F8013C3A2B71
:102D300061D81F2B55D84BB1092B07D001309949C9
:102D400009F0A3FF002859D0A842EED183782F2B99
:102D5000F4D1012020702846934909F096FF0346DC
:102D6000002800F0B980AB4211D013F8012C3A2AA8
:102D700003F1010000F29E80894EA2F12001C9B248
:102D80001F2A26FA01F658D80AB1092AE4D1987800
:102D90002B2858D02D2800F0FB80023347F6FF7E09
:102DA0004FF00108A0F13001CAB2092AA9D87F4F1B
:102DB000002208E05878A0F130015FFA81FCBCF1F4
:102DC000090F47D83346AEEB0100A7FB00C002EB6A
:102DD0008206B2EBD00F01EB460203F10106E9DDFA
:102DE0008FE7203BDBB226FA03F3DF07A6D5837813
:102DF0002F2BA3D1ADE75F2BA0D1A7E7684E2846C4
:102E000009E010F8013C3A2B1AD81F2B0ED84BB111
:102E1000092B07D00130664909F037FF002899D007
:102E2000A842EED103792F2BF4D192E7203BDBB2FD
:102E300026FA03F3D907EDD5F4E7F2078CD5A6E718
:102E40005F2BE7D1EEE7D87847F6FF7E03334FF0EC
:102E50000108A7E708FB02F25F28628002D02C2855
:102E60007FF44FAF70782B2800F0A8802D2800F059
:102E7000B680023347F6FF774FF00108A0F130012A
:102E8000CAB2092A3FF63DAFDFF820C1002206E0B2
:102E900013F8010FA0F13001CEB2092E0ED8781A26
:102EA000ACFB00E002EB8206B2EBD00F01EB460276
:102EB000EEDD26E75F2A7FF44FAF68E708FB02F2FA
:102EC0003A28A28000F29B801F287ED810B10928E2
:102ED0007FF417AF012363702846364909F0D5FE09
:102EE000064690B1AE4210D016F8013C3A2B06F1DE
:102EF000010047D82A49A3F12002D2B21F2B21FAA0
:102F000002F139D80BB1092BE7D128462A4909F03B
:102F1000BCFE034600287CD0AB4210D013F8012C35
:102F20003A2A03F1010030D81D4FA2F12001C9B2A5
:102F30001F2A27FA01F722D80AB1092AE6D1002E62
:102F40006BD09E4228BF1E46B378303BDBB2012BCC
:102F50003FF6D7AEF2783A2A55D81F2A46D812B192
:102F6000092A7FF4CEAE0120A071E3712388002BE3
:102F700018BF40F00100C5E6CF07AED5C5E7F90799
:102F8000C4D5DCE75F2BA8D1BFE75F2ABED1D6E767
:102F9000D8784FF4004E03334FF0FF3802E700BFFC
:102FA0000190000438E000083CE00008CDCCCCCC17
:102FB0002CE0000840E0000844E00008D87847F61C
:102FC000FF7703334FF0010858E7154AA0F12003BB
:102FD000DBB222FA03F3DB077FF593AE7AE7D8780A
:102FE0004FF4004703334FF0FF3847E70C49203ACE
:102FF000D2B221FA02F2D2077FF583AEB3E75F289F
:103000007FF47FAE66E75F2A7FF47BAEABE70020FC
:103010007047002E98D13046A8E71E4694E700BFBF
:103020000190000406289DBF034B00EB800003EBDA
:1030300080000020704700BF64DD0008000642EAFF
:10304000012200F0F8501043704700BF062800F23C
:103050005B81002A00F05881002B00F055814FFA67
:1030600081FCBCF1000F40F34F8192ED007ADFED5F
:10307000AB7AF0EEC76AF4EE676AF1EE10FA00F28E
:103080004381D2ED016AB0EEE66AB4EE676AF1EE12
:1030900010FA00F2398192ED026AF0EEC65AF4EEAF
:1030A000675AF1EE10FA00F22F81D2ED035AB0EE1A
:1030B000E55AB4EE675AF1EE10FA00F2258192ED6E
:1030C000045AF0EEC54AF4EE674AF1EE10FA00F247
:1030D0001B81DFED937AB4EEE77AF1EE10FA00F19E
:1030E0001381DFED907AB4EEE77AF1EE10FA00F397
:1030F0000B8110B48C4C00EB800C04EB8C0CDCEDE1
:10310000007AB1EE677AF4EEC76AF1EE10FA00F1D8
:10311000FD80F4EEE76AF1EE10FA00F3F780DCEDE3
:10312000016AF1EE664AB4EEE46AF1EE10FA00F1DB
:10313000ED80B4EEE66AF1EE10FA00F3E780F5EE0A
:10314000C05AF1EE10FA00F1E1809CED034AF4EE72
:10315000C45AF1EE10FA00F3D980B5EEC05AF1EE80
:1031600010FA00F1D3804FF0140C0CFB0044D4EDA6
:10317000043AB4EEE35AF1EE10FA4FF0000000F317
:10318000C080186058609860D86092ED026AF4EED2
:10319000C64AF1EE10FA08DCB4EEE66AF1EE10FA77
:1031A000D4BFF0EE464AF0EE664A36EEA46ADFED92
:1031B0005F5A76EEA66A26EE256AF6EE004AC6EE5D
:1031C000265A4FF48470988092ED005ADFED546ACD
:1031D00035EEA46AB4EEE65ABCEEC66AF1EE10FA19
:1031E00016EE100A80B241EA002141F080711960A8
:1031F00008D4DFED4C6AB4EEE65AF1EE10FAD8BF0F
:10320000F0EE456ADFED475A9FED486A9FED485A58
:1032100076EEA56AF6EE005A66EE866A86EE856A56
:1032200076EE256AFCEEE66A16EE901AC1F30720E8
:10323000D8711972D2ED016AB4EEE67AF1EE10FAA5
:1032400008DCF4EEE76AF1EE10FAD4BFB0EE667A6D
:10325000B0EE677A37EE877ADFED346A77EEA77AD9
:1032600027EE267AB6EE006AC7EE276A76EE867AF1
:10327000FCEEE77A17EE901AC1F3072058729972A4
:10328000D2ED037AF5EEC07AF1EE10FA43D4F4EE03
:10329000C47AF1EE10FAC8BFF0EE447A9FED237ABB
:1032A00067EE877AF6EE006A87EE847A77EE267A02
:1032B000FCEEE77A17EE901AC1F30720D872197363
:1032C000D2ED047AF5EEC07AF1EE10FA20D4F4EEE5
:1032D000E37AF1EE10FAC8BFF0EE637A9FED137A4D
:1032E00067EE877AF6EE006A87EEA37A012077EE22
:1032F000267AFCEEE77A17EE902AC2F3072159737B
:103300009A735DF8044B7047002070470020F8E77F
:10331000DFED087AE2E7DFED077ABFE7FFFF7F7FA7
:10332000B81E49C1B81E494164DD000800FF7F474F
:10333000B81EC9410000000092B143B2002B0FDD5E
:1033400040EA0120002340F040704FF48471106087
:10335000C2F80630C2F80A30D3819180012070474C
:1033600000207047ABB14FFA80FCBCF1000F10DDBC
:1033700040EA01200021C3F8061040F08060C3F845
:103380000A10D9814FF4847118609980DA71012094
:1033900070470020704700BFBAB143B2002B14DD64
:1033A00000B540EA01210023012041F0C0614FF443
:1033B000847CC2F8063002F1060EC2F80A30D381CE
:1033C000A2F804C01160D07100BD0020704700BF9A
:1033D00071B10002002340F07F004FF48472086056
:1033E000C1F80630C1F80A30CB818A8001207047CD
:1033F00008467047A2B143B2002B11DD002340EA1A
:103400000120C2F8063040F080604FF48471C2F8A9
:103410000A30D381C4231060918013720120704759
:1034200000207047E3B14FFA80FCBCF1000F17DDBC
:103430004FFA81FCBCF1000F12DD42EA012212B208
:1034400040EA022040F0E06000224FF484711860EE
:10345000C3F80620C3F80A20DA819980012070475A
:1034600000207047DAB143B2002B18DD10B50D4CC7
:1034700040EA012303CC4FF0000C43F0B0534FF46B
:103480008474C2F806C0A2F80EC0C2F8070002F1A8
:10349000060E94801360C2F80B10012010BD0020AE
:1034A000704700BF48E0000802F1FF3CBCF1030F89
:1034B00001D900207047002BFBD04FFA80FCBCF1F3
:1034C000000FF6DD30B50C4C5A7340EA01214FF085
:1034D000000C2068A488C3F806C041F0B8514FF42E
:1034E000847EC3F80700A3F80EC01960A3F804E0B7
:1034F000A3F80B40012030BD54E00008F3B14FFAAF
:1035000080FCBCF1000F19DD30B50D4C5A7340EA58
:1035100001214FF0000C2068A488C3F806C041F0D8
:10352000C0514FF4847EC3F80700A3F80EC01960A1
:10353000A3F804E0A3F80B40012030BD0020704741
:1035400054E00008022A01D900207047002BFBD06C
:103550004FFA80FCBCF1000FF6DD30B50C4C5A730D
:1035600040EA01214FF0000C2068A488C3F806C08F
:1035700041F0C8514FF4847EC3F80700A3F80EC091
:103580001960A3F804E0A3F80B40012030BD00BF90
:1035900054E00008C3B14FFA80FCBCF1000F13DD0A
:1035A00040EA01200021C3F8061040F08850C3F81B
:1035B0000A10D9814FF4847C110A1860A3F804C062
:1035C000DA7119720120704700207047DFED147A1C
:1035D000B0EEC07AB4EE677AF1EE10FA1DD8E3B11E
:1035E0004FFA80FCBCF1000F17DD40EA01200021FA
:1035F000C3F80610C3F80A10D981DA71110A10EE67
:10360000102A40F090504FF4847C1860A3F804C056
:103610001972C3F80B20012070470020704700BFCB
:10362000FFFF7F7F10B5029CDCB14FFA80FCBCF13C
:10363000000F16DD40EA01200021C4F80610C4F88E
:103640000A104FF4847CE181110A40F09050A4F8F4
:1036500004C0E2712172E372206004F1060E0120C1
:1036600010BD002010BD00BF062818D8BAB1B3B1F4
:103670008446507998B110B5546804F0FF1EBEF12D
:10368000080F0AD114685FFA84FE8E4505D13749C8
:10369000C4F30464E140C90703D4002010BD002036
:1036A00070470021196059609960D96019611168EB
:1036B000090A4CB2002C1970EFDDC1F30524C1F3E7
:1036C00081319C705970B2F807109FED297A9FEDF7
:1036D000296ADFED293A9FED295A49BA89B207EEE6
:1036E000901AF8EE677A264967EE877A0CEB8C0C15
:1036F00087EE867A01EB8C01D1ED005AD1ED016A9B
:1037000077EE637A35EEA54AC3ED017AB2F8091077
:1037100049BA89B207EE901AF8EE677A76EEA64AB1
:1037200067EE847A87EE867A77EE657AC3ED027A61
:10373000B2F80B1049BA89B207EE901AF8EE677A20
:1037400067EEA47A87EE867A77EE667AC3ED037A1F
:10375000B2F80D2052BA92B207EE902AF8EE677ACC
:1037600067EE857AC3ED047A10BD00BF0400000146
:10377000B81EC94100FF7F47B81E4941CDCCCC3DA2
:1037800064DD000899B192B10346487978B110B46C
:103790004C6804F0FF1CBCF1080F04D10C685FFA00
:1037A00084FC9C4505D000205DF8044B7047002048
:1037B0007047C4F30464112CF5D1002313605360E7
:1037C0009360D3600B6814701B0A5CB2002C5370BA
:1037D000E9DDC3F30723B3FA83F35B099370B1F810
:1037E00007309380D1F80B309360D1F80B30D36061
:1037F000DAE700BF034600B3F9B14079E8B15A688F
:1038000002F0FF12082A18D11A6812F0F85F14D1DA
:103810005FFA82FCBCF1FE0F0FD1120A4FFA82FC54
:10382000BCF1000F0A7008DDD3F80720D3F80B3085
:10383000C1F80530C1F8012070470020704700BF73
:10384000A1B19AB10346487980B110B44C6804F034
:10385000FF1CBCF1080F05D10C6804F0F85CBCF14A
:10386000A85F05D000205DF8044B7047002070472A
:103870005FFA84FC9C45F5D1240A63B2002B1470D6
:10388000F0DDD1F807305360D1F80B309360EAE7F0
:10389000A1B19AB10346487980B110B44C6804F0E4
:1038A000FF1CBCF1080F05D10C6804F0F85CBCF1FA
:1038B000007F05D000205DF8044B70470020704762
:1038C0005FFA84FC9C45F5D1CB79002BF2D1B1F89D
:1038D00008C045F2C4639C45ECD1240A63B2002BB6
:1038E0001470E7DDD1F80A301BBA5360E3E700BF7C
:1038F000B8B3A9B301391B4B00F1FF3C4FF0FF32C5
:1039000008441CF8011F4A4042F30001194081EAB3
:10391000520141F300021A4082EA510242F30001CF
:10392000194081EA520141F300021A4082EA510231
:1039300042F30001194081EA520141F300021A40AA
:1039400082EA510242F30001194081EA520141F337
:1039500000021A40844582EA5102D2D1D043704716
:10396000084670472083B8EDF0B5069CBDF814609A
:10397000002C00F09880B6F5807F00F29480079FBD
:10398000054606F11000B84200F28D80002E40F08E
:103990008C804FF0000C65F3070C61F30F2C090AC3
:1039A00061F3174C350A002165F3070162F30F211B
:1039B000150A65F31741150C120EE27245F25572A5
:1039C00066F31F6C65F31F6122800122C4F803C0F7
:1039D000C4F80710A27066B3721E052A6AD9C3F133
:1039E0000B01214402291A4664D94FEA960C03EBD5
:1039F0008C0C04F10C0152F8045B41F8045B944513
:103A0000F9D1B20715D026F00302511CA51889B2CE
:103A100013F802C085F80CC08E4292B209D965181D
:103A2000023292B2595C2973964282BF9B5C121992
:103A3000137304F10B0E4FF0FF32244B06F10C050B
:103A4000B64404EB020C1CF8011F514041F3000284
:103A50001A4082EA510242F30001194081EA520100
:103A600041F300021A4082EA510242F30001194078
:103A700081EA520141F300021A4082EA510242F304
:103A80000001194081EA520141F300021A4082EA22
:103A9000510242F300011940E64581EA5202D2D1B7
:103AA000D2436251F0BD0020F0BD002B7FF471AF16
:103AB0001846F0BD04F10B0E72469D1913F8011B58
:103AC00002F8011F9D42F9D1B5E700BF2083B8ED90
:103AD000002860D0002A5ED00F295CD90378552BCE
:103AE0005BD14378572B58D18378012B57D170B5D0
:103AF000C488B4F5807F04F1100352D8994250D1A4
:103B0000014404F10B05294B51F8046C00F1FF3E10
:103B100005444FF0FF311EF801CF8CEA010C4CF345
:103B20000001194081EA5C0141F3000C0CEA030C2E
:103B30008CEA510C4CF30001194081EA5C0141F31D
:103B4000000C0CEA030C8CEA510C4CF300011940F8
:103B500081EA5C0141F3000C0CEA030C8CEA510C85
:103B60004CF30001194081EA5C0141F3000C0CEABE
:103B7000030CAE458CEA5101CDD1C943B14212D1FB
:103B8000C378137083885380836894810C30C2E9B2
:103B90000130002070BD01207047022070470320D3
:103BA0007047042070BD052070BD00BF2083B8EDB4
:103BB00080B369B30378102B2AD1826842B383891A
:103BC0001C2B25D12DE9F04313780B7092F801C01E
:103BD00081F801C092F802E081F802E0D478CC705C
:103BE00055684D60D2F80890C1F80890D2F80C8062
:103BF000C1F80C8017690F6156694E61581E138B0E
:103C00000B83528B4A83012805D90020BDE8F0833D
:103C10000020704770470CF1FF3CBCF1010FF4D855
:103C20004FFA8EFEBEF1000FEFDD082CEDD807EE47
:103C3000905A9FED1B7AF0EEE77AF4EE477AF1EEB8
:103C400010FAE2D807EE909AF0EEE77AF4EE477AAF
:103C5000F1EE10FAD9D807EE908AF0EEE77AF4EE9A
:103C6000477AF1EE10FAD0D807EE907AF0EEE77AC4
:103C7000F4EE477AF1EE10FAC7D807EE906AF0EE4C
:103C8000E77AF4EE477AF1EE10FABED8A3F1140009
:103C900080B241F2743398428CBF00200120B5E716
:103CA000FFFF7F7F002846D0002943D003780B70A8
:103CB00043784B7083788B70C378CB7043680B71FB
:103CC0004FEA132C1A0C1B0E81F805C08A71CB71B8
:103CD00083680B724FEA132C1A0C1B0E81F809C073
:103CE0008A72CB72C3680B734FEA132C1A0C1B0E2B
:103CF00081F80DC08A73CB7303690B744FEA132CE0
:103D00001A0C1B0E81F811C08A74CB7443690B75B1
:103D10004FEA132C1A0C1B0E81F815C08A75CB754F
:103D2000038B0B761B0A4B76438B8B761B0ACB7669
:103D30001C2070470846704753B94AB9002908BF8C
:103D400000281CBF4FF0FF314FF0FF3000F088B962
:103D5000ADF1080C6DE904CE00F006F8DDF804E0E2
:103D6000DDE9022304B070472DE9F047089D0F46B6
:103D700004468C46002B48D18A42164661D9B2FAD5
:103D800082F34BB1C3F1200201FA03FC20FA02F2E4
:103D90009E4042EA0C0C9C404FEA164EB7B2BCFB68
:103DA000FEF1220C0EFB11CC42EA0C4201FB07F0A3
:103DB000904209D9B21801F1FF3C80F0EE809042A8
:103DC00040F2EB8002393244121AA4B2B2FBFEF088
:103DD0000EFB102244EA024400FB07F7A74209D970
:103DE000341900F1FF3280F0DA80A74240F2D78028
:103DF0003444023840EA0140E41B00211DB1DC409C
:103E00000023C5E90043BDE8F0878B4206D90DB118
:103E1000C5E9000100210846BDE8F087B3FA83F147
:103E2000002948D1BB4202D3824200F20781841AA2
:103E300067EB030201209446002DE4D0C5E9004C55
:103E4000E1E7002A00F09280B2FA82F3002B40F002
:103E5000A8808A1A4FEA164E1FFA86FC0121200C10
:103E6000B2FBFEF70EFB172240EA02420CFB07F002
:103E7000904207D9B21807F1FF3802D2904200F2FF
:103E8000E2804746121AA4B2B2FBFEF00EFB1022EB
:103E900044EA02440CFB00FCA44507D9341900F1A4
:103EA000FF3202D2A44500F2CB801046A4EB0C04F2
:103EB00040EA0740A2E7C1F120068B4022FA06FC47
:103EC0004CEA030C07FA01F420FA06F3F7404FEA34
:103ED0001C49234300FA01F81FFA8CFEB7FBF9F0E6
:103EE0001C0C09FB107744EA074400FB0EF7A742BD
:103EF00002FA01F20AD91CEB040400F1FF3A80F047
:103F00009B80A74240F2988002386444E41B9FB231
:103F1000B4FBF9F309FB134447EA044403FB0EFE28
:103F2000A64509D91CEB040403F1FF3780F0828019
:103F3000A6457FD9023B644443EA0040A4EB0E044B
:103F4000A0FB02E7BC427346B94663D360D05DB1C3
:103F5000B8EB030264EB090404FA06F622FA01F353
:103F60001E43CC40C5E9006400214CE762084808C4
:103F700042EAC1710B0C43EA00438AB242EA0342AF
:103F8000B3FBF6F1E407B4463746B6461F23B0FB51
:103F9000F6F0D21B41EA004161E7614614E71046A2
:103FA00028E7C3F1200120FA01F29E4027FA01F12F
:103FB0009F403A434FEA164E1FFA86FCB1FBFEF7CC
:103FC0000EFB1710110C41EA004107FB0CF8884565
:103FD00004FA03F43AD9711807F1FF3001D2884589
:103FE0001FD8A1EB0801B1FBFEF808FB0CF70EFB94
:103FF000181192B242EA0142BA422FD2B21808F125
:10400000FF31C6D2BA42C4D2A8F102013244C0E79D
:10401000F0459CD2BEEB020367EB0C070138B946B2
:1040200095E7A6EB08084144B81EB1FBFEF808FB73
:104030000CF7DCE73B467FE7504667E70846FBE6C0
:104040003444023832E7023F32441BE7A1EB080157
:104050003846B1FBFEF808FB0CF7C8E7414698E785
:10406000704700BF034613F8012B002AFBD1181A32
:104070000138704700000000000000000000000050
:1040800001F0FF01102A2BDB10F0070F08D010F809
:10409000013B013A8B422DD010F0070F42B3F6D10D
:1040A000F0B441EA012141EA014122F007047FF026
:1040B00000070023F0E80256083C85EA010586EA7D
:1040C000010685FA47F5A3FA87F586FA47F6A5FAB9
:1040D00087F68EB9EED1F0BC01F0FF0102F00702C5
:1040E00032B110F8013B013A83EA010313B1F8D170
:1040F0000020704701387047002D06BF3546033851
:10410000073815F0010F07D1013015F4807F02BF89
:10411000013015F4C03F0130F0BC0138704700BFDA
:10412000DFF834D000F018FF0C480D490D4A002389
:1041300002E0D458C4500433C4188C42F9D30A4A5C
:104140000A4C002301E013600432A242FBD308F0C2
:10415000FFFD00F0C1FD70470000022000000020BC
:104160008000002074E4000880000020A89800204F
:10417000FEE7000070B58AB004460E4628220021F2
:10418000684608F07AFD00250323C4E901354FF4A1
:1041900000224FF44013C4E904234FF00123A3612C
:1041A0004FF480732660E560A383204602F00AFF87
:1041B000C8B90E4B04909E4214BF0E262E46012312
:1041C000CDE90560CDE90000CDE902000793089331
:1041D00069460E232046099302F070FFB0FA80F082
:1041E00040090AB070BD2846FBE700BF00640040EC
:1041F00070B588B006461422002103A808F03DFDE2
:104200000025474B00951A6B464842F002021A639C
:104210001A6B02F002020092009A01951A6B42F0AA
:1042200010021A631A6B02F010020192019A0295B1
:104230001A6B42F040021A631B6B03F040030293B7
:104240002A460421029B04F013FA36480122182161
:1042500004F00EFA344801224FF4007104F008FA19
:104260002A463248012104F003FA01241C232D4878
:1042700003A9CDE90334CDE9055504F021F94FF444
:1042800000732948039303A904F01AF9022327486D
:10429000039403A9069304F013F9F20704D5244903
:1042A0002448FFF767FF0446B30706D52249234891
:1042B000FFF760FF00EA0403DCB2750715D520495B
:1042C000204B0B604FF4E1200023C1E901030C22D5
:1042D0000846C1E90333C1E90523CB6104F030FD91
:1042E000002814BF002404F00104310715D5164935
:1042F000164B0B604FF4E1220023C1E9012308466D
:104300000822C1E90333C1E90523CB6104F018FD9C
:10431000002814BF002404F00104204608B070BD3A
:104320000038024000100240001802400004024021
:1043300000640040B80100200068004090010020A7
:104340004801002000140140000100200048004006
:10435000C20738B505461FD5114802F035FFC8B968
:104360000F4848F2024103F044F8B0FA80F46409BF
:10437000AB070DD50B4802F027FF78B9094848F282
:10438000024103F036F8002814BF002404F00104B1
:10439000204638BD0024EBE70124E9E70024F7E7D5
:1043A000B80100209001002082B00D4B0021009147
:1043B0005A6C42F480425A645A6C02F48042009271
:1043C000009A01911A6C42F080521A641B6C03F03F
:1043D00080530193019B032002B003F03FB900BF5B
:1043E000003802400F20FFF703BF0F20FFF7B0BFD8
:1043F00008B500220421084804F03AF9022002F02E
:10440000C7FD05480122042104F032F9BDE8084047
:10441000322002F0BDBD00BF001002400A4638B194
:10442000012807D11021054882F0010204F020B9CB
:104430000821F8E702484FF40071F5E70010024048
:104440000018024028B1012805D11021044804F0C9
:1044500014B90821FAE703484FF40071F7E700BFE9
:104460000010024000180240EFF3108072B6BFF354
:104470005F8F7047BFF35F8F80F31088704702F043
:1044800087BD0000F0B589B00C46064617460021EE
:10449000182202A808F0F1FB14B9002009B0F0BD01
:1044A0002279082AF9D8731E012BF6D8164B174D1E
:1044B0006179012E08BF1D462368B9B1042104911A
:1044C0000393A3795B00CDE9053202F05BFD06465C
:1044D000284602F0EFFE60B101ABE21D02A92846BA
:1044E00002F09DFEB0FA80F04009D7E702930B4638
:1044F000E6E702F047FD801BB842CED2284603F023
:1045000098F80528E4D1C8E7B80100209001002000
:104510000A4610B5014648B142B1064C0648002390
:10452000237004F01BFF012310B12370002010BD85
:104530001846FCE79C0000204801002038B50B46D7
:104540001446014670B16BB162B1094D2878002262
:10455000227050B12A7007481A4604F0FFFE01236A
:1045600010B12B70002038BD23700120FBE700BF85
:104570009C00002048010020024648B1054B1B6802
:10458000586880B228B1824202D9101A80B27047AE
:1045900000207047A000002070B50C461646054666
:1045A000A0B1A1B1012211460A4804F061F82246E7
:1045B00033462946084804F0F2FB00220446012154
:1045C000044804F055F8B4FA84F0400970BD084678
:1045D000FCE700BF000402404801002010B513466C
:1045E0000C46014638B13CB10448224604F0D7FBE2
:1045F000B0FA80F0400910BD2046FCE70001002021
:1046000010B58AB00223069303210923CDE90813CC
:10461000354A036800249342059407942BD1334B09
:1046200000941A6C324842F000721A641A6C02F05C
:1046300000720092009A01941A6B42F008021A6309
:104640001B6B059103F00803019305A9019B03F07F
:1046500037FF22460521142003F012F8142003F03E
:1046600041F816202246052103F00AF8162003F02F
:1046700039F80AB010BD1F4A9342FAD11B4B02947D
:104680001A6C1D4842F000721A641A6C02F0007233
:104690000292029A03941A6C42F080621A641A6CB5
:1046A00002F080620392039A04941A6B42F00202B1
:1046B0001A631B6B03F002030493049B05A94FF4D8
:1046C0004053059303F0FCFE22460521402002F0F2
:1046D000D7FF402003F006F842202246052102F0D1
:1046E000CFFF4220C3E700BF006400400038024013
:1046F000000C0240006800400004024070B5142223
:104700008AB0064600210DEB020008F0B6FA3368C5
:10471000424A934224D1424B4248002100911A6CF4
:1047200042F480221A641A6C02F480220092009AE9
:1047300001911A6B42F002021A631B6B03F0020331
:104740000193019B4FF4406E0223CDE905E3032260
:10475000072305A9CDE9082303F0B2FE0AB070BD16
:10476000314A9342FAD12E4B3048314C0025029504
:104770005A6C42F020025A645A6C02F020020292F3
:10478000029A03951A6B42F004021A631A6B02F044
:1047900004020392039A04951A6B42F480021A638E
:1047A0001B6B03F480030493049BC0220223CDE916
:1047B000052301210323CDE90713082305A9099344
:1047C00003F07EFE1B48A5614FF02063C4E900039F
:1047D0004FF48063C4E904354FF4807C4FF4003318
:1047E0002046C4E90255C4E907C3656202F0B8FF78
:1047F00008B100F06AFA00220621F4633920A663AA
:1048000002F03EFF392002F06DFF00220621472012
:1048100002F036FF472002F065FF9FE700480040A6
:104820000038024000040240001401400008024029
:10483000A00000202864024030B51F4B05688DB0F1
:1048400004469D4214BF022501250021204602F0A6
:10485000C1FD08B90DB030BD1022002101A808F03B
:104860000CFA0DF10B0305AA0021204602F036FDDB
:104870000028EFD1079A111F4B424B418DF80930A8
:10488000089B981E434243418DF80A30DDE905310B
:10489000042A08BF0B460193099B8DF8083002F0EB
:1048A00071FB01A90246284601F020FB01A9284618
:1048B00002F074FAC9E700BF0064004010B5074B6E
:1048C00004689C4214BF0224012402F0C5FE014684
:1048D0002046BDE8104001F07FBB00BF00640040EF
:1048E0000268034B9A4202BF024B01221A707047C2
:1048F000001401409C0000200020704770B58CB06F
:104900000D4630220021684608F0B7F96E466B4626
:104910002C4600225CB90F492B890F484D630522B4
:10492000C1E9013603F01EFC18B9204603E0042A51
:1049300003D16FF00B000CB070BD61681960618924
:1049400059600AB143F8043C246804B99C60013200
:104950000C33DFE7000200203802002008B50146D2
:10496000044804F065FF044B1A78012A04BF0022B2
:104970001A7008BD3CDF0008E802002002F002BB0C
:1049800008B5024803F072FD002008BD380200207F
:1049900008B513460A460146034803F0ADFC00384B
:1049A00018BF0120404208BD3802002008B5134658
:1049B0000A460146034803F0C4FC003818BF012032
:1049C000404208BD380200202DE9F341DFF838806D
:1049D00004460425002798F8003001971BB90948C0
:1049E00001A903F015FC019E4EB123692146304612
:1049F000984710B1304605F0EEF8013DEBD102B01A
:104A0000BDE8F08138020020E802002002F0BABAC6
:104A100030B58DB02C4C2D48002501950995236BA0
:104A200043F001032363236B03F001030193019B14
:104A30000295236B43F004032363236B03F0040309
:104A40000293029B0395236B43F040032363236B84
:104A500003F040030393039B8623079303230A93E6
:104A60000223089307A90B230B9303F029FD32239C
:104A700007A91748079303F023FD4FF4D0431548C7
:104A8000079307A903F01CFD0495236B43F0007303
:104A90002363236B03F000730493049B0595236B3E
:104AA00043F080632363236B03F080630593059BCE
:104AB0000695236B43F000632363236B03F00063CD
:104AC0000693069B0DB030BD003802400000024046
:104AD000000802400018024070B59AB064220446F3
:104AE000002101A808F0C9F81C4802F0B7F994F8B1
:104AF0002D305A070ED501280ADC194803F0FFFAB9
:104B0000204604F0A0FF204604F0C6FF1AB070BD96
:104B10005B07FBD40128F9DD831E032BF6D8114A6D
:104B20000F4832F81350104A01A932F8136003F00D
:104B30002BFC0B4801A9CDE9065603F08BFC00289D
:104B4000E4D1074803F0A4FA0028DFD1204604F09E
:104B50006BFF204604F087FFD8E700BFE00100208C
:104B60003802002034DF00082CDF000837B5044687
:104B700008B900F0AAF847F27343E385284B636154
:104B8000284BA361284B294A18689B88ADF804304C
:104B9000274B13604FF400039360264B1361264BA1
:104BA0000090D36010464FF4BF63C2F804D0536145
:104BB00003F072F9054658BB204A214B2148C4E94D
:104BC0000923062384F82C3094F82D3043F00A038F
:104BD00084F82D3004F0D9FD342229461A4808F013
:104BE0004CF8194A19491A48212342F8043C4FF459
:104BF0004003136102F0F0F850B9154802F000F9D3
:104C00000546204645B104F047FF204604F01BFF4F
:104C10006FF00B0003B030BDFFF75EFF2846F9E7E9
:104C2000F5A90008FD480008F0DD00083802002062
:104C300000800240D440002034400020DC050251B6
:104C40004D5557013CDF0008040200200000002001
:104C5000E001002013B504460C4804F0CBFD0346E8
:104C600078B100F120020A49226001614FF4BF616E
:104C7000CDE9002100214122084604F06FFF02B077
:104C800010BD044A206001211170F8E73CDF0008E4
:104C90005D490008E802002030B5002542F8205C9C
:104CA000A2F1200422F8185C22F8163C026822B90E
:104CB00004600C6002681AB930BD0A681460F8E735
:104CC0001189194411811268F5E708B572B60121FE
:104CD0000220FFF7A3FBFEE7F0B59BB002F02CF932
:104CE0001022002110A807F0C8FF1422002109A8F3
:104CF00007F0C3FF504B002104911A6C42F0805220
:104D00001A641B6C03F080530493049B4B4B059176
:104D10001A6842F480421A601B6803F480430593CA
:104D20000120059B4FF48033CDE90E0302244FF49C
:104D30008003CDE9144308254FF4A873CDE9165339
:104D40000EA807231894199303F0A0FC08B1FFF7ED
:104D5000BCFF0F234FF4A051CDE909344FF4805329
:104D6000CDE90C130B90052109A803F06BFE002878
:104D7000EDD102F021F9B0F5805F81BF304A1368B0
:104D800043F480731360FFF72DFB0028DFD0FFF79B
:104D90002CFB0028DBD000F001FFFFF729FB294A9C
:104DA000294E6FF07F43CDE9062303F5D433C13399
:104DB000089304F02EFB254B02930025244B01930E
:104DC0002148009508AB07AA06A904F0BDFD0028FC
:104DD000BDD0304604F022FE3046FFF77DFE01F0E4
:104DE000D9FE0028B3D02F4602F0CCF800F050FFD7
:104DF0003046FFF7E9FD05F039F902F0C3F8044643
:104E000001F036FF204601F015FCE31B632B0AD9A5
:104E10003046FFF761FE96F82D100120C1F38001A6
:104E2000FFF7FCFA2746631BB3F5FA7FDCD30020BB
:104E3000FFF708FB2546D7E7003802400070004026
:104E4000003C0240C0A8010A7441002019B60008C5
:104E50006D4B00087047FEE7FEE7FEE7FEE7704790
:104E60007047704708B502F081F8BDE8084002F0CD
:104E70005CBC0000014802F0D8BA00BFB8010020B5
:104E8000014802F0D2BA00BF90010020FFF7F2BF44
:104E9000FFF7F6BF014802F06BBD00BFA000002085
:104EA000014804F0B7B800BF480100200120704756
:104EB00008B507F047FF162303604FF0FF3008BD29
:104EC00008B507F03FFF16230360FEE770B50D46F7
:104ED00014460E46731B9C4201DC204670BDAFF3A6
:104EE000008006F8010BF5E770B50D4614460E4636
:104EF000731B9C4201DC204670BD16F8010BAFF31A
:104F00000080F5E74FF0FF3070474FF400534B60DF
:104F10000020704701207047002070470A4A03466E
:104F2000106810B508B9094810600949094C0344D4
:104F3000091B8B4206D907F005FF0C2303604FF0D5
:104F4000FF3010BD1360FCE7A8410020A8980020A6
:104F50000000022000040000034AD2F8883043F425
:104F60007003C2F88830704700ED00E00B0A017052
:104F700043700B0C090E8370C17070470A4B30B53B
:104F80001A4600241D7845B19D78854205D1DD780B
:104F90008D4202D102EB441030BD0134102C03F1DC
:104FA0002003EFD10020F7E7B042002070B505469E
:104FB0000E46FFF759FA2C7D54B16C7D44B1EB8A53
:104FC000022B09D1AB69F61AFA2E8CBF00240124FA
:104FD000FFF750FA204670BD0024F9E770B505468A
:104FE0000C46FFF741FA6B7906462BB90024304690
:104FF000FFF740FA204670BD2B69E31A002BF5DB62
:10500000AB79002BF2D02889FDF70EFC0528EDD1F5
:10501000EB68E41AFA2C8CBF00240124E7E7032292
:10502000FFF730BA30B5134B002285B004461A7032
:10503000114BC0781A70A378012B0D4611D16A4626
:105040000221FDF7FFFA88B160786946FFF7E7FFB4
:1050500060B120220021204607F00FFE012005B09C
:1050600030BD6B46FD21FEF77DF9ECE71435E561B7
:105070000020F4E7E4410020C441002010B581B1D4
:105080000C68052811D80A4B0328195C8CBF022034
:105090000120FFF773FF30B12146BDE81040FFF754
:1050A000C1BF0C46EDE7012010BD0020FCE700BFAA
:1050B00084DF0008F8B50B4B0B4D00241C700B4B24
:1050C00007461C7001262B7823B139462846FFF786
:1050D000A9FF06400134102C05F12005F3D130461C
:1050E000F8BD00BFE4410020B0420020C4410020D0
:1050F00010B5FFF794FF044610B10120FFF7BFF988
:10510000204610BD2DE9F0472DED028B90F803A04D
:105110001AF0FD058CB004460E4615D0BAF108070A
:1051200018BF012794F80190B9F1010F0ED123782F
:10513000012B07D194F90230002B03DD638BC3F3FD
:105140000E03B3B1022081E02F46EBE7B9F1020F65
:105150000FD120780228F5D194F90230002B75DDAB
:10516000638B47F6F872134270D103F00703072BE5
:105170006CD027B1B4F91A30002B80F22083A178CB
:105180004846FFF7FBFE804620B3B9F1020F21D15C
:105190002DB9638B027903F007039A42D2D1DFB9AC
:1051A0003D46B4F81A9009F007094846FDF73AFF62
:1051B000002800F05E82E378082B00F25A82DFE8D4
:1051C00013F0A901B701A901F501090260028502E6
:1051D000B302B401002F7CD0B04B002528461A46FC
:1051E00093F800C0BCF1000F26D093F802C0CC4564
:1051F00025D193F803C08C4521D102EB4013228BBB
:105200003244DA6122785A70628B02F007021A7116
:105210001D46B9F1010F2DD1AAF1040ABAF1020F0E
:1052200035D831462846FFF7D9FE18BB3146284607
:10523000FFF7F8FE072009E0002D08BF1D460130EA
:10524000102803F12003CBD12DB905200CB0BDEC03
:10525000028BBDE8F08701232B7023786B7085F8F3
:105260000290E970638B03F007032B71238B3344A7
:10527000EB61CEE76378022B09D1E378043B032B83
:1052800005D831462846FFF791FE0028CED0E378B6
:10529000012B0BD1FFF7E8F86378012B4FF00003E7
:1052A00006BF6B71AB71AB82FFF7E4F86378012B3B
:1052B0007FF477AFE378082B00F2DB81DFE813F0AF
:1052C0000B001E001800D9015D00C4000201D901C5
:1052D0001B003D46EAE707AA0021A078FDF7B2F9D6
:1052E000002800F0C68107A92078FFF798FEBDE1ED
:1052F00007AA0221F1E707AA8021EEE7A07807AA12
:105300000621FDF79FF9002800F0B381207807A956
:10531000FFF785FE002800F0AC81A07807AA0321E2
:10532000FDF766F9002800F0A481207807A9FFF7AF
:1053300076FE002800F09D81A07807AA0021FDF7E5
:10534000BFF9002800F09581207807A9FFF767FED4
:10535000002800F08E81A07807AA0721FDF772F9D6
:10536000002800F08681207807A9FFF758FE002862
:1053700000F07F8107AA0F21AFE794ED018ADFEDEE
:10538000487AB4EEE78AF1EE10FA00F17281DFEDAF
:10539000457AB4EEE78AF1EE10FA80F26A81D4ED34
:1053A000027AF5EEC07AF1EE10FA40F262819FEDDA
:1053B0003E7AF4EEC77AF1EE10FA80F25A81FCEEF2
:1053C000E77AA07817EE901A07AAFDF7B7F9002838
:1053D00000F04F81207807A9FFF721FE002800F098
:1053E0004881FDEEC87AA07817EE901A07AAFDF75B
:1053F00049F9002800F03D81207807A9FFF70FFE4A
:10540000002800F03681A07807AA0121FDF7F0F806
:10541000002800F02E81207807A9FFF700FE002861
:1054200000F02781A07807AA0F21FDF70BF90028CB
:1054300000F01F81207807A9FFF7F1FD002800F098
:10544000188107AA1F2148E7D4ED027A9FED147A4C
:10545000F4EEC77AF1EE10FA00F10B819FED117AAC
:10546000F4EEC77AF1EE10FA80F20381FDEEE77AEE
:10547000A07817EE901A07AAFDF722F9002800F08D
:10548000F880207807A9FFF7CAFD002800F0F18016
:1054900007AA0321A078FDF7ABF821E7B04200206E
:1054A000000000CF0000004F0000804F00007AC4D1
:1054B00000007A4400000000B81E49C1B81E4941EE
:1054C000FFFF7F7FD4ED037A1FED087AF4EEC77AF1
:1054D000F1EE10FA00F1CD801FED0B7AF4EEC77AF1
:1054E000F1EE10FA00F3C580FDEEE77AA07817EE32
:1054F000903A07AA19B2FDF701F9002800F0B98027
:10550000207807A9FFF78BFD002800F0B28007AADA
:105510000421BFE703AB0022A078FD21FDF722FFA5
:10552000002800F0A68003A9DEE603AB0122F3E722
:105530000DF10C09A0784B460022FD21FDF712FF6A
:10554000002800F0968020784946FFF768FD002883
:1055500000F08F80CDF80090A078032347F2050279
:10556000FD21FEF75FF8002800F08380207849468F
:10557000FFF7BEFD00287CD01FED320AA0784B4615
:1055800047F20602FD21FEF721F8002871D02078AD
:105590004946FFF7ADFD00286BD0A0784A46FD21B3
:1055A000FDF7CAFE002864D049469DE6A07803AB0B
:1055B0000022FD21FDF7D6FE00285AD0207803A94D
:1055C000FFF72DFD002854D0A07803AAFD21FDF798
:1055D000E3FEA5E7D4ED017A1FED497AF4EEC77A30
:1055E000F1EE10FA45D41FED4B7AF4EEC77AF1EEE6
:1055F00010FA3EDC94ED020AB5EEC00AF1EE10FAA4
:1056000037D9D0ED007AB4EEE70AF1EE10FA30DCCB
:105610000DF10C09A0784B46B0EEC00A47F2240207
:10562000FD21FDF7D3FF20B320784946FFF760FD49
:10563000F8B194ED010AA0784B4647F21602FD211D
:10564000FDF7C4FFA8B120784946FFF751FD80B1AE
:10565000CDF800900123A07847F20502FD21FDF767
:10566000E1FF30B120784946FFF742FD002840F0C5
:105670008380002D3FF4E9AD31462846FFF7D2FC88
:10568000E3E5D0ED007A94ED020AB1EE677AB4EE6C
:10569000C70AF1EE10FAECD4B4EEE70AF1EE10FA14
:1056A000E7DC0DF10C09A0784B4647F20A02FD2118
:1056B000FDF78CFF0028DCD020784946FFF718FD65
:1056C0000028D6D0CDF800900223C4E794ED030A59
:1056D0005FED857AB0EEC07AB4EE677AF1EE10FA3B
:1056E000C7D8D0ED027AB1EE677AB4EEC70AF1EE10
:1056F00010FABED4B4EEE70AF1EE10FAB9DC0DF1FF
:105700000C09A0784B4647F20602FD21FDF75EFF2B
:105710000028AED020784946FFF7EAFC0028A8D040
:10572000CDF80090032396E763680793A368089376
:10573000E36809930DF10C0A23690A936369CDF8B4
:1057400000A00B93A078002347F20502FD21FDF78E
:1057500069FF00288DD020785146FFF7C9FC00284A
:1057600087D0A178534607AA4846FDF76FFC00286A
:105770003FF47FAF5146B7E5ADB194F80390B9F16E
:10578000010F10D1FEF770FE6378012B05BF6B711E
:10579000238B85F8149006F5FA7602BF2E61F61871
:1057A000EE61FEF767FE17B9B8F1000F01D10020D6
:1057B0004CE520223946404607F05FFAF7E7032020
:1057C00044E500BF10B586B00C468DF81530BDF825
:1057D00020308DF816300A9B0293099B0193042315
:1057E0008DF8142000210093224605AB8DF8171088
:1057F000FEF7BAF806B010BD30B52DED028B0446A9
:1058000089B0B0EE408A39B9022300202D4A1370C6
:1058100009B0BDEC028B30BD0528F5D8DFED2A8A32
:10582000F0EEC07AF4EE687AF1EE10FAECD80D687A
:105830001422002102A807F020FA032C8CBF0223B7
:1058400001238DF804308DF80530204B1B5D8DF859
:1058500006304FF004038DF807301D4B07931ED818
:10586000DFED1C7A9FED1C0A08EE270AF0EEC07AE5
:10587000F4EE687AF1EE10FAC6D8B5EEC00AF1EE91
:1058800010FAC1D4DFED157AB4EEE70AF1EE10FAA2
:10589000BADA06F017F8124BB0EE408A05E048F28B
:1058A0000103ADF81E304FF07E53294601A8039343
:1058B0008DED028AFFF726FC0346B0FA80F040091E
:1058C000A4E700BFE5410020FFFF7F7F84DF0008E1
:1058D000B80B008083F9A24700008048000000490F
:1058E00000401C462DE9F043DFF8A08089B0074650
:1058F00000260124032E18F8019B8CBF02250125E8
:1059000049462846FFF73AFB18B1012D35D14379B6
:105910002BBB0021142202A807F0AFF90123042EAB
:105920008DF8073040F6B833ADF81C30394648F2F0
:10593000010301A838BF4FF400438DF804508DF8DF
:1059400005508DF80690ADF81E30FFF7DBFB88B9E7
:1059500049462846FFF712FBB0B1012D10D1394658
:10596000FFF73CFB04400136062EC3D1002C0CBFD0
:105970000720002009B0BDE8F083037D002BC8D0CC
:105980003946FFF713FBEDE70446ECE784DF000838
:10599000F0B5D0ED017A9FED397A394EF8EEE77A1D
:1059A00091B067EE877A07ACCDED047AD0ED027A3C
:1059B0000391F8EEE77A054667EE877A0BABCDEDFB
:1059C000057AD0ED037A0094F8EEE77A06F17002DA
:1059D00067EE877A04A93046CDED067AFBF778F8B2
:1059E00002280AD194E80F0006F1900585E80F001F
:1059F000072386F8A03008240AE060B194E80F007D
:105A000006F1900585E80F00072386F8A0300224F0
:105A1000204611B0F0BD0398FFF764FF0446A0B123
:105A2000072810D10FCD174F0FC7174A95E803006D
:105A300001231370039A87E80300144914320A60A3
:105A400086F8A030E4E70723FAE7114D039A28709F
:105A500003AB009304A90F4B3046FAF7CFFB0228A3
:105A60000446C8D038B10398FFF724FB2C78002CEB
:105A700008BF0524CCE7044B1870C9E70AD7233CBC
:105A8000E8410020CC410020E4410020C841002032
:105A9000E5410020F957000870B52DED028B054651
:105AA00088B001200391FDF7BDFAAB8ADFED357AAE
:105AB00008EE903AF8EE688A68EEA78A28B90226BE
:105AC000304608B0BDEC028B70BDF5EEC08AF1EE39
:105AD00010FAF4D990ED027AB4EEE87AF1EE10FA09
:105AE000EDD495ED047AB8EEC78A28EE278AFFEE4A
:105AF000087AB4EEE78AF1EE10FAE0D4F7EE087A0D
:105B0000B4EEE78AF1EE10FAD9DC0398FFF7EAFE6B
:105B1000064688B107280DD10FCD1B4C0FC495E860
:105B200003001A4A84E8030001231370184A82F81C
:105B3000A030C5E70723F9E704ABB0EE680A47F2E7
:105B40001802FD211020FDF741FD0028B7D004A95F
:105B50000220FFF7CDFA0028B1D00E4C039A267030
:105B600003AB0093A98A0C4B0948B0EE480AFAF738
:105B700097FB20B92678002E08BF0526A0E7034B27
:105B80001E709DE76F12833AAC410020C441002093
:105B9000E8410020E5410020F95700081FB55022D8
:105BA00000212B4807F069F84FF4007200212948C2
:105BB00007F063F82848FAF70BFB284B2848002425
:105BC0001C70284B182221461C7007F056F8264BF3
:105BD00026481C60264B214618221C7007F04DF801
:105BE0002448FCF75FFE244B24481C80244B1C7087
:105BF000244B1C60244B1C60244B4FF480511C70C0
:105C0000FEF786FC28B9124A012382F8453004B019
:105C100010BD69463520FCF715FF88B90C4A0123F1
:105C200082F8453002A90220FCF70CFF0028EAD0D8
:105C300081B20A2202A8FEF7AFFC0028E3D0E6E713
:105C400081B20A226846FEF7A7FC0028E6D0E9E701
:105C5000B0440020B0420020E8410020E54100208F
:105C6000CC410020E4410020C8410020AC4100208C
:105C7000C4410020025500200045002002450020BC
:105C8000AC420020A8420020A4420020A0420020F4
:105C90002DE9F04794B00DF11302039006464FF43E
:105CA00080518348FEF74AFC0246002873D1814B9D
:105CB0000121187783F845107F4C804F7D4903AB55
:105CC000009320467E4BFAF739FB3B7893B17D4E2B
:105CD000039D3368EB1A002B0CDB7B482946FFF74A
:105CE00057FE072800F0D88000233B7010B107232F
:105CF00084F8A030754D2B7893B194F8A030013B17
:105D0000012B0DD80399D4F8B430CB1AB3F5487FE2
:105D100006D36F48FFF7C0FE002840F0C08028700F
:105D20006C4C1025274623783BB10399E369CB1AC5
:105D3000002B02DB2046FFF775F9013D04F120043A
:105D4000F1D1654A03991368CB1A132B20D9DFF8D8
:105D500098811160102698F80040631C03F00F032F
:105D600088F80030630107EB4414FB5C63B1A3784F
:105D7000012B09D1E0780BA9FCF73AFD18B1607846
:105D80000BA9FFF74CF90135013E01D0022DE2D1FC
:105D900014B0BDE8F0879DF81330504F4BB1504818
:105DA000FCF780FD434B00223A801A77012283F8EA
:105DB00045204FF48050FEF7DFFBDFF8F4A081466A
:105DC0003B8899450CD13B4B1A7F3AB19969761AB9
:105DD000B6F57A7F7FF670AF00221A7700226BE764
:105DE0001AF803103E480BAAFCF762FD3B8801330A
:105DF000C3F30B03012880463B80E1D105AA0021B3
:105E00000BA8FCF77DFE0028DAD09DED057ADFEDCA
:105E1000357AB0EEC77AB4EE677AF1EE10FACFD8E1
:105E20009DED067AB0EEC77AB4EE677AF1EE10FA1D
:105E3000C6D89DED077AB0EEC77AB4EE677AF1EE78
:105E400010FABDD89DED087AB0EEC77AB4EE677A45
:105E5000F1EE10FAB4D89DED097AB0EEC77AB4EE3F
:105E6000677AF1EE10FAABD89DED0A7AB0EEC77AF8
:105E7000B4EE677AF1EE10FAA2D805AC0FCCDFF8D9
:105E800034C065460FC594E80300CCF8186085E877
:105E900003008CF81C8093E7143535602AE7072847
:105EA0001FBF00232B70072384F8A03038E700BF02
:105EB00002450020B0440020E8410020E4410020D9
:105EC0007D500008C8410020CC410020C441002082
:105ED000AC410020B0420020A44200200045002038
:105EE00002550020FFFF7F7FA04200202DE9F041F6
:105EF00005468AB016460C4609B3012822D105A9E9
:105F00002046FCF733FBD0B1059B304A23F47F4396
:105F1000934214D19DF81930012B10D92C4B9DF8C8
:105F20001510BDF81C4059772846DC831E6283F8A3
:105F30002450FFF723F810B10481C66085710AB0C0
:105F4000BDE8F0810228FAD14978224B0022187866
:105F500050B19878022807D1D878884204D193F8B4
:105F60000480B8F1060F06D90132102A03F120038C
:105F7000EDD14FF0010805AB2246FD214046FDF76B
:105F800073FBE8B105AC0FCC114F07F128050FC525
:105F900023689DF814102B600124022087F83C80B0
:105FA0003E6487F84440FEF7E9FF0028C7D09DF81B
:105FB000153083759DF81630C37586614475BEE74C
:105FC00001AA2146FD20FDF7DDFBB8E70200416094
:105FD000B0440020B0420020431E012B9EBF024B64
:105FE000113043F820107047B04400202DE9F043F1
:105FF00095B08046059209AA1C9F89461D46FDF76B
:1060000067FD0446002800F09F800DAA49464046DF
:10601000FBF7DAFE064600286CD09DF83430013BD1
:10602000032B65D8DFE803F002101A52834A059962
:1060300000231370824A0DA81370FFF7A9FC0446D1
:10604000082C25D97F4E26E07C4A05990023137041
:106050007B4A0DA81370FFF71FFDF0E7774A784ED3
:106060000023137033709DF835302BBB00249DF84E
:1060700036306BB10DF1340CBCE80F00DFF8DCE119
:10608000AEE80F009CE803008EE8030001233370A4
:106090006D4B53F82460002D54D03046FDF7E2FFDD
:1060A000874204464ED302463146284606F077FE24
:1060B000204615B0BDE8F08305990DA8FFF768FCF0
:1060C00004460028D2D00728BAD1D0E75B4A5F49FE
:1060D0005F48002313705A4A137005AAFAF76AF949
:1060E0000598FEF7E7FF00280CBF05240024CFE742
:1060F0000224CDE707AA49464046FCF7F3FDC8B1A4
:106100009DF81C30B3B15248504905AAFAF752F92C
:106110000598FEF7CFFF50B905238220CDE901573E
:10612000002100911122FFF74DFB0446C0E73346E2
:106130008120F3E7CDE901570022009401231146A5
:106140008220F0E70024B3E7BDF826009DF8242064
:1061500028B1CDE901570A9900940223F0E7112AEA
:1061600031D0012A29D03B4B1B7853B13A4B0A99C5
:106170001B68CB1A002B04DCCDE9015700900623E5
:10618000DEE7202A34D0102A27D004249DF82420CA
:106190000A9902F0EF03012B04D02F4B19602D4B0D
:1061A00001201870002C4FF000030093CDE9015737
:1061B000234614BF82208120B5E7BDF830300BBBE9
:1061C000244B1C70E2E7BDF83030DBB90598FEF7D0
:1061D00071FF002808BF0524D8E70DA909A8FDF71D
:1061E000E7FC78B105990DA8FEF78CFF0446CDE7D2
:1061F000BDF830305A1E012A04D80B9A10780728AF
:1062000002D858B90224C1E7A0F13002052AF9D812
:10621000012BF7D10DA9FCF715FC07E00428F7D1F5
:10622000022BEFD150780DA9FCF71AFC0028E9D019
:1062300081B20A220DA8FEF7AFF9CAE7E4410020B7
:10624000C4410020F7DD000860DF00087D50000831
:10625000E8410020AC420020A8420020AC410020D0
:106260002DE9F04F95B00C461290002900F0C8803F
:10627000432A40F2C580FEF7F7F8624AD2ED007A71
:106280009369CDED067AD2ED017A0F93CDED057AC3
:10629000D2ED027A537FCDED047AD2ED037A0793E3
:1062A000CDED037AD2ED047A136ACDED027AD2ED08
:1062B000057A0893CDED017AD2ED0B7A92F8283069
:1062C000CDED0A7AD2ED0C7A92F81CB0CDED0B7AB6
:1062D000D2ED0D7A92F82450CDED0C7AD2ED0E7AF3
:1062E000D68B92F8299092F82A800993CDED0D7AF9
:1062F000136C0E9392F844301393936C1093D36CF9
:1063000092F845A0119392F83C70FEF7B3F81C2266
:10631000002104F1280006F0B0FC139B6D0045EA53
:106320008305109B45EA0B0545EACA050BB145F408
:106330008035119B0BB145F4003512992046FEF7CC
:1063400015FE2946201DFEF711FE0F9904F10800E5
:10635000FEF70CFE069904F10C00FEF707FE059906
:1063600004F11000FEF702FE049904F11400FEF798
:10637000FDFD039904F11800FEF7F8FD029904F100
:106380001C00FEF7F3FD019904F12000FEF7EEFD7D
:10639000089904F12400FEF7E9FD079B84F82830F2
:1063A0003046FCF741FA84F82A60360A0E9984F8E0
:1063B000290084F82B6004F12C00FEF7D7FD099B1F
:1063C00084F830300A9984F8319004F1340084F86C
:1063D000328084F83370FEF7C9FD0B9904F1380060
:1063E000FEF7C4FD0C9904F13C00FEF7BFFD04F17B
:1063F00040000D99FEF7BAFD442015B0BDE8F08FBE
:106400000020FAE7B044002070B505460C4600298C
:1064100059D03F2A57D93C220021201D06F02DFCDF
:106420002A4A29462046FEF7A1FD92F8A0302371A2
:1064300092F890306371B2F8A830A3711B0AE3712F
:10644000D2F8841004F10800FEF790FDD2F888100D
:1064500004F10C00FEF78AFD04F11000D2F88C1054
:10646000FEF784FD02F1700504F1140004F1280622
:1064700055F8041BFEF77AFD0430B042F8D1D2F88B
:10648000A410FEF773FDD2F8B01004F12C00FEF753
:106490006DFDD2F8B41004F13000FEF767FDD2F8BC
:1064A000941004F13400FEF761FDD2F8981004F165
:1064B0003800FEF75BFD04F13C00D2F8AC10FEF7AB
:1064C00055FD402070BD0020FCE700BFE8410020E2
:1064D0000068704738B50B46044608B9002038BD3F
:1064E0000068B0F5407FF9D2084D094AC0F5407107
:1064F000284406F01FFB0028F0DB2368C3F5407238
:106500008242EBD9034423600120E8E726550020AE
:1065100031DE000830B52DED028B0B7883B00446D8
:10652000B0EE408A0D463BB100232B7054B90020D9
:1065300003B0BDEC028B30BD2149FFF7CBFF002833
:10654000F2D1F4E72568B5F5407FF0D29FED1D7AD2
:10655000F0EEC87AF4EE477AF1EE10FA08D91A494B
:10656000204603B0BDEC028BBDE83040FFF7B2BF60
:106570009FED160A28EE000A05F070F980EAE07235
:10658000A2EBE0724FF47A71B2FBF1F301FB13223C
:1065900000920F490F4A12EA200238BF0A460E48FD
:1065A000C5F54071284406F0C5FA0028BFDB236812
:1065B000C3F540728242BAD9034423600120B7E791
:1065C0003FDE0008FFFF7F7F41DE000800007A44C5
:1065D00035DE000834DE000826550020137870B53B
:1065E00004460E46154623B100232B703CB900200B
:1065F00070BD0D49FFF76EFF0028F5D1F7E7206861
:10660000B0F5407FF3D2094D094A3346C0F54071D9
:10661000284406F08FFA2368C3F540728242E6D917
:10662000034423600120E3E73FDE000826550020F5
:1066300045DE000870B5A4B001238DF80730C84BC3
:106640001B68C31A0026632B0446029640F2EF81B2
:10665000442213A9FFF704FE002800F0E88140223D
:1066600003A92046FFF7D0FE002800F0E08114A81F
:10667000FFF72EFFBB4A8DF8076023464FF44071A9
:106680000546B94806F056FAB84B029019680DF164
:106690000702013102A81960FFF7A0FF002800F0EF
:1066A000C6810DF10702294602A8FFF797FF0028CF
:1066B00000F0BD8115A8FFF70BFF0DF107020146A1
:1066C00002A8FFF78BFF002800F0B18116A8FFF7A2
:1066D000FFFE0DF1070100EE100A02A8FFF71AFFF6
:1066E000002800F0A48117A8FFF7F2FE0DF10701C2
:1066F00000EE100A02A8FFF70DFF002800F09781B6
:1067000018A8FFF7E5FE0DF1070100EE100A02A838
:10671000FFF700FF002800F08A8119A8FFF7D8FED4
:106720000DF1070100EE100A02A8FFF7F3FE0028A2
:1067300000F07D811AA8FFF7CBFE0DF1070100EEF6
:10674000100A02A8FFF7E6FE002800F070811BA8DF
:10675000FFF7BEFE0DF1070100EE100A02A8FFF7D9
:10676000D9FE002800F063811CA8FFF7B1FE0DF1EF
:106770000702014602A8FFF731FF002800F0578109
:106780009DF874100DF1070202A8FFF727FF0028FB
:1067900000F04D819DF875100DF1070202A8FFF77A
:1067A0001DFF002800F04381BDF876100DF10702AF
:1067B00002A8FFF713FF002800F039811EA8FFF799
:1067C00087FE0DF10702014602A8FFF707FF002828
:1067D00000F02D819DF87C100DF1070202A8FFF753
:1067E000FDFE002800F023819DF87D100DF10702C9
:1067F00002A8FFF7F3FE002800F019819DF87E1033
:106800000DF1070202A8FFF7E9FE002800F00F8152
:106810009DF87F100DF1070202A8FFF7DFFE0028A8
:1068200000F0058120A8FFF753FE0DF1070100EEEF
:10683000100A02A8FFF76EFE002800F0F88021A8D9
:10684000FFF746FE0DF1070100EE100A02A8FFF760
:1068500061FE002800F0EB8022A8FFF739FE0DF161
:10686000070100EE100A02A8FFF754FE002800F00E
:10687000DE8023A8FFF72CFE0DF1070100EE100AC1
:1068800002A8FFF747FE002800F0D1809DF8101005
:106890000DF1070202A8FFF7A1FE002800F0C78053
:1068A0009DF811100DF1070202A8FFF797FE0028CE
:1068B00000F0BD80BDF812100DF1070202A8FFF72D
:1068C0008DFE002800F0B38005A8FFF701FE0DF152
:1068D000070100EE100A02A8FFF71CFE002800F0D6
:1068E000A68006A8FFF7F4FD0DF1070100EE100ADF
:1068F00002A8FFF70FFE002800F0998007A8FFF715
:10690000E7FD0DF1070100EE100A02A8FFF702FEF5
:10691000002800F08C8008A8FFF7DAFD0DF10701D0
:1069200000EE100A02A8FFF7F5FD00287FD009A8A5
:10693000FFF7CEFD0DF1070100EE100A02A8FFF7E8
:10694000E9FD002873D00AA8FFF7C2FD0DF1070189
:1069500000EE100A02A8FFF7DDFD002867D007E06F
:106960002C58002045DE000826550020285800201D
:106970000BA8FFF7ADFD0DF1070100EE100A02A80C
:10698000FFF7C8FD002852D00CA8FFF7A1FD0DF1BC
:10699000070100EE100A02A8FFF7BCFD002846D050
:1069A0000DA8FFF795FD0DF1070100EE100A02A8F2
:1069B000FFF7B0FD00283AD00EA8FFF789FD0DF1D2
:1069C000070100EE100A02A8FFF7A4FD78B310A893
:1069D000FFF77EFD0DF1070100EE100A02A8FFF798
:1069E00099FD20B311A8FFF773FD0DF1070100EE2B
:1069F000100A02A8FFF78EFDC8B10DF10702C5F31A
:106A0000014102A8FFF7EAFD88B1029B991CB1F58C
:106A1000407F0CD207480D22C25401300A22C254D2
:106A200089B20138FDF7DAFD08B1034B1C6024B0D0
:106A300070BD00BF265500202C58002030B51D46E3
:106A400089B0144612B312890F2A1CD1694600235B
:106A5000204603F02CFA0F28014614D104AA6846F8
:106A6000FCF78CF878B104A8FCF7FAF858B10322C7
:106A700004A90220FDF706FD28B1054B2A681A601B
:106A8000044B01221A70204603F0A5F809B030BD6E
:106A900038590020345900202DE9F8438846BDF8C4
:106AA000209015461F460646C8B1C2B1BBB14FF48F
:106AB00020722946362003F0C9F8044678B12A46E8
:106AC000414603F025FA28B94B463A46214630465E
:106AD00003F0A0FC2046BDE8F84303F07CB8BDE815
:106AE000F88300002DE9F041DAB01F46BDF880813F
:106AF0001446002A34D01289B2F5887F2DD800239D
:106B000016A9204603F0D3F923899842014624D1DF
:106B100002AA16A8FCF7DCFF2589064600F032FA27
:106B2000402302460093294606AB16A8FFF75EFAFB
:106B3000054610B382B21248CDF8008000683B468B
:106B400006A9FFF7A9FF76B90E4B3A681A600E4BFB
:106B5000A3F800800D4B01221A70204603F03BF889
:106B60005AB0BDE8F081032DF7D90949042206A8DF
:106B700006F05AF80028E7D0EFE7002EE4D0ECE763
:106B800054590020485900204659002044590020FB
:106B900049DE0008F8B5002003F08EFC284D28607F
:106BA00058B1284944F6216203F046FB04462868A0
:106BB0002CB103F059FC00232B600020F8BD2249C2
:106BC000224E234F224603F049FC204603F074FC7A
:106BD0003060204603F070FC03463860306838B9F6
:106BE000306850BB386808B103F03EFC2868E0E725
:106BF000002BF5D0134944F61F6203F01DFB00285B
:106C0000EED11049386844F6206203F015FB0446C3
:106C10000028E5D102460F49306803F01FFC0E4BF7
:106C20001C700E4B1C700E4B1C700E4B1C700E4BD0
:106C30001C600E4B01201C60C0E703F015FCD1E77F
:106C40005459002004E00008E56A0008505900206B
:106C50004C5900203D6A0008445900203459002056
:106C60003158002030580020405900203C59002065
:106C70002DE9F0433D4EDFF81C81DFF81C91CFB0C9
:106C800004460227327898F800309A4220D03378B0
:106C900009EB03130FCB39AD85E80F0033780133CF
:106CA00003F00F033370324B1B787BB125A92846C4
:106CB000FBF7A4FF0F28024608D144F620632D48B5
:106CC000009300682C4B25A9FFF7E6FE012F05D1A4
:106CD0002A4B1B7823B94FB0BDE8F0830127D1E7D9
:106CE000274A1368E31A132BF5D9264D146014A90B
:106CF00044222046FFF7B4FA2A68531C2B6080B266
:106D0000542339AE02930090019614AB00218020E9
:106D1000FCF72AFE48B11C4B82B21B881B4800932B
:106D200000681B4B3146FFF7B7FE402204A92046FE
:106D3000FFF76AFB2A68531C2B6080B2502325ACF6
:106D400002930090019404AB00218320FCF70CFE19
:106D50000028C0D00C4B82B21B880C4800930068FE
:106D60000B4B2146FFF798FEB5E700BF30580020D7
:106D7000345900204C590020385900204459002033
:106D80003C59002040590020465900205459002009
:106D9000485900203158002034580020022870B58E
:106DA00013D191B1094E0A4B34781B78013404F0A9
:106DB0000F04A34209D03378064D05EB03150FC924
:106DC00085E80F00BFF35F8F347070BD315800202D
:106DD000305800203458002030B570B1CC6864B110
:106DE0008A6852B10B6943B10D6849688560C0E992
:106DF0000424C1608361002030BD4FF0FF30FBE709
:106E000073B54568002304460193A5B9836803B1AF
:106E10009847202323600026636901AA122128468F
:106E2000984700280ADB019B03F01F03AB4207D100
:106E3000256001236360002002B070BD6FF004067E
:106E40000135202DE8D123681F2B04D8002EF0D067
:106E50006FF00400F0E76FF00200EDE737B50025B2
:106E600043690195044601AA006801219847A84298
:106E700003DA6FF0040003B030BD6369206801AA33
:106E8000012198470028F4DB019B5B072CD563693F
:106E9000206801AA294698470028EADB019BDD0407
:106EA0000ED403F40452B2F5045F01D10220E2E7EC
:106EB000980401D50320DEE7D90513D40520DAE7CD
:106EC0006369206801AA1F2198470028D1DB019B34
:106ED000DA040BD503F01C03182BE7D0082BE9D0FC
:106EE000142BEBD10420C6E70120C4E70620C2E73B
:106EF00038B50E4B1A784FF47A73B3FBF2F30C4AA1
:106F000005461068B0FBF3F000F0FAFB044658B9F0
:106F10000F2D09D8024629464FF0FF3000F0B0FB94
:106F2000044B20461D6038BD0120FCE718000020FE
:106F3000140000201C00002008B50B4B1A6842F416
:106F400000721A601A6842F480621A601A6842F489
:106F500080721A60032000F081FB0F20FFF7C8FF4A
:106F6000FDF722FA002008BD003C0240034A044B12
:106F700011681B780B441360704700BF58590020FC
:106F800018000020014B1868704700BF58590020B6
:106F900038B50446FFF7F6FF631C1CBF054B1B7892
:106FA000054618BFE418FFF7EDFF431BA342FAD3D1
:106FB00038BD00BF18000020014B1868000C704756
:106FC000002004E038B5044600286ED090F8203048
:106FD0000BB9FDF715FB2268136843F0010313603A
:106FE000FFF7D0FF054623685A68D10751D51A68C4
:106FF00022F002021A60FFF7C5FF054623685A68AF
:10700000920754D4227E012A1A680CBF42F08002F3
:1070100022F080021A60627E012A1A680CBF42F0D8
:10702000400222F040021A60A27E012A1A680CBFB8
:1070300042F0200222F020021A60E27E012A1A6841
:107040000CBF22F0100242F010021A60227F012AC7
:107050001A680CBF42F0080222F008021A60627F30
:10706000012A1A680CBF42F0040222F004021A60DE
:10707000D4E902210A4321690A4361690A4361682C
:1070800001390A43DA6100200123606284F820306C
:107090000CE0FFF777FF401B0A28A4D9636A43F48A
:1070A00000336362052384F82030012038BDFFF7E8
:1070B00069FF401B0A28A1D9F0E7000030B590F81D
:1070C0002030013B012B77D83E4BD3F8002242F011
:1070D0000102C3F80022D3F8002222F47C52C3F844
:1070E0000022D3F80022486A42EA0022C3F80022B4
:1070F0004A69D3F81C5202F01F040120A04025EA7F
:107100000005C3F81C52CD69C443002D35D1D3F816
:107110000C522540C3F80C52CB688D8845EA0345D4
:10712000D30003F1804303F5C8430A88C3F84052F3
:107130008D6842EA0542C3F844228A69214B8ABB22
:10714000D3F804222240C3F804220A6972BBD3F8A0
:1071500014221440C3F814420B6A012B194B02BFCE
:10716000D3F81C220243C3F81C22D3F8002222F0D9
:107170000102C3F80022002030BD012DDDD1D3F87B
:107180000C520543C3F80C520B688D8845EA034541
:10719000D30003F1804303F5C8438A89C3F8405202
:1071A0008D68C6E7D3F804220243CCE7D3F8142253
:1071B0000243C3F81422CFE7436A43F480234362B7
:1071C0000120D9E70064004038B590F82030012B49
:1071D00004461FD10268022380F82030136823F090
:1071E00001031360FFF7CEFE05462368586810F0D0
:1071F000010001D1606238BDFFF7C4FE401B0A28C0
:10720000F3D9636A43F400336362052384F82030C2
:107210000120F0E7436A43F400234362F8E7F0B546
:1072200090F820500468013D012DA6683ED816F064
:10723000E05F35D0C6F30160012585401D60D1E9CE
:10724000025700F1180325BB0D681B0147EA45579B
:10725000E75004EB00130E69C3F88461097D01292E
:1072600008BFD3F884114FEA001504BF41F48071C0
:10727000C3F884112C445168C4F88C111268C4F806
:107280008821D3F8802142F00102C3F88021002038
:10729000F0BD4E683D431B0145EAC605E550D8E701
:1072A000436A43F4001343620120F1E7436A43F465
:1072B0008023F8E790F82030013B012B0CD80368BD
:1072C00098689A689B681201C0F3806048BF0130DB
:1072D000DB0002D50130704700207047F0B590F810
:1072E0002040013C012C71D8066841B9F468A4071C
:1072F00007D1436A43F4001343620120F0BD3469AF
:10730000F5E706EB01150C01D5F8B07107F004079D
:107310009760002F50D1D5F8B0717F0D1760D5F868
:10732000B07107F00207D760D5F8B4713F0756BFB8
:10733000D5F8B471082707F00F071761D5F8B471B5
:10734000D5F8B4512644C7F307272D0C9761556132
:10735000D6F8B8211A7002682244D2F8B821120A6D
:107360005A7002682244D2F8B821120C9A7002684E
:107370002244D2F8B821120EDA7002682244D2F800
:10738000BC211A7102682244D2F8BC21120A5A7137
:1073900002682244D2F8BC21120C9A71026822447D
:1073A000D2F8BC21120EDA71036851B9DA6842F0E2
:1073B0002002DA600020A1E7D5F8B071FF0857601D
:1073C000ADE71A6942F020021A61F3E7436A43F419
:1073D000802391E790F82030013B012B07D8036808
:1073E00019B9D86800F0030070471869FAE700205F
:1073F000704790F82030013B012B05D80268536993
:107400001943516100207047436A43F4802343626B
:10741000012070477047704770477047704770474A
:10742000704770477047704770472DE9F84F036801
:107430005E69D3F80490D3F80880D3F80CB0D3F881
:1074400010A09F6916F00104054627D018F0010F1F
:1074500007D0012218F0020F9A6000F0A580FFF714
:10746000D9FF002418F4807F0AD02B684FF4807273
:1074700018F4007F9A6000F0A6802846FFF7CBFF43
:1074800018F4803F0AD02B684FF4803218F4003F84
:107490009A6000F0A8802846FFF7BEFF310707D5A5
:1074A0001BF0100F1FBF2B68102244F40074DA6029
:1074B000720708D51BF0080F05D02B680822DA6088
:1074C0002846FFF7ADFFB30706D52B68DB689807A2
:1074D00002D02846FDF7B0F9710607D51AF0100F53
:1074E0001FBF2B68102244F480641A61B20608D5CD
:1074F0001AF0080F05D02B6808221A612846FFF7FA
:1075000091FFF30606D52B681B69980702D0284621
:10751000FFF787FFB10308D519F0100F05D02B68CE
:1075200010225A602846FFF77EFFF20308D519F0B3
:10753000080F05D02B6808225A602846FFF774FF11
:10754000330428D519F0040F2A6822D0F00544BF6F
:1075500007F001031C43B10503D5BB0748BF44F046
:107560000204700503D5790748BF44F004043305CD
:107570000FD517F070030CD0402B54D043D8202BDC
:107580004BD0302B4CD0102B44D0936923F0700398
:107590009361042353602CB16B6A23436B622846CA
:1075A000FDF78CF9BDE8F88F18F0040F05D118F03D
:1075B000080F05D1FFF731FF53E74FF4006451E79F
:1075C0004FF480544EE718F4806F02D044F4005416
:1075D00056E718F4006F02D044F4804450E7284680
:1075E000FFF71CFF4CE718F4802F02D044F400444E
:1075F00054E718F4002F02D044F480344EE72846B4
:10760000FFF70DFF4AE7502B10D0602BBDD144F49B
:107610008074BAE744F00804B7E744F01004B4E714
:1076200044F02004B1E744F04004AEE744F08004A5
:10763000ABE790F820200346D0B2013A012A0AD8DD
:107640001B685A68920705D41B6813F0020F18BF15
:107650000320704704207047406A70470749CA6892
:1076600022F4E0620302120403F4E063120C1343F9
:1076700043F0BF6343F40033CB60704700ED00E09C
:10768000164B30B5DC68C4F30224C4F10703251D92
:10769000042B28BF0423062D4FF0FF358CBF033C7D
:1076A000002405FA03F321EA0303A54022EA0502B8
:1076B000A340002843EA0203ACBF00F16040084A3F
:1076C0004FEA0313B8BF00F00F00DBB2AABF00F50A
:1076D0006140135480F8003330BD00BF00ED00E07E
:1076E00014ED00E0002807DB044A4109012300F003
:1076F0001F00834042F82130704700BF00E100E0E6
:107700000138B0F1807F0BD24FF0E023054A586179
:10771000F02182F823100020072298611A61704737
:107720000120704700ED00E0704708B5FFF7FCFF4F
:1077300008BD0000036810B5084C0246D9B21039E4
:107740001820B1FBF0F0205CD06523F47F7020F0AE
:1077500003005F2988BF0430906510BD8ADF0008F0
:1077600070B50446FFF70EFC0546002C60D00223DE
:1077700084F835302268002384F83430136823F00D
:107780000103136022681368D8072ED413683248A7
:10779000A1691840D4E901352B43E5682B432569DD
:1077A0002B4365692B43E5690B432B43256A2B4328
:1077B0000343606A042802BFD4E90B5635432B43C8
:1077C00013605369042823F0070343EA000335D10B
:1077D000A06AE56A03438DB391B9012820D030F047
:1077E00002012BD1E90129D51DE0FFF7CBFB401B9E
:1077F0000528C7D920230320636584F8350070BDB0
:10780000B1F5005F16D1032818D801A151F820F076
:1078100027780008E5770008277800082178000815
:10782000B5F1C07F0AD140236365012384F8353068
:107830000120E4E70228F6D90328D3D0536120467B
:10784000FFF778FFE26D3F23934083600020012320
:10785000606584F83530D2E73F8010F070B590F85D
:107860003440866D012C30D0012480F8344090F8EB
:107870003540012C4FF0000425D1022580F8355009
:1078800044650468256825F4802525606360836865
:10789000402B0EBFA260A160E260C26D08BFE16034
:1078A0003F239340B360236843F016032360036CC7
:1078B0001BB1236843F008032360236843F00103EE
:1078C0002360002070BD80F834400220FAE770B5D4
:1078D0000446866DFFF756FB94F83530022B0546BB
:1078E00006D0802363650120002384F8343070BD06
:1078F00023681A6822F016021A605A6922F0800280
:107900005A61226C0AB9A26C1AB11A6822F00802F4
:107910001A601A6822F001021A602368186810F0D1
:10792000010007D1E26D3F239340B360012384F847
:107930003530D9E7FFF726FB401B0528EDD920237A
:107940000320636584F83500CEE790F83530022BCC
:1079500003D080234365012070470268052380F827
:107960003530136823F001031360002070470000D6
:10797000F7B5002301935C4B856D1F68C36D2E68BE
:1079800008229A40324204460CD001680868400739
:1079900008D5086820F004000860AA60626D42F013
:1079A0000102626501229A40324208D02168496989
:1079B000090641BFAA60626D42F0020262650422BC
:1079C0009A40324208D021680968880741BFAA60FE
:1079D000626D42F00402626510229A40324210D079
:1079E0002368196809070CD5AA601A68500337D5AF
:1079F0001B68190301D4236C00E0A36C0BB1204673
:107A00009847E16D20228A4032423AD023681868B4
:107A1000C60636D5AA6094F83520052A1A6827D1FB
:107A200022F016021A605A6922F080025A61226C12
:107A30000AB9A26C1AB11A6822F008021A603F2330
:107A40008B40AB60012384F83530002384F8343058
:107A5000236D002B45D0204603B0BDE8F040184709
:107A60001A68D2055EBF1A6822F008021A60C2E7DF
:107A7000500327D51B68190331D4636C0BB1204622
:107A80009847636D6BB3636DDA0719D522684FF4BD
:107A90001653B7FBF3F7052384F83530136823F04A
:107AA00001031360019B0133BB42019302D81368A9
:107AB000DB07F7D4012384F83530002384F8343011
:107AC000E36CC6E71A6812F4807208D1196821F0D5
:107AD00010011960012384F8353084F83420E36BF9
:107AE000CCE703B0F0BD00BF140000202DE9F04347
:107AF000856A00EB85079146BB691C68002C02DA99
:107B00000220BDE8F083FC6A002CF9D18C68D1F822
:107B100000C026689E605E6862686FF30C061643BC
:107B20001CF0010F5E6005D01E684A6926F440060D
:107B300016431E601CF0200F05D01E68096926F050
:107B40004066314319601CF0040F18BF1968414E9C
:107B50001CBF41F080011960196841F08051196023
:107B60004FF000082946A46808F1010E1CBB1A68F2
:107B7000B9F1000F6BD042F080421A601A6842F0EF
:107B800000521A60BA69BFF35F8F136843F0004375
:107B9000136000EB8103C26BDA628162EFF3108243
:107BA000012383F31088036C01334344036482F39D
:107BB00010880020A5E7D3F800C02CF0005CC3F8C3
:107BC00000C0D3F800C0B9F1000F26D04CF0804CB3
:107BD000C3F800C001F1010CBCF1030F88BFA1F193
:107BE000030C00EB8C018B69D3F80080B8F1000F17
:107BF00016DAB9690022724582D0BFF35F8F0B6835
:107C000023F000430B606B1C032B88BFEB1E00EBC3
:107C10008301013289691D46EDE72CF0804CD7E7DE
:107C2000C96A0029E5D11968626821F0805119609C
:107C3000216899605968314011435960BFF35F8FE3
:107C4000196841F000411960F04661468BE722F067
:107C5000804292E700E0FFFF70B50D460268AB6816
:107C60001168044668690343A8690343686A0343CB
:107C7000A87B43EA4063E87F43EA0043287F43EA66
:107C80000033287943EA8023E87B43EAC01395F860
:107C9000280043EA00132A480840297CB1FA81F100
:107CA0000343490943EAC153697CB1FA81F14909A7
:107CB00043EA8153A97FB1FA81F1490943EA41338B
:107CC00095F82010B1FA81F1490943EA4123136084
:107CD00001201668FFF75CF92168A86C0E608A69BC
:107CE0002B6D22F0BE02120443EA0043120C134330
:107CF00095F84C20B2FA82F2520943EAC21395F881
:107D00005520501E4242424143EAC20395F8562094
:107D1000561E7242724143EA820395F8542002F1E2
:107D2000FF3CDCF1000242EB0C0243EA42038B61B0
:107D300001208D69FFF72CF923689D6170BD00BF9C
:107D40000F8120FD70B54B6902680D46096A0B432F
:107D5000697B43EA4163A97B43EA4153297F43EAB4
:107D6000C113A97F02F5805243EA811395F82410CC
:107D7000044643EA810390691A4901400B43297B79
:107D8000B1FA81F1490943EA8163697FB1FA81F16E
:107D9000490943EA0153936101209669FFF7F8F816
:107DA0002268A969AB6802F580520B43966195F889
:107DB000251043EAC11329690B4329680B43A96ABB
:107DC00043EA8103297943EA416343F400031360E2
:107DD00001201568FFF7DCF8236803F580531D6068
:107DE00070BD00BF233FDEF813B500230193036885
:107DF00003F5805304469A6942F480129A619B69A4
:107E000001930120FFF7C4F82368019A03F580531A
:107E10009A6102B010BDF7B5866EC76E002301935C
:107E200006F11203044650F8235037B12B6A5BB9B0
:107E300001A8FCF70FFF019B23B9E36EBB421AD1E7
:107E400003B0F0BD2B62AB60A26D63690AB943F069
:107E5000004343F480436B602B6843F000432B6086
:107E6000731C032B88BFF31E03F11202013F54F869
:107E700022501E46D9E7BFF35F8F23682269F11CA9
:107E800001F00301282003F5805300FB01229A60D2
:107E9000C4E91A67D4E70000F0B50446A7B000288B
:107EA00000F0ED80D0F8843023B92023C0F884306E
:107EB000FCF7AEFD00230193724BA1685A6C42F4AB
:107EC00080425A645B6C03F480430193019B6E4BC8
:107ED0005A6822F400025A605A680A435A605B6882
:107EE000236803F580531A6842F001021A60FFF715
:107EF00049F80646236803F580531D6815F001050F
:107F000040F0B08001264FF4804240F201174FF458
:107F100000630DA92046CDE912238DF83860ADF835
:107F20005260ADF842600F958DF850508DF8545066
:107F3000ADF8447016958DF85C501F958DF8805003
:107F40002195ADF888508DF88A50FFF785FE4FF4E3
:107F5000803304934FF40053CDE906354FF480038A
:107F6000089320464FF4807302A98DF80C608DF8B9
:107F70001660ADF82430ADF814708DF826500A95CF
:107F8000ADF82C700C950295FFF7DCFEE66804F165
:107F9000140C33462A462846186058609860D8600A
:107FA0004CF8043F1F68194647F4801741F8287BB6
:107FB000032A14BFD960DE601F68013247F440070E
:107FC000042A1F600B46E7D1226802F58057002182
:107FD000A1623E61266904F1440C33464FF0004E25
:107FE000C3E908116069196040F4804059609960E4
:107FF000D960C3F800E05860586820F0004058602D
:10800000032D03F1280005F101054CF8043F14BFCE
:10801000D860DE60042D0346E2D10020C4E91700D9
:10802000C4E91A006168A065184BFE608D881D6464
:1080300009685964D36B43F40273D363D2F80C31EB
:1080400043F4003343F06003C2F80C31D2F810312E
:1080500043F40313C2F810311023C4F88800C4F8A5
:1080600084300DE0FEF78EFF801BB0F5FA7F7FF6BF
:1080700041AF0423C4F88830E023C4F884300120E1
:1080800027B0F0BD003802400038014000800240B7
:1080900038B5D0F88430102B04462ED12023C0F8F8
:1080A00084300423C366FFF7B6FE23681A6842F0E3
:1080B00008021A6001201D68FEF76AFF23681D6030
:1080C0001A6842F004021A6001201D68FEF760FF82
:1080D000236820461D60FFF787FE236803F5805361
:1080E00000209A6942F400529A619A6942F00202B1
:1080F0009A614023C4F8843038BD0120FCE738B5CC
:10810000D0F88430402B04462AD12023C0F8843094
:10811000036803F580520120916921F400519161B7
:10812000916921F0020191611A6822F004021A603B
:108130001D68FEF72DFF236820461D60FFF754FEE3
:1081400023681A6822F008021A6001201D68FEF7F1
:108150001FFF23681D601023C4F88430002038BD41
:108160000120FCE7F8B50446154639B9D0F8883047
:1081700043F00103C4F888300120F8BDD0F8843002
:10818000402BF9D10022FFF7B1FC20B1D4F88830A0
:1081900043F00203EEE7BFF34F8FA26A931D54F83A
:1081A0002370531C032B88BFD31E2268A36206339F
:1081B00002F5805254F823305360FEF7E3FE064682
:1081C0003B68002B01DB0020D7E7236803F58053D1
:1081D0005A69920409D5D4F8882042F00802C4F8FC
:1081E00088205B69C4F88C30C6E76B1CE8D0FEF7CA
:1081F000C9FE801BA84201D8002DE1D1D4F88830F7
:1082000043F00403C4F888304FF040533B60B3E7B9
:108210002DE9F04F044685B0894649B9D0F8883039
:1082200043F00103C0F88830012005B0BDE8F08FAD
:10823000D0F88430402BF7D1D0F85C8008F11203DD
:10824000002750F82350C36E00F18001C3F1040AE7
:108250003E467C30BB462B68002B02DB564500D0E7
:1082600087B1E36E1E44E66616B12046FFF7D3FDE4
:10827000C4F85C80002FD7D0E36FC9F8003000202D
:10828000E067D2E72B68DB0541BFEB69A367AB6909
:1082900063672B689A0501D4E36F03B32B680190E1
:1082A0009B052B682A6848BFC4E918BBD20544BFA8
:1082B0002A682267AA682A62C3F30D43CDE9021334
:1082C00048BF0127FCF7E8FC226E039B01322266BF
:1082D000626EDDE901011A446266C5F820B008F15A
:1082E0000103032B88BFA8F1030303F11202013637
:1082F00054F822509846AEE770B5044600681D4613
:108300000369920103F01C0302F4F862C9021A43E4
:1083100089B2114341F001010161FEF733FE0646C7
:10832000FEF730FE801BB0F5803F08D22368186945
:1083300010F00100F4D15B699BB22B6070BD01208D
:10834000FCE738B5044600680569920105F01C0594
:1083500002F4F862C9022A4389B2114341F00301D1
:108360009BB243610161FEF70DFE0546FEF70AFE72
:10837000401BB0F5803F05D22368186910F001005A
:10838000F4D138BD0120FCE7002961D003681A68E8
:10839000C2F3001281F828201A6802F060024A62D3
:1083A0001A68C2F3402282F0010281F820201A6884
:1083B000C2F30042CA771A68C2F3403282F0010267
:1083C0008A771A68C2F300320A771A6802F40062E8
:1083D0008A611A6802F480424A611A68C2F38052C4
:1083E00082F001024A741A68C2F3C05282F001029C
:1083F0000A741A68C2F3C012CA731A6802F46022BF
:108400008A601A68C2F380220A711A68C2F3406255
:108410008A739A69C2F3400281F854209A69C2F3C0
:10842000C01282F0010281F84C209A6902F03002F9
:108430000A659A69120C8A649A69C2F3800281F80B
:1084400056209B69C3F3C00381F855300020704764
:108450000120704708B539B1D0F88430102B03D112
:10846000FFF7FAFB002008BD0120FCE738B50368E0
:1084700005461C6900F080FB0D4B984224F01C045B
:1084800004D844F008042B681C6138BD094B98429D
:1084900002D244F00C04F6E7074B9842F3D9074B9D
:1084A000984294BF44F0040444F01004EBE700BF8A
:1084B000BF0E160200879303FFE0F5057FD1F00899
:1084C0002DE9F74FDFF8A491664A00230D680124D7
:1084D0009C4004EA0506AC4340F0AF804D6803279A
:1084E00005F003044FEA430807FA08FC671E012F52
:1084F0006FEA0C0C34D8876807EA0C0ECF6807FACD
:1085000008F747EA0E078760476827EA060EC5F3B3
:1085100000179F4047EA0E074760C76807EA0C0E3E
:108520008F6807FA08F747EA0E07022CC76019D1CF
:108530004FEAD30A00EB8A0A03F0070BDAF820703F
:108540004FEA8B0B4FF00F0E0EFA0BFE27EA0E0EC2
:108550000F6907FA0BF747EA0E07CAF8207001E027
:10856000032CDAD1076804FA08F407EA0C073C4345
:1085700015F4403F046060D000240194D9F84440D1
:1085800044F48044C9F84440D9F8444023F0030738
:1085900007F1804704F4804407F59C37019403F009
:1085A000030C019CD7F808E04FEA8C0C0F2404FA66
:1085B0000CF42EEA040E2C4CA04245D004F5806445
:1085C000A04243D004F58064A04241D004F5806409
:1085D000A0423FD004F58064A0423DD004F5806401
:1085E000A0423BD004F58064A04239D004F58064F9
:1085F000A04214BF0824072404FA0CF444EA0E0431
:10860000BC609468F74315F4801F0CBF3C403443B2
:108610009460D46815F4001F0CBF3C403443D46010
:10862000546815F4003F0CBF3C4034435460146858
:10863000ED0354BF3C40344314600133102B7FF4EE
:1086400045AF03B0BDE8F08F0024D5E70124D3E7A0
:108650000224D1E70324CFE70424CDE70524CBE7A8
:108660000624C9E7003C01400000024000380240F7
:108670000AB1816170470904FBE7436901EA03021B
:1086800021EA030141EA0241816170472DE9F3418A
:10869000044640B30368DE0710D423689D075BD40B
:1086A0002368190700F19D8023685A0700F1BD80F7
:1086B000A369002B40F0248100202CE08D4B9A68A8
:1086C00002F00C02042A07D09A6802F00C02082A71
:1086D0000BD15B68590208D5864B1B689A03DCD521
:1086E0006368002BD9D1012015E06368814DB3F593
:1086F000803F13D12B6843F480332B60FEF742FC9C
:108700007C4E054633689B03C7D4FEF73BFC401BF9
:108710006428F7D9032002B0BDE8F081B3F5A02F9B
:1087200004D12B6843F480232B60E3E72A6822F40A
:1087300080322A602A6822F480222A60002BDDD150
:10874000FEF720FC06462B689F03A6D5FEF71AFC11
:10875000801B6428F7D9DDE7664B9A6812F00C0F8E
:1087600007D09A6802F00C02082A11D15B685D02FA
:108770000ED4604A1368990702D5E368012BB2D181
:108780001368216923F0F80343EAC103136087E704
:10879000E268594BB2B101221A60FEF7F3FB554D66
:1087A00006462B689B0707D52B68226923F0F80340
:1087B00043EAC2032B6073E7FEF7E4FB801B022849
:1087C000EFD9A7E71A60FEF7DDFB4A4E054633688E
:1087D0009F077FF565AFFEF7D5FB401B0228F6D952
:1087E00098E76269444B82B10122C3F8802EFEF7FC
:1087F000C9FB404E0546736F9B073FF555AFFEF72B
:10880000C1FB401B0228F6D984E7C3F8802EFEF78F
:10881000B9FB384E0546736F9F077FF545AFFEF7EE
:10882000B1FB401B0228F6D974E7324B1A6C12F0E8
:10883000805228D101921A6C42F080521A641B6C4B
:1088400003F080530193019B01272C4D2B68D80521
:108850001BD5A368274D012B27D12B6F43F00103B4
:108860002B67FEF78FFB234E054641F28838336FA6
:108870009A0739D5002F3FF41BAF1E4A136C23F023
:108880008053136414E70027DFE72B6843F48073F9
:108890002B60FEF777FB06462B68D905D9D4FEF787
:1088A00071FB801B0228F7D934E7052B04D12B6F0D
:1088B00043F004032B67D0E72A6F22F001022A67F6
:1088C0002A6F22F004022A67002BCAD1FEF75AFB56
:1088D00041F2883806462B6F9B07CBD5FEF752FB3B
:1088E000801B4045F7D915E7FEF74CFB401B404580
:1088F000BDD90FE700380240000047420070004039
:10890000374DAA6802F00C02082A3ED0022B354BE4
:108910004FF000021A662BD1FEF734FB06462B6897
:1089200099011FD4D4E907321343626A43EA8213E0
:10893000E26A43EA0263A26A5208013A43EA024346
:108940006B60284B264D01221A66FEF71BFB04467E
:108950002B689A013FF5B0AEFEF714FB001B02280E
:10896000F6D9D7E6FEF70EFB801B0228D7D9D1E651
:10897000FEF708FB04462B689B017FF59DAEFEF7D2
:1089800001FB001B0228F6D9C4E6012B3FF4ABAE75
:108990006B68E26903F4800191427FF4A4AE216A1E
:1089A00003F03F028A427FF49EAE616A47F6C072CE
:1089B0001A40B2EB811F7FF496AEA26A520803F40C
:1089C0004031013AB1EB024F7FF48DAEE26A03F021
:1089D0007063B3EB026F14BF012000209BE600BF61
:1089E0000038024000004742134908B58B6803F085
:1089F0000C03042B1CD0082B1CD14A684B68496817
:108A000013F4800314BF0D480D48C1F3881118BF3B
:108A1000002302F03F02A1FB0001FBF78DF9064B9A
:108A20005B68C3F3014301335B00B0FBF3F008BDA7
:108A30000248FCE70248FAE70038024000127A00D8
:108A40000024F4002DE9F0410D46044610B9012040
:108A5000BDE8F081434B1A6802F007028A4228D32E
:108A600021688F072DD4C80740D43E4B1A6802F006
:108A70000702AA4265D8226851076BD4130707D5AD
:108A8000394A2169936823F4604343EAC103936040
:108A9000FFF7AAFF344B354A9B68C3F30313D35C3B
:108AA000D840334B1860334B1868FEF721FA00208A
:108AB000CEE7CAB21A701B6803F007038B42C6D117
:108AC000CEE7294B11F0040F1EBF9A6842F4E05222
:108AD0009A600E0742BF9A6842F460429A609A68B0
:108AE000A06822F0F00202439A60BCE762681E4B65
:108AF000012A1CD11B6813F4003FA8D01A4EB3689A
:108B000023F003031343B360FEF73CFA41F28838C5
:108B10000746B368626803F00C03B3EB820FA4D07E
:108B2000FEF730FAC01B4045F3D9032090E7911EB1
:108B300001291B6802D813F0007FDEE713F0020F53
:108B4000DBE7EAB21A701B6803F00703AB427FF45D
:108B50007EAF90E70449E0688B6823F4E053034359
:108B60008B608BE7003C02400038024050DF000879
:108B7000140000201C000020014B1868704700BF43
:108B800014000020044B054A9B68C3F38223D35C86
:108B9000034A1068D84070470038024048DF000898
:108BA00014000020044B054A9B68C3F34233D35C96
:108BB000034A1068D84070470038024048DF000878
:108BC00014000020026802F10C0353E8003F23F474
:108BD00090730C3242E8003102680029F2D102F1B0
:108BE000140353E8003F23F0010302F1140C4CE896
:108BF00000310029F3D1036B012B0BD102F10C03DF
:108C000053E8003F23F0100302F10C0C4CE8003154
:108C10000029F3D1202380F84230002303637047FA
:108C20000268C16838B5136923F440530B431361DC
:108C3000054683680069D168034368690343E869AE
:108C400021F4164121F00C0103430B43D360536917
:108C5000A96923F440730B4353611F4B9A4203D01D
:108C600003F580639A4224D1FFF79CFFEA6919213A
:108C7000B2F5004FD5E90043A0FB01011CD1DA1881
:108C80004FF0000545EB0503FBF756F86422B0FBF7
:108C9000F2F102FB1103DB003233B3FBF2F303F01A
:108CA00007025B0002EB011203F4F8731344A360A4
:108CB00038BDFFF767FFD9E79A009B0FFBF73CF839
:108CC0006422B0FBF2F102FB11031B013233B3FB50
:108CD000F2F303EB0113EAE700100140F7B5054694
:108CE0000C4617461E462A68136834EA030301D16E
:108CF000002021E0701CF7D0FEF744F9C01B86422B
:108D00001CD3DEB12B68DA685107ECD5802CEAD091
:108D1000402CE8D01A681207E5D5002401941A689F
:108D200001925B6801932846019BFFF74BFF0823E4
:108D30006B6485F84040012003B0F0BD0320FBE7E1
:108D400010B5044648B390F8413003F0FF021BB958
:108D500080F84020FBF7D2FC2268242384F84130BD
:108D6000D36823F40053D3602046FFF759FF2368EC
:108D70001A6922F490421A615A6922F02A025A6151
:108D8000DA6842F40052DA6000202023606484F83C
:108D9000413084F84230606310BD0120FCE72DE9CA
:108DA000F843984690F84130202B04460E4617466B
:108DB0003FD100293FD0002A3DD021230025456422
:108DC00080F84130FEF7DEF8A368A784B3F5805F32
:108DD0008146E78403D123690BB935461E46E38CEF
:108DE0009BB253B943464A4640212046FFF776FFDF
:108DF000202350B984F841300AE043464A46802196
:108E00002046FFF76BFF28B1202384F84130032070
:108E1000BDE8F88322684EB935F8023BC3F3080376
:108E20005360E18C013989B2E184D8E716F8013B3F
:108E3000F6E70220ECE70120EAE770477047704749
:108E400008B5806B03685A6990F84110212912D146
:108E5000120610D50022C28403F10C0252E8002F42
:108E600022F0C00203F10C0C4CE800210029F3D1E0
:108E7000202280F841205B6990F84220222A05D107
:108E80005B0603D50023C385FFF79CFE436C43F0CC
:108E900010034364FBF724FD08BD08B5806B002375
:108EA000C385FBF71DFD08BD7047806B08B5012326
:108EB0004363036B012B04D1818D4908FFF7F4FF55
:108EC00008BDFFF7BCFFFBE708B50346806B1B68D6
:108ED0001B6813F4807337D1C385026802F10C0359
:108EE00053E8003F23F480730C3242E800310368FA
:108EF0000029F2D103F1140252E8002F22F00102FE
:108F000003F1140C4CE800210029F3D103F1140201
:108F100052E8002F22F0400203F1140C4CE800212B
:108F20000029F3D1202280F84220026B012A0BD1C4
:108F300003F10C0252E8002F22F0100203F10C0C96
:108F40004CE800210029F3D100234363036B012B7C
:108F500003D1818DFFF7A8FF08BDFFF76FFFFBE787
:108F600090F84230222B07B542D181680268836AAB
:108F7000B1F5805F3ED1016900293ED15268C2F34C
:108F8000080223F8022B8362C38D013B9BB2C38589
:108F9000002B2DD10268D16821F02001D160D16869
:108FA00021F48071D160516921F0010151612022C9
:108FB00080F842204363026B012A026827D10363D1
:108FC00002F10C0353E8003F23F0100302F10C0CF4
:108FD0004CE800310029F3D11368DB0605D5019177
:108FE0001368019353680193019B818DFFF75CFF28
:108FF00003B000BD39B9016929B95268D2B21A70FB
:10900000836A0133BFE7526802F07F02F7E7FFF798
:1090100015FFEDE703681A6873B51607D9685D692F
:10902000044608D1960668D58D0666D502B0BDE81F
:109030007040FFF795BF05F0010001F490750543FE
:109040005BD0D60705D5CD0542BF636C43F0010365
:109050006364530704D518B1636C43F0020363647F
:10906000960704D518B1636C43F0040363641507D5
:1090700007D501F0200303431EBF636C43F00803D0
:109080006364636C002B32D0920604D58B0602D544
:109090002046FFF765FF26687369626C03F04003A2
:1090A00002F0080253EA0205204622D0FFF78AFDAB
:1090B00073695E0618D5226802F1140353E8003F75
:1090C00023F04003143242E800310029F3D1E06B71
:1090D00050B1774B0365FEF738FC40B1E06B036D90
:1090E00002B0BDE8704018472046FBF7F9FB02B01C
:1090F00070BDFBF7F5FB6564F9E7206B012840F0D4
:109100009B80D50640F19880C80640F195800022EA
:1091100001921A6801925A680192019A5969A28DC6
:10912000490656D5E06B0168496889B2002947D0E5
:10913000914245D2C269E185B2F5807F36D003F114
:109140000C0252E8002F22F4807203F10C0040E878
:1091500000210029F3D103F1140252E8002F22F07C
:10916000010203F1140040E800210029F3D103F1CA
:10917000140252E8002F22F0400203F1140040E8EC
:1091800000210029F3D1202284F84220216303F139
:109190000C0252E8002F22F0100203F10C0040E80C
:1091A00000210029F3D1E06BFEF791FB02236363FA
:1091B000E38DA18DC91A89B22046FFF775FE96E7A7
:1091C000914294D1C369B3F5807F90D10223636348
:1091D000F2E7E18DE08D80B289B2002887D0511A84
:1091E00089B2002983D003F10C0252E8002F22F447
:1091F000907203F10C0545E800200028F3D103F13B
:10920000140252E8002F22F0010203F1140545E890
:1092100000200028F3D1202284F84220206303F1AB
:109220000C0252E8002F22F0100203F10C0545E871
:1092300000200028F3D1C9E7160628D50D0626D54B
:1092400094F84120212A7FF452AFA168226AB1F537
:10925000805F17D12169A9B932F8021BC1F3080157
:1092600059602262E28C013A92B2E284002A7FF4D1
:109270003EAFDA6822F08002DA60DA6842F040023B
:10928000DA6034E7511C216212785A60EAE750062E
:109290007FF52DAF4A067FF52AAFDA6822F040024B
:1092A000DA60202384F841302046FFF7C6FD1EE730
:1092B0009B8E000837B513460446828500228162E2
:1092C0004264222084F84200E06B214DC563214DA9
:1092D0000564214DC0E9135225680A46291DFEF791
:1092E000BDFA38B110236364202384F84230012092
:1092F00003B030BD236801901A6801925A68019248
:10930000019A22695AB103F10C0252E8002F42F48B
:10931000807203F10C0444E800210029F3D103F129
:10932000140252E8002F42F0010203F1140444E851
:1093300000210029F3D103F1140252E8002F42F07A
:10934000400203F1140444E800210029F3D1CFE7DF
:10935000C98E0008AB8E0008418E000870B490F8EA
:109360004260202E06D141B13AB10024046370BCA2
:10937000FFF7A0BF022070BC70470120FBE740BA96
:1093800080B2704730B510F001044FF0000306D0F2
:1093900099421DDD10F8012B013962F31F230022D1
:1093A000012910DC02D1017861F3070313449AB25A
:1093B00002EB134398B200EB134014B100BAC0F3B0
:1093C0000F4080B230BD30F8025B02392A44E7E733
:1093D0001A46EBE7F8B500260546344635B916B10E
:1093E00024BAC4F30F44E04380B2F8BD6F896868C3
:1093F0003946FFF7C7FF0444A3B203EB1444FB074D
:1094000048BF24BA2D6844BF86F00106C4F30F4458
:10941000E4E708B500F00AF800F0CAF900F066FACF
:1094200000F046FEBDE8084000F00ABE0C4B0D4AB5
:1094300023F0030313604FF420521A6000221A71C4
:10944000094A03F52051116003F500524FF028211D
:10945000C2F80018012182F80418044A136070470A
:10946000835900207C59002078590020745900202D
:109470002DE9F0410446002872D0830703D0BDE8EF
:10948000F041FBF722BCDFF8E480D8F80030A0F10F
:109490000805AB42F3D8334F396800F10C02914212
:1094A000EDD310F8042C002AE9D030F8086CB6F59A
:1094B000205FE4D830F8060CB0F5205FDFD8EA1A58
:1094C00092B2824202D0185A9042D8D13344994283
:1094D00002D05B889342D2D1234E002304F8043C8F
:1094E0003368AB4288BF3560A9420DD8FBF7EDFB6E
:1094F00014F8043C0BB1FBF7E8FB34F8083CB3F577
:10950000205F01D9FBF7E1FBD8F8003034F8081CE4
:109510005A18954211D0107978B9386882420CD027
:10952000306882425A5A08BF3560B2F5205F24F88D
:10953000082C1EBFD218E91A518034F8062C99184D
:109540008D420DD0087958B93068854208BF316026
:1095500034F8081C9952B1F5205F1CBF5B185A8083
:10956000BDE8F08178590020745900207C59002012
:109570002DE9F047CC1C24F00304A4B20B2C0546C3
:1095800004D9B4F5205F02D9002524E00C24A142BF
:10959000FAD8DFF8EC80D8F80030AB4203D8364B6D
:1095A0001B68AB4201D8FBF790FBD8F800A0AA4596
:1095B00011D8314B1B68AB420DD935F8087CA5F1A9
:1095C0000806A6EB0A06B6B2A7F108039B1B9BB2DE
:1095D000A34203D305D12846BDE8F087FBF775FB0E
:1095E000D2E70AEB070999F8042002BBB7F5205F20
:1095F00001D1FBF76AFB2148D8F800203AF8077040
:1096000006F108032344046899B24C4512FA83F327
:1096100008BF03600020187157525E8025F8081CAF
:10962000535AB3F5205FD6D01A445180D3E704F1E2
:10963000140292B29A42CED806F108031C44B7F540
:10964000205FA4B201D1FBF740FB0C49D8F80030F1
:1096500008681A19904288BF0A600021117135F814
:10966000081C1953568025F8084C1A5BB2F5205F88
:109670001CBF9B185C80AEE778590020745900200D
:109680007C5900202DE9F843002858D0C51C25F04E
:109690000305ADB20B2D04D9B5F5205F02D900202A
:1096A0004DE00C25A842FAD8DFF8C090DFF8C08062
:1096B000D9F80020D8F80060B61AB6B2C5F5205027
:1096C0006FF007078642EAD29419915B2379002B49
:1096D00047D1BB1B0B44AB4243D305F11402934269
:1096E0002FD305F108073744BFB2B7F5205F01D18A
:1096F000FBF7EBFAD9F80030DA1900211171218853
:10970000D9535680012227802271DA5BB2F5205F9F
:1097100001D013445F80D8F80030134AA34213D01D
:10972000136808352544AB4201D2FBF7CEFAA307F4
:1097300003D0FBF7CAFAFBF7C8FA04F10800BDE84A
:10974000F88301232371E6E71168D9F800001E7938
:109750000EB18B4202D1C8F80030E1E71B88034408
:10976000F5E70E46AEE700BF785900207C5900208F
:109770007459002010B504682CB123680360A30756
:1097800001D0FBF7A2FA204610BD4368816830B5CE
:109790000022033344880A6023F00303944200DC70
:1097A00030BD0D681D6005880B6001322B44F5E764
:1097B00008B50A48FFF7E9FF0948FFF7E6FF09483F
:1097C000FFF7E3FF0848FFF7E0FF0848FFF7DDFF7A
:1097D000BDE808400648FFF7D8BF00BFE8DF000833
:1097E000DCDF0008D0DF0008C4DF0008B8DF0008B5
:1097F000ACDF000810B5044620B1BDE81040806819
:10980000FFF7B8BFFBF761FA204610BD052808B581
:1098100007D8064B53F820309868BDE80840FFF79A
:10982000A9BFFBF752FA002008BD00BF94DF000873
:1098300038B50C46054608B121B938BDBDE83840F9
:10984000FBF743BA8B0701D0FBF73FFAAB681A6806
:1098500022601C60F1E70000052838B50C4603D9EA
:10986000BDE83840FBF731BA51B1064B53F82050F0
:109870008B0701D0FBF729FAAB681A6822601C60DD
:1098800038BD00BF94DF00086FF00B00704710B5C3
:10989000044608B9FBF719FA94F82D3003F00502D5
:1098A000052A09D162683AB11B0705D5211D20465A
:1098B000BDE8104000F096BF10BD73B504460E46DB
:1098C00015460AB9FBF701FA636832689A420BD071
:1098D0002B6001A92846019200F0F0FD3368636017
:1098E00001212046FFF7D3FF02B070BD7047000092
:1098F000F7B5144E002914BF0D463546002A14BF93
:1099000017463746002B18BF1E462B680446B3B9CE
:1099100001AA2946FFF7D1FF01233A68A1688A42CC
:1099200018BFA2603268E1688A4218BFE26023B9BA
:1099300001AA29462046FFF7C0FF03B0F0BD00236F
:10994000EBE700BF04E000082DE9F843099E044658
:1099500028B9FBF7BAF900242046BDE8F883002EA9
:10996000F7D02A4F47610025294FC560C0E901554E
:10997000858480F82D50C561089DDFF898C0056288
:109980003D7880F830500A9D0561002B08BF634682
:10999000002A08BF6246002908BF6146FFF7A8FFFA
:1099A0002046B04706460028D5D1DFF86C8094F8F1
:1099B0003030D8F80050FF2B08BF84F830604FF0EB
:1099C000000965B994F83030FE2B1CBF0133DDB2BD
:1099D000D8F8003023603D70C8F80040BCE7A542CD
:1099E00001D1FBF772F909F10109B9F1FF0F01DDAE
:1099F000FBF76BF994F8302095F83030934203D19F
:109A0000013384F83030D2E72D68DAE7899800080E
:109A10004B96002004E0000850960020014B18608F
:109A2000704700BF4C96002008B9FBF74EB990F87C
:109A30002D20D10706D442F0010280F82D20032109
:109A4000FFF725BF704708B9FBF73FB990F82D2005
:109A5000D10707D522F00101130780F82D1001D599
:109A600000F028BE704710B5044618B9BDE8104094
:109A7000FBF72BB990F82D305A070CD443F00403B0
:109A800080F82D300321FFF702FFE3691BB1204668
:109A9000BDE81040184710BD08B9FBF716B990F89B
:109AA0002D20510706D5C36922F0040280F82D202D
:109AB00003B1184770470000034658B1064A1068C2
:109AC00000B9704790F830200132D2B29A4201D0EA
:109AD0000068F5E7704700BF5096002038B520B108
:109AE000B1F5803F04D3012038BDFBF7EEF8FAE76B
:109AF000A9B1038913FA81F38CB29BB2A342F2D3CA
:109B000090F90C50002D0CDA4268511A00F1100245
:109B10009142E8D34289416014444481038100208A
:109B2000E2E7002ADFD04268511AF3E722F040034F
:109B3000012B70B506460D46144601D0FBF7C5F85B
:109B40000420FFF763FE40B10023C0E900364373F1
:109B50000123058145810473C38170BD70B5033055
:109B600020F00304BDF81400049D0E1986424FF046
:109B700000000BD805B125441A7302225A73012242
:109B8000C3E9000519815981DA81184670BD0022A8
:109B9000FFF7A4BF10B520B1B1F5803F04D3012079
:109BA00010BDFBF792F8FAE759B143898AB29342A4
:109BB000F7D39B1A4468438103890C449B1A446081
:109BC00003810020ECE70B1E02DA5942FFF7E2BFE7
:109BD0000122FFF783BF70B5044620B9FBF775F883
:109BE0002546284670BD0025A37B0BB9FBF76DF811
:109BF000A37B013BDBB2A373002BF2D1637B26680E
:109C00009B070CD523690BB9FBF75FF82369204646
:109C100098470135EDB2002EE3D03446E4E7237BCC
:109C200003F00F03022B04D121460520FFF714FE99
:109C3000EFE7012B02D121460420F7E71BB92046AC
:109C4000FFF716FCE5E7FBF740F8E2E7B2F5C17F66
:109C50002DE9F84307460D4606460FD008D822F0F6
:109C60004003012B07D1BDE8F8430020FFF75EBF9A
:109C7000B2F5207F33D0FBF728F80DE00020DFF8A5
:109C8000A4800446074681460520FFF7BFFD38B98A
:109C900014B12046FFF79FFF00242046BDE8F8835B
:109CA000F31C23F00303C3F500739BB20644AB42DD
:109CB00006F1130628BF2B4626F003060760466010
:109CC00005814381C0F80C803CB1C9F80000EB1A53
:109CD0009DB20026002DD6D1DFE70446F7E7C31C6E
:109CE000CA1C22F0030223F0030313449BB203F1C6
:109CF0001000934280B2CFD38242CDD8FFF7C2FC8E
:109D000004460028C9D0074400231337036027F016
:109D10000307034B476005814581C360BDE700BF72
:109D2000800001008200010070B50D46044608B9AC
:109D3000FAF7CBFF2389AB422BD9EE1A6389AB42EA
:109D400014D3227B12071CD1AB421AD0637B9B0732
:109D500017D46168091B2944204689B2FFF708FC23
:109D6000044670B9FAF7B1FF6481FFDEEB1A9DB2C9
:109D70002389334423812468002CDFD1FAF7A5FF1F
:109D8000DCE720686581258108B1FFF724FF002307
:109D9000236070BD00235A1C08B998B27047006850
:109DA0001346F8E730B1837B0133DBB283730BB921
:109DB000FAF78BBF704738B50D46044600B139B984
:109DC000BDE83840FAF781BF29890B442381144646
:109DD00022682389002AF7D162899A4205D0FAF7CE
:109DE00074FF23680BB1FAF770FF2A892389256075
:109DF0001344238138BD10B50C46FFF7DCFF204625
:109E0000BDE81040FFF7CEBF2DE9F0410C460546F6
:109E100020B119B102890B899A4205D2FAF755FF90
:109E20006FF00F00BDE8F08100263746B5F80A80D4
:109E3000638968686168A8EB07089B1B984528BF81
:109E4000984631443844424602F0A9FF6B894744A2
:109E5000BB42464401D2FAF738FF6389B34201D2CC
:109E6000FAF733FF6389B3426B899CBF24680026ED
:109E7000BB4206D12D681DB9002CCFD12046D1E7B9
:109E8000002754B1628923899A4206D1236823B1FD
:109E9000FAF71BFF6FF00500C4E76A892B899A4225
:109EA00002D12B68002BF3D1002CBFD1E6E72DE9BE
:109EB000F0410F469046054628B9FAF706FF0026FE
:109EC0003046BDE8F0810029F7D00026B8F1000F38
:109ED00007D1F5E76C893BB1A34205D31B1B2D6865
:109EE0009BB2002DF6D1EBE7E41AA4B244456968B1
:109EF00028BF444622461944B8192644A8EB040456
:109F000002F04DFFB6B22D681FFA84F80023DDE79A
:109F10002DE9F84388461546044628B9FAF7D5FED8
:109F20006FF00F00BDE8F8830029F7D00389934252
:109F30001CD2FAF7CAFE4FF0FF30F3E70CB9FAF77C
:109F4000C4FE668960684E4528BF4E4608EB07018F
:109F5000324602F024FF2468A9EB06093744B9F120
:109F6000000FEBD1AF4204D10020DBE79146002780
:109F7000F5E7FAF7AAFEF7E738B515460A46298944
:109F8000FFF764FE044628B12946FFF73DFF08B1FC
:109F9000FAF79BFE204638BD70B5044603200E46F6
:109FA0001546FFF733FC18B9BDE87040FAF78DBECF
:109FB0000C4A4460002303601368C0E902650BB9D2
:109FC000106070BD5968611A002901DA0360F7E773
:109FD00019461B681BB15A68A21A002AF8DA0360F6
:109FE0000860EEE75896002070B54368044698472D
:109FF000FAF70CFD074B26680749054618683044F8
:10A00000431B002B2246B8BF7019BDE87040FFF714
:10A01000C3BF00BF54960020E99F0008B0F1804FF5
:10A0200070B504460D46164601D3FAF74EFEFAF710
:10A03000EDFC324629462044BDE87040FFF7ACBF36
:10A0400008B5084A08494FF47A70FFF7E7FF054B57
:10A05000054903F108024FF47A70BDE80840FFF7A4
:10A06000DDBF00BFF4DF0008E99F00082DE9F041E3
:10A07000FAF7CCFC0C4EDFF834800446316889B125
:10A080004B68E21A002A0DDBD1E902570A683260F8
:10A090000320C8F80030FFF7DFFB002DEED0384674
:10A0A000A847EBE7BDE8F0815896002054960020C1
:10A0B00008B502F03DFC034B6FEA80406FEA904028
:10A0C000188008BD200000202DE9F04F884685B09B
:10A0D000054608B9FAF7F9FDB8F1000F01D1FAF712
:10A0E000F4FD6B89072B05D8284605B0BDE8F04F75
:10A0F000FFF771BD4D4F6C6839687869DFF834A19E
:10A1000000F03DFF83462088FFF739F90290608810
:10A11000FFF735F90026DAF80040B1463CB9002EC9
:10A1200044D1D8F804207B699A423FD0DCE7638AA7
:10A13000834248D1B8F1000F03D10390FAF7C5FD6F
:10A140000398227A32B17B6893F830300133DBB266
:10A150009A4238D12268BBF1000F2FD03AB1796909
:10A160004B1C04D0D8F80830514019422BD1237C25
:10A170005B070ED456B3BBF1000F0AD07B690133E5
:10A1800007D1D8F8041033688B4202D0914208BF3F
:10A190002646A38A029A934215D1626812B13B699E
:10A1A0009A4210D1B9F1000F12D126460821284653
:10A1B000FFF7F0FCA8B1FAF788FD95E7002AD6D0A2
:10A1C0007B699342D3D0A146E468A7E72646E0E73F
:10A1D000E368C9F80C30DAF80030E360CAF80040F0
:10A1E000E3E76EB1B469002C3FF47EAF029B0093AD
:10A1F000F0690F4B2A463146A04705B0BDE8F08F05
:10A20000BBF1000F7FF470AF7B6903F0F003E02B2C
:10A210003FF46AAFB989083109B22846FFF7D3FC89
:10A220000321284600F032FD5EE700BF5C590020A4
:10A230006C5900205C9600202C4B2DE9F041002940
:10A2400014BF0F461F4628B9FAF73FFD6FF00F0005
:10A25000BDE8F081264E3468214699B9002A3FD1E5
:10A26000DFF890C0BCF800304FF480424FF6FF7E1C
:10A2700073451ABF01339BB24FF4404325463DB9A5
:10A280001A460DE0814201D0C968E6E70121E5E701
:10A29000B5F81280984509D1013A92B2002AE7D167
:10A2A000ACF80030B2B96FF00700D1E7ED68E6E72F
:10A2B00083420CD05D8A954209D11D68D7F800C051
:10A2C0006545F0D0BCF1000FEDD0002DEBD0DB6880
:10A2D000002BEDD13B680360428219B10020B7E743
:10A2E0002346F5E7C4603060F8E700BF04E00008EB
:10A2F0005C960020200000202DE9F04F85B0DDE9BC
:10A300000EBA0E4690469946074638B9FAF7DDFC74
:10A310006FF00F05284605B0BDE8F08F0029F5D095
:10A32000002AF3D0BAF1000FF0D0BBF1000FEDD04E
:10A33000428A3AB132894FF6F7739A4209D94FF0FF
:10A34000FF35E7E70146FFF777FF05460028F1D024
:10A35000E0E708213046FFF71AFC002835D04FF41B
:10A36000207208212220FFF771FC04460028E6D065
:10A37000338913B13146FFF73EFD6389072B01D8BE
:10A38000FAF7A3FC788A6568FEF7F9FF288048464B
:10A39000FEF7F5FF00236880AB71EB712089FEF7B3
:10A3A000EEFF1123A880CDF808B00193BB7A00938B
:10A3B000FB7A42465146204600F066FDB44205460F
:10A3C000A8D02046FFF707FCA4E73446D5E773B5CD
:10A3D000069C28B9FAF779FC6FF00F0002B070BD47
:10A3E0000029F7D0002AF5D0002CF3D005681DB164
:10A3F00005F0F006E02E05D1251DCDE90045FFF75B
:10A400007BFFEBE76668B54201D10546F5E76FF0E3
:10A410000300E3E7F7B50E4615461F46044628B984
:10A42000FAF753FC6FF00F0003B0F0BD0029F7D02E
:10A43000002AF5D0007A50B1FFF73EFB58B10090EA
:10A440003B462A4631462046FFF7C1FFECE710465F
:10A4500000F03EFCF2E76FF00300E5E708B9FAF719
:10A4600034BCC0E906127047014608B9FAF72DBCA2
:10A47000094A1368834204D1C36813600020FFF7C0
:10A48000EBB9002BFAD01A46DB68002BF6D08B42D2
:10A49000F9D1CB68D360F1E75C96002010B50020BD
:10A4A000FFF7B4F9044628B12022002102F0E5FBB1
:10A4B000FF23E372204610BDFFF7F0BF10B538B19F
:10A4C00003682BB121B10B6813B1064B1B6803B9AC
:10A4D00010BD1C680268944204BF0A681A60DB68F9
:10A4E000F5E700BF5C96002070B51826074C464380
:10A4F0000546A05918B1FFF76EFB0023A35118239E
:10A5000003FB05440023237570BD00BF6496002043
:10A510002DE9F74F00234FF00A0C019139490093C0
:10A52000054616469E469B466446E146E0460A2C92
:10A5300091F814A018B219D1BAF1000F55D045B155
:10A540002F684A68974204D1002E41D08F68B742E5
:10A550003ED0BAF1010F4F8A42D10A68002A3AD0A0
:10A56000009A974205D30097844602E0BAF1000FA3
:10A57000E5D101330A2B01F11801D8D1019B012B40
:10A580003DD10A2C0FD1B9F10A0F30D018231D4A42
:10A5900003FB09F3D3580BB1FAF797FBC8464046C3
:10A5A000FFF7A2FF4446174F182303FB04731B7DDC
:10A5B0000BB1FAF78AFB25B1182303FB04732A6851
:10A5C0005A60182303FB047700237B82BE60204679
:10A5D00003B0BDE8F08F5F45CBD3BB468046C8E7EC
:10A5E0007745C6D3BE468146C3E70446C1E7B8F106
:10A5F0000A0FD4D1BCF10A0F01D0E046CFE74FF0EB
:10A60000FF30E5E7649600202DE9F347DDF82CA044
:10A61000884691461E46074608B9FAF756FB4FF49E
:10A6200020721C210E20FFF711FB054600283DD0AB
:10A6300043891B2B01D8FAF748FBBDF834006C683E
:10A64000FEF79DFEE08097F82C30062B01D0FAF73C
:10A650003CFB3368A360B388A381DAF80030C4F808
:10A660001230BAF80430E3820A9B1B68C4F80E303B
:10A670000C9B1B68A361012363700823A37006234E
:10A68000237104230026637140F606032670E670EA
:10A690004246009329464B46384601F00DF82846BD
:10A6A000FFF799FA304602B0BDE8F0874FF0FF306F
:10A6B000F9E7000070B5084D064600242B7D2BB14C
:10A6C000AB68B34202D12046FFF70EFF01340A2CDB
:10A6D00005F11805F2D170BD649600202DE9F04F08
:10A6E000804687B00C4621B907B0BDE8F04FFAF7B5
:10A6F000ECBA46683388B3F5807F08D13379062BEE
:10A7000005D17379042B02D17388082B05D04046FC
:10A7100007B0BDE8F04FFFF75EBA4D68D6F80E708F
:10A72000059706F1080915B94FF0020B04E0B3696B
:10A730009D4253D10125AB4694F82C30062B01D015
:10A74000FAF7C3FAAFB32146384600F018FC824648
:10A7500078BB07F0F007E02F2BD02246594605A81A
:10A76000FFF7D6FE431C24D01D4A18234343D118BB
:10A77000022008758C6003F10C07D9F80000D05155
:10A7800007EB020CB9F80400ACF80400D758A1F8A4
:10A7900012A077B142F803A04FF40063009304F1D4
:10A7A00026024B463946204600F086FF3846FFF722
:10A7B00012FAF388B3F5807FA9D1002DA7D0022229
:10A7C000039205AACDE9019204F12603221D00920D
:10A7D00019464A462046FFF717FF98E70025A3E7EA
:10A7E000649600201FB502460124CDE9021400F151
:10A7F000260305490191043200921946034AFFF7E6
:10A8000003FF04B010BD00BF08E000080EE0000820
:10A8100038B5134C0025227D6AB1638A01339BB29F
:10A82000B3F5967F638203D2012A0AD1042B0DD996
:10A830002846FFF759FE01350A2D04F11804EAD124
:10A8400038BD032A07D104232375F4E7A068211D2E
:10A85000FFF7C8FFEFE7042AEDD10223F4E700BFBA
:10A86000649600202DE9F043DFF88C90182707FB51
:10A87000029385B01B7D012B05460E46144601D878
:10A88000FAF723FA07FB04F209EB020702F10C04C2
:10A890003B7D022B4C4405F126080CD17B8AB3F595
:10A8A0008E7F14D9043209EB02012846FFF79AFF84
:10A8B00008B903233B754FF40063009342462346D7
:10A8C0003146284600F0F8FE05B0BDE8F083B3F548
:10A8D000877FF0D3012303930432064B01934A444C
:10A8E0002B1D029200932246434641462846FFF71D
:10A8F0008BFEDDE708E00008649600202DE9F341B7
:10A900000F46064601463868144600F038FB00281A
:10A910004DD13B6803F0F002E02A48D0002B46D02E
:10A92000324601213846FFF7F3FD421C054604D1AB
:10A930004FF0FF3002B0BDE8F081DFF8B48018239B
:10A9400003FB00831A7D002A34D101221A759E6010
:10A9500039463046FFF746FF002CEBD018236B43F7
:10A9600008EB0302127D012A0DD9204A0C33157021
:10A970004FF400620092434406F12602214630461D
:10A9800000F09AFED6E7D5D12646728933899A42DD
:10A9900003D133680BB1FAF798F9337B5B060ED419
:10A9A0003668002EF1D12046FFF7FCF910E06FF079
:10A9B0000F00BFE7002CCBD04FF0FF30CEE7224690
:10A9C0004FF420710E20FFF7D7FA04460028AFD0CD
:10A9D000182606FB05F358F8030008B1FFF7FBF84B
:10A9E0006E43002048F80640A4E700BF60960020B0
:10A9F00064960020F0B50E4685B01546044608B9A9
:10AA0000FAF763F90EB9FAF760F90DB9FAF75DF9DB
:10AA10002868214600F0B3FA002862D12B6803F0C1
:10AA2000F002E02A1CD10123ADF808305E238DF836
:10AA30000A306B7803F07F038DF80B30AB788DF81C
:10AA40000C30EB788DF80D3002AB4FF400620092C1
:10AA5000314604F12602204600F02EFE05B0F0BD7E
:10AA60006268A1685A400A4209D09BB24FF6A962B7
:10AA7000934204D0E368002B35D004F10C051B4948
:10AA80001B4B0A78182000FB0233187D012806D9D9
:10AA90009868A04203D128685B6898420DD0144B97
:10AAA0000022187D01280FD99868A0420CD12F6888
:10AAB0005868874208D1D2B20A703146204605B0A4
:10AAC000BDE8F040FFF7CEBE01320A2A03F11803B9
:10AAD000E7D132462946204605B0BDE8F040FFF7F1
:10AAE0000DBF044BB1E76FF00300B7E7609600209D
:10AAF000649600200EE00008F0B5044687B00F46CB
:10AB0000164624214FF420722220FFF79FF80546B5
:10AB100068B34389232B01D8FAF7D7F860686C68CB
:10AB2000002323716371A371E3712770667003467C
:10AB300004F1080200F11C0153F8046B42F8046BA5
:10AB40008B42F9D1C368059305A800F0C1F858B14C
:10AB500000210123A170E17005AACDE90013029044
:10AB6000FF23284600F0FAF92846FFF734F807B02B
:10AB7000F0BD00002DE9F043424FD7F8089099F856
:10AB8000005005F00F05AD00132D85B00446884632
:10AB900016D94389032B13D943681B78082B0FD18F
:10ABA000786900F0F003E02B0AD0396800F0E7F98B
:10ABB00030B92389072B03D92046FEF70BFC28B1B7
:10ABC000204605B0BDE8F043FFF705B805F10E06D5
:10ABD00031462046FEF7DBFF00284AD02389E918DA
:10ABE00089B28B42ECD84FF420720E20FFF72EF87A
:10ABF00006460028E4D0428905F108039A4203D2B0
:10AC00003046FEF7E8FFDBE7494640682A4602F097
:10AC1000C6F829463046FEF7BDFF10B1FAF755F8E1
:10AC2000EEE721463046FFF7EFF80028E8D120464E
:10AC3000FEF7D1FF3446294620466668FEF7A7FF97
:10AC400002460028BCD160687B69C3603B69036130
:10AC50000121FF233270B270F27003728272C272ED
:10AC6000CDE90021CDF808800749204600F076F9AB
:10AC7000A6E731462046FEF78DFF0028DBD0FAF725
:10AC800024F89DE75C590020705900200A460321F2
:10AC9000FFF732BF0A460B21FFF72EBF08B590F829
:10ACA0002D30014613F001000AD04B684BB1074A22
:10ACB0005069834207D000F062F9003818BF0120C4
:10ACC00008BD1846FCE70120FAE700BF5C590020E8
:10ACD00030B5144B0246186878B9134B1B685BB14A
:10ACE00093F82D1001F00501052905D1596819B116
:10ACF00012787F2A18BF184630BD90F82D10CD0766
:10AD00000DD54C070BD543684BB11468856863407B
:10AD10002B42F1D08B0702D4C3689C42ECD0006870
:10AD2000DAE700BF509600204C9600202DE9F8434A
:10AD3000D0F8049099F800804FEA1813042B0446C9
:10AD40000E4605D02046FEF746FF0020BDE8F883FA
:10AD5000B9F80200FEF713FB238908F00F088342BD
:10AD60004FEA8808054603D901462046FEF7DCFF76
:10AD700063894345E6D32389AB42E3D3B8F1130F8C
:10AD8000E0D9D9F810303E4D6B6103F0F003D9F8EB
:10AD90000C202A61E02B41D196F82D30DB0748D5F5
:10ADA0007368002B45D037462869314600F0E7F834
:10ADB0000028C7D12B6903F0F003E02BC2D0002F8D
:10ADC000C0D0B9F8063023F0C0033BB1204600F0F4
:10ADD000C1F904460028B8D0D0F80490C5F808900E
:10ADE000C5E9007699F8003003F00F039B00414657
:10ADF0002046AB81FEF7CEFE99F80930012B24D016
:10AE0000112B27D131462046FFF75EF90023C5E913
:10AE10000033C5E90433AB60AB8196E73046FFF7FA
:10AE20003DFF0028BFD12B7D7F2B02D0154B1F6823
:10AE30000FB90027B8E7B74201D13F68F8E73846B5
:10AE4000FFF72CFF0028F8D0AEE731462046FFF789
:10AE500091FEDBE76869394600F091F860B96B69EB
:10AE600003F0F003E02B07D041462046FEF7ABFE8F
:10AE700002212046FFF70AFF2046FEF7ACFEC5E799
:10AE80005C590020509600202DE9F3479846837BBB
:10AE90000C9F012B04468946164601D0F9F715FF91
:10AEA000002E49D014212046FEF771FE20B16FF02C
:10AEB000010002B0BDE8F08763896568132B01D8F3
:10AEC000F9F703FF9DF82C3085F808806B72336822
:10AED0002B6145232B709DF828306B702089DFF89B
:10AEE00078A0FEF74CFA4FF00008688085F80680DD
:10AEF000BAF8000085F80780FEF741FABAF800308A
:10AF0000A8800133AAF80030B9F1000F11D1114B1C
:10AF10001B68EB6085F80A8085F80B80BB8C9BB1C1
:10AF200022899A4210D932463946204600F0A4FAC6
:10AF3000BFE7D9F80030ECE76389132BB7D9636812
:10AF40001B69019301AEE9E77B6932462146384629
:10AF50009847AEE704E0000854970020F0B4069C40
:10AF60009DF810509DF814601AB109B10F6807B927
:10AF7000211DCDE905640495F0BCFFF785BF431E94
:10AF80000333024612D891F82D3013F0020010D08E
:10AF90004B6893420CD0896853400B4208D1CB4395
:10AFA00022EA0102D31A58425841704701207047E3
:10AFB0000020704738B50A4B1A68824204460D4695
:10AFC00007D102681A6021460120BDE83840FEF72B
:10AFD00043BC09B9F9F779FE23682B60F3E700BF9A
:10AFE0005897002081422DE9F04104460E4607D1D2
:10AFF000F9F76BFE3368A34204D0F9F766FE01E06F
:10B000000029F7D167687B689A8842BB1A6862603A
:10B0100004F11C0104F1080252F8040B43F8040B7C
:10B020008A42F9D101213846FFF734FE3846FEF74F
:10B03000B1FE05463846FEF7CEFD67688FB920465B
:10B04000114C3146FFF7B6FF2388AB4201D2F9F726
:10B050003CFE23885B1B23802846BDE8F081002549
:10B06000EBE77B683846D3F80080FEF793FE054493
:10B07000B5F5803F01DBF9F728FE3846FEF7ABFD5A
:10B08000ADB24746DAE700BF569700202DE9F04100
:10B09000DFF8708005460F460026D8F8003073B3FD
:10B0A00000242146A4462046D5F80CE05A69724592
:10B0B00009D1D5F810E09A69724504D1B3F80CE0D3
:10B0C000AA88964508D00134B0B1C27F93F81FE03A
:10B0D00096459CBF614618461A689C4652B910B105
:10B0E000FFF780FF0644BE4201DA012CD5DC304672
:10B0F000BDE8F0811346D7E761461846ECE71C46E9
:10B10000F1E700BF5897002010B5044608B9F9F7D9
:10B11000DCFD606908B1FEF75EFD21460220BDE856
:10B120001040FEF799BB000038B5094B18680024A1
:10B1300000B938BDC37F056823B1013BC37704461E
:10B140002846F5E72146FFF74DFF2046F7E700BF09
:10B15000589700202DE9F74F45682B7803F00F032F
:10B16000052B814640F09B80E888FEF708F9804671
:10B170006888FEF704F92B7803F00F03B0EB830F18
:10B180004FEA8302C0F08B80831A9BB2AF4C0193CD
:10B190004846FEF7FFFD238803440A2B824675DCF0
:10B1A000AB4E3468002C7FD10120FEF72FFB044604
:10B1B00058B951462846FFF769FF82456FDC0120E8
:10B1C000FEF724FB0446002869D01C220021201D24
:10B1D00001F053FD0F23E3773368236034602B467F
:10B1E00004F1080205F1140153F8040B42F8040BB2
:10B1F0008B42F9D1B5F806B0C8F30C081BF0200B50
:10B200004FEAC8080AD1019B43449BB2984500F21B
:10B2100021814FF6EB72934200F21C81D9F8045061
:10B220006888FEF7ACF82B7803F00F03B0EB830FC0
:10B230004FEA8302C0F00E81801A87B2E888FEF7D9
:10B240009EF8C0F30C03DB00F818D9F804601FFA6D
:10B2500080FC0025634535707570B570F570B3805E
:10B26000F08000F2F780D4F804E001277246002A4B
:10B2700042D1002D00F0CA80EA889A4201D9F9F73C
:10B2800024FDC5F80090EA88B38845E001462846C9
:10B29000FFF7FCFE18B1238853440A2B80DD484693
:10B2A000FEF799FC00279AE0EB6862699A4207D1A1
:10B2B0002B69A2699A4203D1A289AB889A4201D034
:10B2C00024686FE7E888FEF75AF8C0F30C000028FE
:10B2D00090D1E089FEF753F8C0F30C00002889D024
:10B2E0002B4604F1080205F1140153F8040B42F84F
:10B2F000040B8B42F9D17DE751688888834277D26D
:10B300003260002D6FD0EA889342C0F0A38084455C
:10B3100000F2A080C5F800909A4214BF002707F001
:10B320000107BBF1000F03D0A37F13F001037BD013
:10B330008FB16368002B77D059688B88002B73D14D
:10B340003368002B68D1B14201D1F9F7BEFC3368F4
:10B350000BB1F9F7BAFC3D4E338853443380BBF14F
:10B36000000F07D1019B9844A37FA4F81C8043F0F1
:10B370000103A377002F95D06368A08B5F6814301A
:10B380003D6880B204F108033A4604F11C0153F809
:10B3900004CB42F804CB8B42F9D1FDF7F0FF002338
:10B3A0007880BB71FB71BB72FB726768002D3DD169
:10B3B000274B1B68A34202D01D46002B43D12046D9
:10B3C0002946FFF7F7FD3846FEF7E4FC3388834251
:10B3D000044601D2F9F779FC33881B1B33803846C9
:10B3E00003B0BDE8F08F844534D8C4F8049098E7E2
:10B3F00030D0CA889A422DD82DB1EA88824214BF33
:10B40000002707F001070A680D4630E7BEF1000F7C
:10B41000EBD0F9F75AFCE8E75A68F088938898422D
:10B4200002D1136816468CE7002794E7D5F804800C
:10B4300014212846FEF7AEFB29463846FEF7BBFC32
:10B44000D8F80050B2E72B68B4E700BF5697002049
:10B45000589700206368002B7FF421AF054B1B68D1
:10B46000A34201D0F9F731FC00212046FFF7A2FDED
:10B4700015E700BF589700202DE9F04F8B8C8DB059
:10B4800005460992B3F1140248BFA3F10D02C2F3BD
:10B49000CF030693436803931B7803F00F03052B38
:10B4A00089464FEA830704D14389132B06D8F9F75D
:10B4B0000CFC6FF005000DB0BDE8F08F039BD88841
:10B4C000FDF75DFFC0F30C03059300F400530893F0
:10B4D000069B2C89DB00143C9BB2A4B20793002688
:10B4E0000CB92046E7E7079BA34228BF23464FF449
:10B4F000207214210E200493FEF7A8FB804610B999
:10B500004FF0FF30D7E74389132B01D8F9F7DDFB64
:10B51000039BD8F804201946143153F8040B42F861
:10B52000040B8B42F9D1049BD8F804B0002B5FD1F7
:10B53000059BC3F30C00B9F82430133B3744A342F6
:10B54000BFB201DD089B0BB140F40050FDF717FFBF
:10B55000049BABF8060003F1140080B2FDF70FFF67
:10B560000023099AABF802008BF80A308BF80B30F5
:10B570004146D9F81430484698474046FEF72BFB21
:10B58000049BE31A9CB2DDE9053213449BB2059398
:10B59000A6E70220FEF73AF9034618B94046FEF73F
:10B5A0001AFBADE701966A680A903A440092314668
:10B5B00041220020FEF7D2FA0A9B20B91946022048
:10B5C000FEF74AF9EAE7CDE90A032846FEF7EAFB67
:10B5D0000B9B104A0A995D61AAEB060A1A61404664
:10B5E0001FFA8AFAFEF7E7FBBAF1000F0ED19FE7C8
:10B5F000DDF810A06B89DE1BBB42B6B201D2F9F7B1
:10B6000064FB564528BF5646002EC2D12D68002740
:10B61000F0E700BF09B1000843890E2B70B504465E
:10B620000D461AD9C37B1BB991F830300133C3736F
:10B63000606803788689D9070AD5012B11D1437830
:10B6400033B983785E2B03D1637B43F010036373BC
:10B65000082E10D0B6F5C16F1DD02046FEF7BBFAFC
:10B6600017E01449062201F0DFFA0028F0D1637BCD
:10B6700043F00803EBE795F82D301A07EDD50E21BE
:10B680002046FEF787FA0028E7D129462046FFF733
:10B690004DFB002070BD95F82D301B07DDD50E2128
:10B6A0002046FEF777FA0028D7D129462046FFF733
:10B6B00015F8EEE70EE000082DE9F0410446BDF86C
:10B6C00018000D4616461F46FDF759FE0E2180460E
:10B6D0002846FEF75CFAB8B96968A1F80C803B68A7
:10B6E0000B60BB888B803368C1F80630B3884B8110
:10B6F00094F82C30062B01D0F9F7E7FAA369294614
:10B700002046BDE8F04118476FF00100BDE8F08128
:10B7100000F0C8B908B52DED048BF0EE408AB0EE0C
:10B72000609A00F065FAB0EE408A00F08DF820B122
:10B73000B0EE480ABDEC048B08BDB0EE680A00F01C
:10B7400083F80028F4D0B0EE490A00F07DF8002814
:10B75000EED001F0F7FA22239FED018A0360E7E7BC
:10B760000000807F10EE103A184923F000428A4210
:10B7700019D9B2F1FF4F02D330EE400A704700B53D
:10B7800083B0684600F0C2FA00F0030001289DED86
:10B79000000ADDED010A0FD0022808D088B900F0B8
:10B7A000B7F803B000BDDFED0A0A00F0B1B800F051
:10B7B000AFF8B1EE400AF4E700F02CF9B1EE400A20
:10B7C000EFE7012000F026F9EBE700BFD80F493F73
:10B7D0000000000010EE103A194923F000428A429E
:10B7E0001AD9B2F1FF4F02D330EE400A704700B5CC
:10B7F00083B0684600F08AFA00F0030001289DED4E
:10B80000000ADDED010A12D002280AD090B9012009
:10B8100000F000F903B000BDDFED0A0A002000F0DF
:10B82000F9B8012000F0F6F8B1EE400AF2E700F0B6
:10B830006FF8EFE700F06CF8B1EE400AEAE700BFFE
:10B84000D80F493F0000000010EE103A23F00040EE
:10B85000B0F1FF4F2CBF00200120704710EE101AEE
:10B86000C1F3C7520029A2F17F0CACBF01204FF0F9
:10B87000FF30BCF11E0F0FDCBCF1000F1DDBC1F36C
:10B880001603BCF1160F43F400030ADD963A03FADF
:10B8900002F202FB00F07047FDEEC07A17EE900A4C
:10B8A00070474FF4800242FA0CF21A44CCF1170CA4
:10B8B00022FA0CF202FB00F07047BCF1FF3F18BF08
:10B8C0000020704710EE103AC3F3C7527F3A162A91
:10B8D00019460EDC002A11DB0C481041034205D04A
:10B8E0004FF4800313410B4423EA000300EE103AA7
:10B8F0007047802AFAD130EE000A7047013203F017
:10B900000043F3D143F07E53F0E700BFFFFF7F0019
:10B9100010EE103A23F00043B3F1485F2CD2FDEE55
:10B92000C07A17EE903A002B60D060EE007A9FED5F
:10B93000317A9FED315ADFED315A9FED316ADFEDFB
:10B94000316AA7EE875A9FED307AE7EE855AA7EE67
:10B95000A56AA7EE867AE7EE876A67EEA66A60EECA
:10B96000C00AB6EE007AE7EEA60AB7EE000AD7EEF6
:10B97000870A30EE600A704760EE007A9FED1D7A0C
:10B980009FED1D5ADFED1D5A9FED1D6ADFED1D6A0B
:10B990001E4AA7EE875A93429FED1B7AE5EE275A7F
:10B9A000A5EEA76AA6EE277AE7EE276A66EEA76AF3
:10B9B000D5D9174A934214D803F17F4307EE103AC2
:10B9C000B7EE006A36EE476A60EEC00AF6EE005A3D
:10B9D00097EEA57AE7EEA60A37EE607A36EE470ACA
:10B9E0007047B6EE076AB5EE027AEDE7B7EE000AE9
:10B9F000704700BF4ED747ADF6740F317CF293B459
:10BA0000010DD037ABAA2A3D610BB6BA9999993E80
:10BA10000000483F10EE103A23F00043B3F1485FB6
:10BA200004D2FDEEC07A17EE903A5BB360EE007A76
:10BA30009FED157ADFED155A9FED156ADFED156A5A
:10BA4000E7EE875A9FED147AA5EEA76A20EE275AF3
:10BA5000E6EE276AA6EEA77A30B9DFED106AE7EEC8
:10BA6000876AA6EE850A704727EE457AF6EE006AE9
:10BA7000A0EEA67ADFED0A6AD7EE270AE5EE260ADF
:10BA800030EE600A704700BFD3C92E2F342FD7B2D3
:10BA90001BEF3836010D50B98988083CABAA2ABE85
:10BAA000ABAA2A3E10B582B0CDED010A019B23F06E
:10BAB0000042B2F1FF4FF0EE407A30D810EE100A9B
:10BAC00020F00041B1F1FF4F29D8B3F17E5F3ED0A5
:10BAD0009C1704F0020444EAD07431B37AB3B2F193
:10BAE000FF4F3FD0B1F1FF4F29D0891AB1F1F45F78
:10BAF0004FEAE15233DA002B41DA3C323FDA9FED74
:10BB0000330A012C4DD0022C42D064B19FED307A23
:10BB1000DFED307A30EE070A30EE670A03E09DED84
:10BB2000017A37EE270A02B010BD022C0CD09FED2F
:10BB30002A7A032C08BFB0EE470A02B010BD0028D5
:10BB40000ADB9FED260AEEE79FED220AEBE702B043
:10BB5000BDE8104000F010BA9FED210AE3E79FED29
:10BB60001F0ACEE7B1F1FF4F04F1FF3420D0022CC1
:10BB700026D81C4B03EB840393ED000AD3E79DED1D
:10BB8000017A87EE870A00F0C9FA00F0F5F9B8E704
:10BB90009FED0F7ADFED0F7A30EE070A37EEC00A1D
:10BBA000C1E710EE103A03F1004300EE103ABAE795
:10BBB000022C08D80C4B03EB840393ED000AB2E788
:10BBC0009FED020AAFE79FED090AACE70000000015
:10BBD0002EBDBB33DB0F4940DB0F49C0DB0FC93F34
:10BBE000DB0FC9BF5CE0000868E00008DB0F493FDD
:10BBF00010EE103A23F0004210EE903A23F000438A
:10BC00009A4202DB194613460A46991AB1F1706F3F
:10BC100000EE103A06EE902A3FDCB3F1B14F10B5BA
:10BC20002EDC0024B2F11A5F0ADA42B3B2F5000F3B
:10BC30005EDADFED347A66EEA76A20EE270A7E3CF4
:10BC400030EE666AF4EEC66AF1EE10FA28D56FF3AC
:10BC50000B0307EE903A30EE277A30EE670A27EEB4
:10BC6000000AA6EEA60AA7EEA70A00F05FFA34B112
:10BC7000E40504F17E5407EE904A20EE270A10BD39
:10BC8000B3F1FF4F29DA03F15E4302F15E4200EEA9
:10BC9000103A06EE902A4424C4E730EE260A704794
:10BCA00003F500036FF30B0307EE903AB0EE007A52
:10BCB000B0EE675A90EE075A6FF30B0207EE102AA8
:10BCC00026EE850A76EEC75AA5EEA70AA6EE060A64
:10BCD000A7EE270A00F02AFAC9E714BF30EE260AB9
:10BCE0009FED090AB2F1FF4FC9D19FED070A10BDC0
:10BCF00003F1085302F1085200EE103A06EE902AC2
:10BD0000443C9DE70000807E0000807F70B510EE0F
:10BD1000103A8B4A23F00044944286B0054671D90C
:10BD2000884A94421E4624D823F00042002BDFEDBF
:10BD3000867A864922F00F02B0EE407A40F3E68020
:10BD40008A4270EE677A09BF9FED817ADFED816AE2
:10BD5000DFED816A77EEC77A37EEE67A77EEC77A5B
:10BD600080ED007A77EEE67AC0ED017A012006B028
:10BD700070BD7A4A944253D9B4F1FF4F49D2E215CB
:10BD8000863AA4EBC25307EE903ABDEEE77ADFEDB8
:10BD9000746AB8EEC77A77EEC77A8DED037A67EEEC
:10BDA000A67ABDEEE77AB8EEC77A77EEC77A8DED60
:10BDB000047A67EEA67AF5EE407AF1EE10FACDED50
:10BDC000057A40F08E80B5EE407AF1EE10FA40F040
:10BDD0008A800123634901910221009103A8294629
:10BDE00000F0A8F9002EC2DA95ED007AD5ED017ABF
:10BDF000B1EE477AF1EE677A85ED007AC5ED017A0A
:10BE00004042B4E7002285ED000A4260002006B0FF
:10BE100070BD70EE407AC0ED017AC0ED007AF5E7B2
:10BE200000F07CF99FED507A9FED476AF6EE007ABC
:10BE3000E0EE077A9FED477AFDEEE77AF8EEE76AE3
:10BE400017EE900AA6EEC60A1F2866EE877AB1EEB4
:10BE5000666A30EE677A1EDC444A411E26F00043D3
:10BE600052F8212023F0FF03934214D085ED007A8D
:10BE700030EE470A002E30EE670A85ED010ABFF664
:10BE800076AFB1EE477AB1EE400A85ED007A85EDE6
:10BE9000010A40426BE717EE103AC3F3C753C3EBF6
:10BEA000D453082B4FEAE452E0DD9FED297A9FED51
:10BEB0002A5AF0EE405AE6EE075A70EE657AE6EE40
:10BEC000077AD6EE857A35EEE77A17EE103AC3F3A5
:10BED000C753D21A192A08DCB0EE650A85ED007A3C
:10BEE000C6E7032376E7022374E79FED217A9FEDEF
:10BEF000215AB0EE650AA6EE070A75EEC07AE6EEA4
:10BF0000077AD6EE857A30EE677AAFE78A4270EE2E
:10BF1000277A09BF9FED0E7ADFED0E6ADFED0E6A1C
:10BF200077EE877A37EEA67A77EEC77A80ED007AD9
:10BF300077EEA67AC0ED017A4FF0FF3017E700BF29
:10BF4000D80F493FE3CB1640800FC93FD00FC93F00
:10BF5000004435374344353708A3852E800F4943C5
:10BF600000008043F4E0000884F9223F74E00008F8
:10BF700000A3852E32318D2438B510EE105A25F0ED
:10BF80000044B4F1A14FF0EE407A07D3B4F1FF4F73
:10BF900055D8002D77DD9FED4E0A38BD4D4B9C42A4
:10BFA0005CD8B4F1445F4DD34FF0FF3327EEA76A5E
:10BFB0009FED495A9FED497ADFED495ADFED494A35
:10BFC00066EE066A5A1CA6EE857AE6EEA54A9FED55
:10BFD000465ADFED465AA7EE265AE4EEA65A9FEDE2
:10BFE000447ADFED444AA5EE267AE5EEA64A9FEDB7
:10BFF000425ADFED425AA7EE265A9FED417AA4EE4F
:10C00000A67AE5EE265A27EE267AA5EE867A27EE60
:10C01000877A3BD03B493C4A01EB8301D1ED006A72
:10C0200037EE667A02EB8303D3ED006A37EE677A68
:10C03000002D36EEC70AB0DAB1EE400A38BD30EE58
:10C04000000A38BD9FED317A30EE077AF7EE006ACC
:10C05000B4EEE67AF1EE10FAA6DD38BD00F05EF837
:10C060002B4B9C4215D8A3F5D0039C4226D8F0EE6A
:10C07000007ABFEE007AA0EE277A002330EE270A7E
:10C08000C7EE007A92E79FED230A38BD37EEC70A64
:10C0900038BD214B9C420BD8F7EE087AB7EE007AF8
:10C0A000A0EE277A022330EE670AC0EE077A7DE71A
:10C0B000BFEE007AC7EE007A032377E7F7EE007A47
:10C0C00030EE677A30EE270A0123C7EE007A6DE77B
:10C0D000DB0FC93FFFFFDF3ED769853C59DA4B3D97
:10C0E00021A215BD6BF16EBD356B883D95879DBD59
:10C0F0006E2EBA3D388EE3BD2549123EABAAAA3E4C
:10C10000CDCC4CBE0CE400081CE40008CAF2497116
:10C11000FFFF973FDB0FC9BFFFFF1B4010EE103A38
:10C1200023F0004300EE103A704700BFB1EEC00AA2
:10C13000704700BF2DE9F04F2DED048BDBB01C469E
:10C14000944603930A46BA4B68991CF1040F53F8BE
:10C150002170824604F1FF39C0F25682BCF103031C
:10C1600048BF0CF10403DB10029301334FEAC30E06
:10C17000ACEB0E030593029B17EB0900A3EB09033D
:10C1800016D401309FEDAB7A699C18441EA9002B90
:10C19000A4BF54F8235007EE905A03F10103ACBF3B
:10C1A000F8EEE77AF0EE477A8342E1EC017AEED1DD
:10C1B000002FC0F2E28203991EA800EB81004FEA33
:10C1C00081087E18002346AD4C460AEB8101B9F187
:10C1D000000F80F2C8800134B44245F8043B00F1FE
:10C1E0000400F4D10DF1280B0BEB8703CDE9062EEB
:10C1F000043B9FED929ADFED908A059804930AEB39
:10C20000080446AE0BEB87080097CDF820C00DEB75
:10C210008703002F93ED460A4FEA870515DD731952
:10C220005A4660EE097AB0EE407AFDEEE77A73ED99
:10C23000016AF8EEE77AB342A7EEE87A37EEA60A8B
:10C24000BDEEC77AA2EC017AEBD1019000F0B8FA0A
:10C25000F4EE007AB0EE408A20EE270A00F01EFBD2
:10C26000F2EE007AA0EE678A01980028FDEEC89AE7
:10C27000F8EEE97A38EE678A40F38280791EC0F1E1
:10C2800008035BF821E04EFA03FC0CFA03F3AEEB73
:10C29000030EC0F1070219EE903A4EFA02F263441F
:10C2A000002A09EE903A4BF821E000F3AF80B5EE9A
:10C2B000408AF1EE10FA74D1009B9F420ADD5D4482
:10C2C000002355F8041D454543EA0103F9D1002B2D
:10C2D00040F00281009B013B5BF823207B1C9C46C5
:10C2E000002A40F0F780049A012152F8045D0131E0
:10C2F000002DFAD03944029D039A05EB030E0EF18E
:10C30000804E699D0EF1FF3E3A4405EB8E0E1EAD48
:10C3100006EB830705EB8205DEED017AF8EEE77A9E
:10C32000B9F1000F0EF1040EE5EC017ADFED417A70
:10C3300009DB2A465346F3EC016A32ED017AA34247
:10C34000E6EE877AF7D10CF1010C8C45E7EC017A27
:10C35000E2DD0F465BE70134B442E5EC017A00F11F
:10C3600004003FF43FAFDFED337A83465346F3ECEE
:10C37000016A3BED017A8B42E6EE877AF7D1EAE774
:10C3800000F09180F6EE007AB4EEE78AF1EE10FA52
:10C3900080F22981B5EE408AF1EE10FA4FF00002EA
:10C3A0008AD09246DDE9062EDDF820C00197AEEB7B
:10C3B0000C00B0EE480A009F009200F001FADFED99
:10C3C0001E6AB4EEE60AF1EE10FADDE90023F0EEA3
:10C3D000407AC0F29C819FED197A059920EE077A88
:10C3E0000831BDEEC77A0591B8EEC77A5C1CE7EE5E
:10C3F000667ABDEEC77AFDEEE77A17EE901A4BF833
:10C40000231017EE103A4BF824307EE00133002F52
:10C4100009EE903A40F39D8159464FF0000E51F8D5
:10C42000043B002B39D0C3F5807341F8043C0CE089
:10C4300058E4000800000000000080430000803B3A
:10C440000B68C3F1FF0341F8043B0EF1010E774581
:10C45000F6DC01239E4600280BDD012800F0BB809E
:10C46000022806D1791E5BF8213003F03F0C4BF80F
:10C4700021C0022A7FF41BAFB7EE000A734630EEEC
:10C48000488A002B3FF413AF0992019000F098F90D
:10C490000198099A38EE408A09E70EF1010E7745B6
:10C4A000BDDC9E46D7E77B1E5BF82320D211002A15
:10C4B0007FF7FDAE19EE903A002F03F1010309EE6C
:10C4C000903AA9DC022A7FF4F2AEF7EE007A37EE5A
:10C4D000C88AECE619460EE73B469246DDE90512AE
:10C4E0005C1EA1F108005BF82410009F059061B963
:10C4F00003F18043013B0BEB8303014653F8040D2A
:10C50000013C08390028F9D0059105980092B7EE52
:10C51000000A00F055F9002C009AB0EE407AC0F203
:10C520002281601C46AD5FED3B6A81000BEB80030E
:10C5300005EB800073ED017AF8EEE77A5B4567EE74
:10C54000877A27EE267A60ED017AF3D10DF1C808DB
:10C550000E1F2E44C646A4460025002F7DDBDFF8C3
:10C560005C92DFED957A3046002307E0F9EC016A32
:10C57000B0EC017A9F42E6EE877A03DB9D4203F13D
:10C580000103F3DA0CF1FF3CBCF1FF3FEEEC017A62
:10C5900005F10105A6F10406E1D1689B022B6ADCD6
:10C5A000002B36DC0ED1DFED847A414431ED017A87
:10C5B000884577EE877AF9D15346002B40F0C68044
:10C5C000C2ED007A19EE903A03F007005BB0BDECC3
:10C5D000048BBDE8F08F791E5BF8213003F07F0CEF
:10C5E0004BF821C045E719EE903A002F03F1010303
:10C5F00009EE903AC8BF02223FF70EAFF7EE007A7D
:10C6000037EEC88A022252E600234FF0080E02934A
:10C61000AEE5DDED327A9FED687A414471ED016A55
:10C62000884537EE267AF9D15346002B40F08480B6
:10C6300077EEC77A82ED007A64B133A90123B1ECB9
:10C64000017A01339C4277EE877AF8DA53460BB1D0
:10C65000F1EE677AC2ED017AB4E70CF1FF3C0023FA
:10C66000BCF1FF3F4EF8043B05F10105A6F10406BD
:10C670007FF473AF91E7689B032BA3D1002C00F0EC
:10C680008C8008EB840595ED007AA0002B462946A6
:10C6900071ED017AF0EE476A37EE277A884577EE3A
:10C6A000C77A81ED007A77EEA67AC1ED017AEFD1F3
:10C6B000012C72D095ED007A08F1040173ED017A36
:10C6C000F0EE476A37EE277A994277EEC77A83ED24
:10C6D000007A77EEA67AC3ED017AEFD1031DDFED84
:10C6E000367A434408F1080833ED017A984577EE2D
:10C6F000877AF9D15346DDED326A9DED337A73B90D
:10C70000C2ED006A82ED017AC2ED027A5AE7FDEECF
:10C71000C07A1C4617EE901A4BF82310F5E6F1EE9E
:10C72000666AB1EE477AF1EE677AC2ED006A82ED91
:10C73000017AC2ED027A45E7F1EE476A77EEC77AF1
:10C74000C2ED006A002C7FF478AF81E7F1EE677AE2
:10C7500036E7012815D002287FF4B4AE0EF03F036F
:10C760004BF82130AEE6689B022B12DC002B17DC65
:10C770007FF428AFDFED107A1EE7039B4FEA8308B2
:10C7800030E50EF07F03022A4BF821307FF48FADA5
:10C790009BE6689B032B7FF415AFDFED077AA9E7D3
:10C7A0005346DDED327A1BB14FF0004313604FE783
:10C7B000002313604EE700BF000000002CE40008D7
:10C7C00010EE103A33F000411A4625D0B1F1FF4F78
:10C7D0001FD213F0FF4F20D1DFED297A294A60EEF6
:10C7E000277A904217EE903A31DB4CF2503CC3F37B
:10C7F000C75160451A46A1F1190114DD002BDFED88
:10C80000227A9FED210AB8BFDFED207A27EE800A59
:10C81000704730EE000A704770474CF2503C60455C
:10C820004FEAD151EADC0144FE29E7DC002915DC9E
:10C8300011F1160F19DB193122F0FF4242EAC15201
:10C8400007EE902A9FED120A27EE800A7047DFED6F
:10C85000117A07EE103A27EE270A704722F0FF42BE
:10C8600042EAC15300EE103A7047002BDFED097A1F
:10C870009FED080AB8BFDFED087A27EE800A7047FF
:10C880000000004CB03CFFFFCAF24971CAF249F106
:10C89000000000336042A20D6042A28D10EE102A0B
:10C8A000C2F3C7537F3B162B22F000411BDC002B49
:10C8B00010461EDB1A4919410A4223D0DFED197ACE
:10C8C00070EE277AF5EEC07AF1EE10FA1ADD002A42
:10C8D00004DA4FF4000242FA03F3184420EA010399
:10C8E00000EE103A7047B1F1FF4F0BD330EE000A63
:10C8F0007047DFED0C7A70EE277AF5EEC07AF1EE34
:10C9000010FA00DC7047002A02DB9FED070A70472F
:10C9100011B99FED060A7047BFEE000AF2E700BFAB
:10C92000FFFF7F00CAF24971000000000000008094
:10C93000164B10B51C68226BB2B9182000F0A6FA8D
:10C940000246206320B9124B1248522100F036FAF9
:10C950001149124BC0E90013114B83600B238381F3
:10C9600000210120C2E9040113690E4854690E49EF
:10C97000584301FB0400A3FB0131013340EB0100EC
:10C98000C2E9043020F0004010BD00BF300000209C
:10C990004EDE000865DE00080E33CDAB34126DE6C6
:10C9A000ECDE05002DF451582D7F954C002310B579
:10C9B0000446C0E90033C0E90433836081814366E3
:10C9C000C2818361194608225C3000F056F90D4B94
:10C9D00063620D4BA3620D4BE3620D4B23630D4B62
:10C9E00024629C4206D003F16802944202D0D03304
:10C9F0009C4205D104F15800BDE8104000F0CCB9CC
:10CA000010BD00BFA1CB0008C3CB0008FBCB0008C2
:10CA100021CC00085C970020024A0349034800F03B
:10CA20006BB800BF24000020D5D6000834000020D9
:10CA300041680C4B994210B5044601D000F04AFE03
:10CA4000A168094B994202D0204600F043FEE168FC
:10CA5000064B994204D02046BDE8104000F03ABE93
:10CA600010BD00BF5C970020C49700202C980020C8
:10CA70000C4B0D4A0D4810B504211A600022FFF737
:10CA800095FF0A4B01221C46092103F16800FFF7BC
:10CA90008DFF04F1D0000222BDE810401221FFF703
:10CAA00085BF00BF9498002019CA00085C97002039
:10CAB000014800F072B900BF9D980020014800F0C5
:10CAC0006DB900BF9D98002010B50446FFF7F0FF38
:10CAD000236A1BB1BDE81040FFF7F0BF044B23628F
:10CAE000044B1B68002BF5D1FFF7C2FFF2E700BF34
:10CAF00031CA0008949800202DE9F843074688467B
:10CB000014460026D4E90195B9F1010905D5246838
:10CB1000002CF7D13046BDE8F883AB89012B07D94B
:10CB2000B5F90E30013303D029463846C0470643D5
:10CB30006835E9E70CB430B5184B0C1E1D689DB084
:10CB400008DA8B232B604FF0FF301DB0BDE830407A
:10CB500002B070474FF40273ADF814304FF0000389
:10CB60001B9314BF04F1FF332346049307934FF63E
:10CB7000FF7302900690ADF81630209A21AB02A9FF
:10CB80002846019300F098FA431CBCBF8B232B600E
:10CB9000002CDAD0029B00221A70D6E73000002069
:10CBA00010B50C46B1F90E1000F0A8F80028ABBF84
:10CBB000636DA3891B1823F48053ACBF6365A38105
:10CBC00010BD2DE9F0411F468B89DB0505460C465B
:10CBD000164605D5B1F90E100223002200F07CF8AC
:10CBE000A389B4F90E1023F48053A38132463B4647
:10CBF0002846BDE8F04100F093B810B50C46B1F9F5
:10CC00000E1000F069F8B4F90C30421C0BBF23F48D
:10CC1000805343F48053A381A38118BF606510BD86
:10CC2000B1F90E1000F048B810B501390244904235
:10CC300001D1002005E0037811F8014FA34201D093
:10CC4000181B10BD0130F2E7884210B501EB020459
:10CC500002D98442234607D8431EA14207D011F8C7
:10CC6000012B03F8012FF8E70244824200D110BDE6
:10CC700013F8011D02F8011DF7E702440346934231
:10CC800000D1704703F8011BF9E70A7870B56AB95B
:10CC900070BD9A4209D10C46054614F8013F002B9D
:10CCA000F6D015F8016F9E42F7D001300378002BC3
:10CCB000EFD11846ECE7000038B5064D00230446D6
:10CCC00008462B60F8F71EF9431C02D12B6803B10C
:10CCD000236038BD9898002038B5074D04460846B3
:10CCE000114600222A601A46F8F716F9431C02D1B1
:10CCF0002B6803B1236038BD9898002038B5074DE4
:10CD000004460846114600222A601A46F8F7DEF863
:10CD1000431C02D12B6803B1236038BD98980020D2
:10CD200038B5074D04460846114600222A601A46C7
:10CD3000F8F7DAF8431C02D12B6803B1236038BD41
:10CD400098980020014B1868704700BF3000002001
:10CD500070B50D4B0D4D5B1B9C100026A64209D1F2
:10CD600000F0D2FF0A4D0B4B5B1B9C100026A64225
:10CD700005D170BD55F8043B98470136EEE755F8EC
:10CD8000043B98470136F2E76CE400086CE40008C5
:10CD90006CE4000870E400087047704770470A446C
:10CDA000914200F1FF3300D1704710B511F8014BEB
:10CDB00003F8014F9142F9D110BD00001FB5144690
:10CDC0001A46094B1B680546D8684CB1074B0091C1
:10CDD000CDE9013406492B4600F0A4FC00F0C4FC68
:10CDE000044B1C46F3E700BF30000020BDDE000806
:10CDF000CADE0008F6DD000838B50546002941D036
:10CE000051F8043C0C1F002BB8BFE41800F0E8F800
:10CE10001D4A136833B9636014602846BDE8384082
:10CE200000F0E4B8A34208D9206821188B4201BF62
:10CE300019685B6809182160EDE71A465B680BB159
:10CE4000A342FAD911685018A0420BD120680144BE
:10CE5000501883421160E0D118685B685360084441
:10CE60001060DAE702D90C232B60D6E7206821187E
:10CE70008B4204BF19685B68636004BF09182160B6
:10CE80005460CAE738BD00BFA4980020024B014699
:10CE9000186800F025B800BF3000002070B50F4EB4
:10CEA0000C463168054611B900F04EFC3060214651
:10CEB000284600F049FC431C03D14FF0FF342046C4
:10CEC00070BDC41C24F00304A042F8D0211A2846E7
:10CED00000F03AFC0130F2D1EFE700BFA09800204B
:10CEE0002DE9F843CD1C25F0030508350C2D38BF7E
:10CEF0000C25002D064601DBA94204D90C23336022
:10CF00000020BDE8F883DFF8D48000F069F8D8F895
:10CF100000301C4644BB29463046FFF7BFFF431C88
:10CF2000044658D1D8F800402746002F43D1002CA2
:10CF30004BD023683946304604EB030900F004FC6B
:10CF4000814542D121686D1A29463046FFF7A6FF78
:10CF500001303AD023682B442360D8F800305A6857
:10CF600062BBC8F800700FE02268521B20D40B2A65
:10CF700017D96119A342256018BF5960636808BFBB
:10CF8000C8F8001062514B60304600F02FF804F1F1
:10CF90000B00231D20F00700C21A1CBF1B1AA35050
:10CFA000AFE76268A3420CBFC8F800205A60EBE705
:10CFB00023466468AEE73C467F68B6E71A465B687E
:10CFC000A342FBD100235360DEE70C2333603046DD
:10CFD00000F00CF894E70560D6E700BFA4980020A5
:10CFE0000148FFF7DABE00BF9C9800200148FFF718
:10CFF000D5BE00BF9C9800202DE9F0478E681F46E3
:10D00000BE4282460C469046334653D8B1F90C00D6
:10D0100010F4906F2BD065692368096905EB45050D
:10D02000A3EB010905EBD5757B1C6D104B44AB429E
:10D030002A4684BF1D462A46430527D51146504639
:10D04000FFF74EFF064658B321694A46FFF7A7FE91
:10D05000A38923F4906343F08003A3812661656173
:10D060004E44A5EB09052660A5603E463B461F469B
:10D0700020683A464146FFF7E7FDA3689B1BA36083
:10D0800023683B4423600020BDE8F087504600F051
:10D0900072FB06460028E1D121695046FFF7ACFE3D
:10D0A0000C23CAF80030A38943F04003A3814FF05A
:10D0B000FF30E9E73E46DBE72DE9F0471F468B8965
:10D0C0001B069CB006460D46144610D50B6973B975
:10D0D0004021FFF705FF2860286130B90C23336039
:10D0E0004FF0FF301CB0BDE8F08740236B61002398
:10D0F000099320238DF8293003973023654F8DF84D
:10D100002A304FF001082346994613F8012B0AB143
:10D11000252AF9D1B9EB040A0BD0534622462946F9
:10D120003046FFF769FF013000F0A480099A5244AD
:10D13000099299F80030002B00F09C8000234FF0FA
:10D14000FF32CDE9052309F10109049307938DF816
:10D1500053301A934C464F4814F8011B0522F6F73A
:10D160008FFF049BD0B9D80644BF20228DF85320EE
:10D17000190744BF2B228DF8532099F800202A2A42
:10D1800013D0079A4C4600204FF00A0C214611F8A4
:10D19000013B303B092B49D968B913E0C01B08FAA1
:10D1A00000F018430490A146D4E7039A111D1268B9
:10D1B0000391002A01DB079204E0524243F002038C
:10D1C0000792049323782E2B0AD163782A2B32D12D
:10D1D000039B1A1D1B68039243EAE3730234059311
:10D1E000DFF8C090217803224846F6F749FF38B1AE
:10D1F000049BA0EB090040228240134301340493B6
:10D2000014F8011B24488DF828100622F6F738FF81
:10D21000002835D0214818BB039B073323F00703B0
:10D2200008330393099B034409936CE70CFB023218
:10D230000C460120AAE700230134059319464FF05C
:10D240000A0C204610F8012B303A092A03D9002B8A
:10D25000C6D00591C4E70CFB012104460123F0E789
:10D2600003AB00932A460E4B04A93046AFF300806F
:10D27000421CD7D1AB895B063FF532AF099831E745
:10D2800003AB00932A46064B04A9304600F07AF817
:10D29000EEE700BFF9DE000803DF00080000000031
:10D2A000F9CF0008FFDE00082DE9F0471646984642
:10D2B0008A680B69DDF820909342B8BF134633604B
:10D2C00091F8432007460C460AB1013333602368C6
:10D2D000990642BF336802333360256815F00605AE
:10D2E00006D104F1190AE36832689B1AAB4226DCC6
:10D2F00094F843302268003B18BF012392062BD4D8
:10D3000004F1430241463846C84701301ED0236825
:10D31000226903F00603042B02BFE5683368ED1AA7
:10D32000A3680CBF25EAE57500259342C4BF9B1A8C
:10D33000ED1800261A34B5421AD1002008E0012366
:10D34000524641463846C847013003D14FF0FF30BE
:10D35000BDE8F0870135C6E7E1185A1C302081F896
:10D360004300224494F8451082F843100233C7E783
:10D370000123224641463846C8470130E6D00136EF
:10D38000D9E700002DE9F0430D7E85B0782D904659
:10D390000C9E07460C46994601F1430207D8622DC0
:10D3A0000AD8002D00F0D780582D00F0BC8004F181
:10D3B000420684F842503BE0A5F16303152BF6D8F2
:10D3C00001A151F823F000BF21D4000835D4000892
:10D3D000AFD30008AFD30008AFD30008AFD3000825
:10D3E00035D40008AFD30008AFD30008AFD300088E
:10D3F000AFD300083DD500085FD40008EFD4000883
:10D40000AFD30008AFD300085FD50008AFD3000842
:10D410005FD40008AFD30008AFD30008F7D40008EA
:10D4200033681A1D1B68326004F1420684F84230EA
:10D430000123A1E033682068191D3160060601D57B
:10D440001D6803E04506FBD5B3F90050002D03DA53
:10D450002D236D4284F843305B480A2311E0216894
:10D460003368080653F8045B02D4490648BFADB2DE
:10D470003360237E54486F2B5CD10823002184F84D
:10D4800043106668A660002E05DB21682E4321F05C
:10D490000401216050D01646B5FBF3F103FB115C8B
:10D4A00010F80CC006F801CDAC4663450D46F3D923
:10D4B000082B0BD12368DB0708D5236961689942E3
:10D4C000DEBF302306F8013C06F1FF36921B2261D5
:10D4D000CDF80090434603AA21463846FFF7E4FE04
:10D4E00001304ED14FF0FF3005B0BDE8F083236826
:10D4F00043F0200323603548782584F8455023689D
:10D50000316813F0800F51F8045B03D113F0400F22
:10D5100018BFADB23160D90744BF43F02003236088
:10D520001DB11023AAE72848E7E7236823F020036A
:10D530002360F6E70A23A1E71646B9E733682568B2
:10D540006169181D30602E061B6801D5196002E064
:10D550006806FBD51980002323611646B8E73368B7
:10D560001A1D32601E68626800213046F6F788FD99
:10D5700008B1801B606063682361002384F8433036
:10D58000A6E72369324641463846C8470130A9D04C
:10D5900023689B0713D4E068039B9842B8BF1846E2
:10D5A000A2E70123324641463846C847013099D0A8
:10D5B0000135E36803995B1AAB42F2DCEBE7002527
:10D5C00004F11906F5E700BF0ADF00081BDF0008B9
:10D5D000B1F90C202DE9F041160705460C4651D44F
:10D5E0004B68002B02DC0B6C002B49DDE66A002E39
:10D5F00046D0002312F480522F682B6031D0626D28
:10D60000A389590705D56368D21A636B0BB1236CE4
:10D61000D21A0023E66A216A2846B047421CB4F9B0
:10D620000C3006D129681D2946D8294ACA40D60798
:10D6300042D500226260D9042269226004D5421CCE
:10D6400001D12B6803B96065616B2F60C1B104F132
:10D650004403994202D02846FFF7CEFB00236363C0
:10D660000EE0216A01232846B0470246501CC7D16C
:10D670002B68002BC4D01D2B01D0162B1AD12F6084
:10D6800000201EE00F69002FFAD093070E6808BF34
:10D690004B690F6018BF0023A6EB07088B60B8F139
:10D6A000000FEDDD216AA66A43463A462846B04798
:10D6B000002808DCB4F90C3043F04003A3814FF09C
:10D6C000FF30BDE8F0810744A8EB0008E7E700BFA2
:10D6D0000100402038B50B6905460C4613B90025FA
:10D6E000284638BD18B1036A0BB9FFF7EDF9B4F954
:10D6F0000C30002BF3D0626ED00704D4990502D40D
:10D70000A06DFFF74AFB28462146FFF761FF636ED5
:10D71000DA070546E4D4A3899B05E1D4A06DFFF7A1
:10D720003DFBDDE70EB403B5014603AB054853F8F6
:10D73000042B0068019300F075F802B05DF804EB6B
:10D7400003B070473000002038B5064D0023044672
:10D7500008462B60F7F7E2FB431C02D12B6803B1AC
:10D76000236038BD9898002008B5062000F028FAFC
:10D770000120F7F7A5FB2DE9F041074614460D46B9
:10D7800021B9BDE8F0411146FFF7AABB2AB9FFF75E
:10D7900033FB25462846BDE8F08100F02DFA84428F
:10D7A000064602D8B4EB500FF4D821463846FFF7AE
:10D7B00097FB804608B94546ECE7B4422246294625
:10D7C00028BF3246FFF7EBFA29463846FFF714FB2D
:10D7D000F1E79368013B002B10B4936008DA946979
:10D7E000A34201DB0A2903D15DF8044B00F02EB9F6
:10D7F0001368581C1060197008465DF8044B704798
:10D80000F8B506460F461446D518AC4201D10020A3
:10D8100007E014F8011B3A463046FFF7DAFF431CD5
:10D82000F3D1F8BD2DE9F0470D469CB014461F46D4
:10D83000064618B1036A0BB9FFF746F96B6ED907B4
:10D8400005D4AB899A0502D4A86DFFF7A6FAAB8977
:10D850001B0701D52B699BB92946304600F034F9E6
:10D8600070B16B6EDC0704D54FF0FF301CB0BDE823
:10D87000F087AB899805F7D4A86DFFF78FFAF3E727
:10D880000023099320238DF82930039730236A4F12
:10D890008DF82A304FF001082346994613F8012BE2
:10D8A0000AB1252AF9D1B9EB040A0BD05346224616
:10D8B00029463046FFF7A4FF013000F0A480099A02
:10D8C0005244099299F80030002B00F09C8000230C
:10D8D0004FF0FF32CDE9052309F1010904930793C5
:10D8E0008DF853301A934C46534814F8011B052207
:10D8F000F6F7C6FB049BD0B9D90644BF20228DF8A9
:10D9000053201A0744BF2B228DF8532099F800208A
:10D910002A2A13D0079A4C4600204FF00A0C2146C1
:10D9200011F8013B303B092B49D968B913E0C01B02
:10D9300008FA00F018430490A146D4E7039A111D99
:10D9400012680391002A01DB079204E0524243F07F
:10D9500002030792049323782E2B0AD163782A2B93
:10D9600032D1039B1A1D1B68039243EAE37302340E
:10D970000593DFF8D490217803224846F6F780FB20
:10D9800038B1049BA0EB09004022824013430134CC
:10D99000049314F8011B29488DF828100622F6F785
:10D9A0006FFB00283ED0264818BB039B073323F0AB
:10D9B000070308330393099B034409936CE70CFBAB
:10D9C00002320C460120AAE70023013405931946D0
:10D9D0004FF00A0C204610F8012B303A092A03D9DF
:10D9E000002BC6D00591C4E70CFB0121044601239E
:10D9F000F0E703AB00932A46124B04A93046AFF37D
:10DA00000080431CD7D16B6ED90705D4AB899A052A
:10DA100002D4A86DFFF7C2F9AB895B063FF524AFCE
:10DA2000099823E703AB00932A46064B04A9304626
:10DA3000FFF7A8FCE5E700BFF9DE000803DF0008F8
:10DA40000000000001D80008FFDE0008F8B50E460F
:10DA50001446054618B1036A0BB9FFF735F8A369F8
:10DA6000A360A3891A0701D5236943B92146284633
:10DA700000F02AF818B14FF0FF373846F8BD236898
:10DA80002269981A6369F6B28342374605DC21465B
:10DA90002846FFF71FFE0028EDD1A368013BA360D5
:10DAA00023685A1C22601E706269431C9A4204D08B
:10DAB000A389DB07E1D50A2EDFD121462846FFF7EF
:10DAC00009FE0028D9D0D6E738B5284B0546186896
:10DAD0000C4618B1036A0BB9FEF7F6FFB4F90C3027
:10DAE0001A0721D4D80607D409222A6043F040033C
:10DAF000A3814FF0FF3030E0590712D5616B41B17F
:10DB000004F14403994202D02846FFF775F9002337
:10DB100063630022B4F90C3062602269226023F052
:10DB2000240343F00803A38122693AB99A0501D579
:10DB3000180603D52146284600F08AF8B4F90C30BF
:10DB400013F001020AD00022A26062695242A2616F
:10DB5000226942B913F08000C8D138BD990758BF77
:10DB60006269A260F4E70020F7E700BF3000002000
:10DB70001F2938B505460C4604D9162303604FF01B
:10DB8000FF3038BDC26B12B152F821304BB9284674
:10DB900000F030F8224601462846BDE8384000F043
:10DBA00017B8012B0AD0591C03D11623036001209A
:10DBB000E7E7002142F82410204698470020E0E7DC
:10DBC000024B01461868FFF7D3BF00BF30000020AA
:10DBD00038B5074D00230446084611462B60F7F779
:10DBE00067F9431C02D12B6803B1236038BD00BF25
:10DBF00098980020F7F75AB951F8043C181F002BE9
:10DC0000BCBF0B58C018704770B50C46B1F90E1068
:10DC1000002996B015461E460ADAA18911F0800146
:10DC200013D14FF48062002031602A6016B070BDBD
:10DC30006A4600F047F80028EFDB019901F47041D3
:10DC4000A1F5005359425941EBE700214022EAE790
:10DC50008B8973B59E0705460C4607D504F147032B
:10DC6000236023610123636102B070BD01AB6A468A
:10DC7000FFF7CAFF009E28463146FFF731F9B4F995
:10DC80000C3038B99A05EFD423F0030343F00203B4
:10DC9000A381E3E743F08003A381019B2060C4E9F3
:10DCA0000406002BE0D0B4F90E10284600F01CF852
:10DCB0000028D9D0A38923F0030343F00103A381F3
:10DCC000D2E7000038B5074D002304460846114648
:10DCD0002B60F7F71AF9431C02D12B6803B12360BC
:10DCE00038BD00BF9898002038B5064D0023044683
:10DCF00008462B60F7F70EF9431C02D12B6803B1DD
:10DD0000236038BD98980020F8B500BFF8BC08BC67
:10DD10009E467047F8B500BFF8BC08BC9E467047E9
:10DD2000060007000F0000000F0000008000000048
:10DD30001818FF1018FF000000000000000000008D
:10DD400000000000000000000000000000000000D3
:10DD500000000000000000000000000000000000C3
:10DD6000FF181818000004420000604100008041C4
:10DD70000000FA430000A04000003042000088414B
:10DD80000000B8410000FA430000A040000030420B
:10DD900000008841000080410000FA430000A040DC
:10DDA0000000A0410000704200002C4200409C4551
:10DDB0000000C842000070410000F0420000B44280
:10DDC00000409C450000C842000048420000B040AE
:10DDD000000030410000FA430000A040000048422B
:10DDE000000010420000644200409C450000C84210
:10DDF00002514D5557010041524D3A4552524F5232
:10DE00002F0041524D3A4F4B2F0041524D3A4C4F4B
:10DE1000434B45442F0041524D3A574149542F003E
:10DE200041524D3A554E524541434841424C452F8F
:10DE3000002573002D256C642E2530336C64002C76
:10DE4000006E616E00256C750041524D3A005245DE
:10DE5000454E54206D616C6C6F6320737563636510
:10DE600065646564002F6275696C642F676E752D3B
:10DE7000746F6F6C732D666F722D73746D33325FB8
:10DE800031342E332E72656C312E323032353130D2
:10DE900032372D303730302F7372632F6E65776CC9
:10DEA00069622F6E65776C69622F6C6962632F738C
:10DEB00074646C69622F72616E642E63002C20663C
:10DEC000756E6374696F6E3A200061737365727466
:10DED000696F6E2022257322206661696C65643A41
:10DEE0002066696C6520222573222C206C696E6582
:10DEF000202564257325730A00232D302B2000680C
:10DF00006C4C006566674546470030313233343526
:10DF10003637383941424344454600303132333494
:10DF20003536373839616263646566000008000081
:10DF300000080000004000400000000020060A0029
:10DF4000F0020020EC0200200000000001020304A7
:10DF50000000000000000000010203040607080999
:10DF600002DE0008F7DD0008F7DD00080ADE000821
:10DF7000F7DD0008F7DD0008F7DD000816DE000811
:10DF800020DE00080B0C0D0E0F1000061016000608
:10DF900010160000E8DF0008DCDF0008D0DF000812
:10DFA000C4DF0008B8DF0008ACDF0008100208007A
:10DFB000988100209481002010000A002092002007
:10DFC0001C92002010000A00C8920020C492002079
:10DFD00018000F00709300206C93002020000500B3
:10DFE000E0940020DC9400202000060088950020AA
:10DFF00084950020E803000029B10008E803000030
:10E0000011A8000800000000000000000000FFFF51
:10E01000FFFFFFFF5058595A3A0000004A5A485F24
:10E020000000000053543A502F00000053543A505F
:10E03000000000005A542F005A5400004C5F0000AA
:10E04000443A0000445F000001020304050607088B
:10E05000000000000102030405060000000000802B
:10E06000DB0F4940DB0F49C0DB0F49BFE4CB164053
:10E07000E4CB16C0000FC93F000F494000CB9640CB
:10E08000000FC9400053FB4000CB164100ED2F416B
:10E09000000F49410031624100537B41003A8A41FF
:10E0A00000CB9641005CA34100EDAF41007EBC4136
:10E0B000000FC94100A0D5410031E24100C2EE414C
:10E0C0000053FB4100F20342003A0A42008310422F
:10E0D00000CB164200141D42005C234200A52942D9
:10E0E00000ED2F4200363642007E3C4200C74242DD
:10E0F000000F4942A2000000F90000008300000068
:10E100006E0000004E0000004400000015000000FA
:10E1100029000000FC00000027000000570000005C
:10E12000D1000000F500000034000000DD00000018
:10E13000C0000000DB00000062000000950000004D
:10E14000990000003C000000430000009000000027
:10E1500041000000FE0000005100000063000000CC
:10E16000AB000000DE000000BB000000C5000000A6
:10E1700061000000B7000000240000006E000000F5
:10E180003A000000420000004D000000D2000000F4
:10E19000E000000006000000490000002E00000022
:10E1A000EA00000009000000D10000009200000019
:10E1B0001C000000FE0000001D000000EB0000003D
:10E1C0001C000000B100000029000000A7000000B2
:10E1D0003E000000E8000000820000003500000062
:10E1E000F50000002E000000BB000000440000000D
:10E1F00084000000E90000009C00000070000000A6
:10E2000026000000B40000005F0000007E00000057
:10E21000410000003900000091000000D60000001D
:10E2200039000000830000005300000039000000A6
:10E23000F40000009C000000840000005F0000006B
:10E240008B000000BD000000F90000002800000065
:10E250003B0000001F000000F800000097000000D5
:10E26000FF000000DE000000050000009800000034
:10E270000F000000EF0000002F0000001100000060
:10E280008B0000005A0000000A0000006D00000032
:10E290001F0000006D000000360000007E0000003E
:10E2A000CF00000027000000CB00000009000000A4
:10E2B000B70000004F000000460000003F000000D3
:10E2C000660000009E0000005F000000EA00000001
:10E2D0002D0000007500000027000000BA000000BB
:10E2E000C7000000EB000000E5000000F1000000A6
:10E2F0007B0000003D000000070000003900000026
:10E30000F70000008A0000005200000092000000A8
:10E31000EA0000006B000000FB0000005F0000004E
:10E32000B10000001F0000008D0000005D00000033
:10E33000080000005600000003000000300000004C
:10E3400046000000FC0000007B0000006B000000A5
:10E35000AB000000F0000000CF000000BC00000097
:10E36000200000009A000000F400000036000000C9
:10E370001D000000A9000000E30000009100000063
:10E38000610000005E000000E60000001B000000CD
:10E3900008000000650000009900000085000000F2
:10E3A0005F00000014000000A000000068000000F2
:10E3B000400000008D000000FF000000D8000000B9
:10E3C000800000004D0000007300000027000000E6
:10E3D00031000000060000000600000015000000EB
:10E3E00056000000CA00000073000000A8000000F2
:10E3F000C900000060000000E20000007B00000097
:10E40000C00000008C0000006B0000006937AC31D8
:10E4100068212233B40F14336821A2333863ED3EF0
:10E42000DA0F493F5E987B3FDA0FC93F0000C93FD2
:10E430000000F0390000DA370000A2330000842E1B
:10E440000000502B0000C2270000D0220000C41F93
:10E450000000C61B00004417040000000700000075
:04E4600009000000AF
:08E464000459FF7F01000000D4
:04E46C00B5010008EE
:04E47000910100080E
:10E4740081490008F9480008AD490008914900089D
:10E484007D4900080024F400010000001000000091
:10E4940000C0000000000000030000005C970020A2
:10E4A40034000020000000005C970020C497002086
:10E4B4002C98002000000000000000000000000074
:10E4C4000000000000000000000000000000000048
:10E4D4000000000000000000000000000000000038
:10E4E4000000000000000000000000000000000028
:04000005080041218D
:00000001FF
