:020000040800F2
:1000000078DD00205D020008F5750008A15F00089A
:10001000F1750008010F0008C195000800000000FC
:100020000000000000000000000000009D0100082A
:100030005711000800000000F90100086581000860
:1000400077020008770200087702000877020008AC
:10005000770200087702000877020008770200089C
:10006000770200087702000877020008770200088C
:10007000A50F0008C10F0008DD0F00087702000877
:10008000ED0F0008FD0F0008770200087702000856
:1000900077020008050F00087702000877020008C1
:1000A000770200087702000877020008770200084C
:1000B000770200087702000877020008770200083C
:1000C000770200087702000877020008770200082C
:1000D0007702000801950008259500084995000859
:1000E000770200087702000877020008770200080C
:1000F00077020008770200087702000877020008FC
:100100007702000877020008C1840008770200081F
:10011000FD8E0008770200087702000877020008C9
:10012000770200080D100008770200087702000827
:1001300077020008E511000877020008770200083E
:10014000150F000877020008770200087702000800
:100150001D1000082D1000083D1000086D950008C6
:10016000770200087702000877020008770200088B
:1001700077020008770200087702000800000000FC
:100180007702000877020008DFF80CD000F018FDB5
:1001900000480047B5E0000878DD00202C4B1968C6
:1001A0000868B0E8F04F80F30988BFF36F8F4FF015
:1001B000000080F3118870470000000008480068C4
:1001C000006880F308884FF0000080F3148862B65E
:1001D00061B6BFF34F8FBFF36F8F00DF00BF00BF6B
:1001E00008ED00E0DFF80C00016841F470010160E7
:1001F000704700BF88ED00E0EFF30980BFF36F8F19
:10020000134B1A681EF0100F08BF20ED108A20E96A
:10021000F04F106009B44FF0500080F31188BFF325
:100220004F8FBFF36F8F13F00BFA4FF0000080F386
:10023000118809BC19680868B0E8F04F1EF0100F6B
:1002400008BFB0EC108A80F30988BFF36F8F704746
:10025000FC030020EFF3058070470000064880474C
:1002600006480047FEE7FEE7FEE7FEE7FEE7FEE79B
:10027000FEE7FEE7FEE7FEE74D8200088901000881
:100280009FED1A1AF5EE000A40EE010ABDEEE00AF3
:10029000F5EEC00A10EE100AF1EE10FA38BF401E5B
:1002A00000EE100A1349F7EE001AB8EEC00A30EE5D
:1002B000C00ADFED0F0A20EE200AFCEEC00A10EEA5
:1002C000900AC0F3080000EE900A01EB8000F8EEFF
:1002D000600A90ED011A70EE600A90ED000A71EE6E
:1002E000E01A21EE800A00EE810A704783F9223E6F
:1002F00000000044DC4B0108B5EEC00AF1EE10FA34
:1003000007D2DFED1E0AB4EEE00AF1EE10FAA8BF44
:100310007047DFED1B0AB5EEC00A60EE200ABDEEA5
:10032000E01A11EE100AF1EE10FA38BF401E00EE8E
:10033000100A1549F7EE001AB8EEC00A30EEC00AEE
:10034000DFED100A60EE200ABCEEE00A10EE100AA3
:10035000C0F3080000EE100A01EB8000B8EE400A7E
:1003600090ED011A70EEC00A90ED000A71EEE01AED
:1003700021EE800A00EE810A70470000CD024CB4E5
:1003800083F9223E00000044DC4B01082DE9F05FB8
:100390000546002092469B468846064681464024F4
:1003A0001BE0284641464746224600F0A6FA53463F
:1003B0005A46C01A914110D311461846224600F001
:1003C0008DFA2D1A67EB01084F46224601200021C5
:1003D00000F084FA17EB00094E41201EA4F101043D
:1003E000DFDC484631462A464346BDE8F09F40EAF6
:1003F00001039B0703D009E008C9121F08C0042AA3
:10040000FAD203E011F8013B00F8013B521EF9D289
:100410007047D2B201E000F8012B491EFBD27047B1
:100420000022F6E710B513460A4604461946FFF7C0
:10043000F0FF204610BD30B504460020034600E022
:100440005B1C934203D2E05CCD5C401BF8D030BD16
:100450002DE9FE4F804681EA0300C00F0C46009054
:1004600021F0004123F00045B8EB0200A94105D27C
:100470004046214690461C460B46024623F000406B
:10048000104347D0270DC7F30A00C3F30A51029067
:10049000401A019040286BDAC3F3130040F4801B2C
:1004A0000098924620B10023D2EB030A63EB0B0BBA
:1004B00001985946C0F14002504600F00FFA064636
:1004C0000D4650465946019A00F027FA10EB0800F5
:1004D0006141002487EA115284EAE7731A4340D04D
:1004E000009A62B3019A012A4FEA075215DC001BF9
:1004F00061EB02014FF0004202EA0752CDE90042EF
:10050000001C41F5801132462B4600F05EFA03B024
:10051000BDE8F08F40462146F9E7001B61EB020180
:10052000001C41F5801300185B412018A2F500174C
:1005300047EB030140EAD570B6196D4111E06D0833
:100540004FEA360645EAC0754FEA0752001B61EBD9
:100550000201001C41F5801149084FEA30000019E2
:10056000514132462B4603B0BDE8F04F00F01EBAB1
:100570000098012240000023D0EB020263EBE073FD
:10058000009821464FEAE074B8EB000061EB0401EB
:10059000E9E783F000435BE781F0004158E72DE98C
:1005A000FE4F81EA030404F0004421F0004100946E
:1005B0004FF0000B23F0004350EA01045ED052EAF2
:1005C00003045BD0C3F30A54C1F30A552C44A4F2CC
:1005D000F3340194A0FB0254C1F3130141F48011E0
:1005E000C3F3130343F4801301FB024400FB034EE7
:1005F000840A970A44EA815447EA8357A4FB0768B0
:1006000002958D0A05FB07854FEA932C04FB0C54D9
:100610002705029D4FEA065847EA1637B5EB08054D
:100620006EEB070C870E920E47EA811742EA83129F
:10063000A7FB0201B6EB0B0164EB00042B0D43EAB0
:100640000C335E1844EB1C50DA465146E7FB0201BE
:10065000C5F313044FEA0B3343EA14534FEA043251
:10066000019C43EA0603A4F10C040294009CCDE92A
:1006700000B400F0AAF903B0BDE8F08F00200146F5
:10068000F9E72DE9F04D81EA030404F0004B21F075
:10069000004514464FF0000A23F0004150EA0502DD
:1006A00020D054EA01021DD0C5F30A570246C5F313
:1006B0001303C1F31300C1F30A5640F4801543F449
:1006C0008013A7EB0608101BD64608F2FD3873EB23
:1006D000050002D308F1010801E092185B41B8F16E
:1006E000000F03DA00200146BDE8F08D00204FF432
:1006F0008011064684460EE0171B73EB050705D3F1
:10070000121B63EB050306434CEA010C49084FEA50
:10071000300092185B4150EA0107EDD152EA030024
:1007200012D082EA040083EA0501084305D0101BB9
:10073000AB4106D20122002306E000224FF0004325
:1007400002E06FF0010253101AEB06004CEB085167
:1007500010EB0A0041EB0B01BDE8F04D00F026B9AB
:100760000EB5C10F80EAE0700844CA07002140F2CC
:1007700033438DE80E000A460B4600F026F903B01D
:1007800000BD70B5C1F30A5201F000450024C1F369
:10079000130140F2FF3341F480119A4201DA002044
:1007A00070BD40F233439A42A2F2334203DC52421C
:1007B00000F0A3F800E090402C43F1D0404270BD1F
:1007C000C1F30A5210B5C1F3130140F2FF3341F4F3
:1007D00080119A4201DA002010BD40F233439A4260
:1007E000A2F2334203DC524200F087F810BD904081
:1007F00010BD00F0004230F000400AD0C10D01F5FC
:100800006071C0F3160042EA0151C208400711436B
:10081000704700200146704730B5041E71F1000496
:1008200004DB4FF00044404264EB0101141E73F1FD
:10083000000405DB1C464FF00043524263EB040307
:100840008B4208BF824230BD30B5041E71F10004F6
:1008500004DB4FF00044404264EB0101141E73F1CD
:10086000000405DB1C464FF00043524263EB0403D7
:10087000994208BF904230BD01F0004330B421F0EE
:10088000004150EA010206D00A0DA2F56072C1F3E0
:100890001301002A02DC30BC00207047440F44EAF8
:1008A000C104C100E01830BC00EBC25000F047B8F2
:1008B00030B50B46014600202022012409E021FA30
:1008C00002F59D4205D303FA02F5491B04FA02F52D
:1008D0002844151EA2F10102F1DC30BD202A04DB00
:1008E000203A00FA02F1002070479140C2F1200343
:1008F00020FA03F3194390407047202A04DB203A82
:1009000021FA02F00021704721FA02F3D040C2F12F
:1009100020029140084319467047202A06DBCB1776
:10092000203A41FA02F043EAE07306E041FA02F3AA
:10093000D040C2F120029140084319467047002977
:10094000A8BF7047401C490008BF20F00100704755
:1009500010B4B0FA80FC00FA0CF050EA010404BFB5
:1009600010BC704749B1CCF1200421FA04F411FA0B
:100970000CF118BF012121430843A3EB0C01CB1D4F
:100980004FEA00614FEA102042BF002010BC7047C0
:1009900000EBC35010440029A4BF10BC7047401C9A
:1009A000490008BF20F0010010BC704710B5141EAC
:1009B00073F1000408DA401C41F1000192185B4118
:1009C0001A4301D120F0010010BD2DE9F04D9246EF
:1009D0009B4611B1B1FA81F202E0B0FA80F2203206
:1009E0009046FFF77BFF04460F4640EA0A0041EAC3
:1009F0000B0153465A46084313D0114653EA0100EF
:100A000019D0C8F140025046FFF777FF05460E4661
:100A1000504659464246FFF761FF084305D0012082
:100A200004E020463946BDE8F08D0020054346EA43
:100A3000E0762C4337430A986305E40AA0EB0800EC
:100A40000022FD0A44EA47540A3002D5002001463C
:100A5000E9E7010510196941DDE908450019694117
:100A6000BDE8F04DA2E72DE9F04D00231A461B1A10
:100A70008A4103DB00200146BDE8F08DC1F30A5234
:100A8000C1F3130141F480154FF0000BD10702D1DF
:100A900000186D41521E0027044640F2FF113846EF
:100AA00001EB620A3E468046024600204FF4801168
:100AB000FFF723FFC2197141BB1846EB0100B4EBED
:100AC000030C75EB000C04D3E41A65EB0005174624
:100AD0000E46241908F101006D4180463428E3DDFB
:100AE000F91946EB0600091BA84103D24FF0FF326B
:100AF000134601E0002213461BEB070046EB0A51A8
:100B0000BDE8F04DFFF752BF2DE9FE4FC3F30A5782
:100B100001F000450024C1F30A56C3F31303C1F3E7
:100B2000130143F4801312EB020AA64641F480112C
:100B3000009543EB030CA7F1010B16E0B0EB0A00A4
:100B400061EB0C01071E71F1000707DA4FF0000896
:100B5000D0EB080085F0004568EB0101171A73EB34
:100B60000107EBD3761E001849415E45F6DA50EADC
:100B7000010209D0CDE900E5002213460296FFF7F5
:100B800024FF03B0BDE8F08F20460099F9E7C1F3D8
:100B90000A52C1F3130140F2FF3341F480119A422B
:100BA00002DA00200146704740F233439A42A2F233
:100BB000334202DC5242FFF7A0BEFFF78FBE0000B7
:100BC000064C074D06E0E06840F0010394E807009A
:100BD00098471034AC42F6D3FFF7DAFA6C560108A6
:100BE0008C5601080EB540F2334102910021CDE947
:100BF00000110A460B46FFF7E8FE03B000BD70B5D2
:100C00008C1810F8015B15F0070301D110F8013BB7
:100C10002A1106D110F8012B03E010F8016B01F83E
:100C2000016B5B1EF9D12B0705D40023521E0DD496
:100C300001F8013BFAE710F8013BCB1A921C03E0E4
:100C400013F8015B01F8015B521EF9D5A142D8D31C
:100C5000002070BD70B50546AC6B206C00F05000F4
:100C600050BB206C40F4007020642068806800F065
:100C70004050E8B9207ED8B92068C06A00F47000FE
:100C800020B12068806800F4806088B920684068DE
:100C900020F0200021684860206C20F480702064DF
:100CA000206C00F4805018B9206C40F001002064E2
:100CB000204601F02BFF0BE0206C00F0100018B173
:100CC000204601F025FF03E0A06BC16C2846884751
:100CD00070BD70B50546AC6B40202064606C40F080
:100CE00004006064204601F013FF70BD70B5044637
:100CF000A56B284601F00BFF70BD000055494A68FE
:100D000022F440324A604A6843681A434A600268E3
:100D1000526822F4807203685A600268536802695C
:100D200043EA022203685A600268526822F0407265
:100D300003685A600268526883681A4303685A60FD
:100D40000268926822F4006203689A6002689268FE
:100D5000C3681A4303689A603F4B826A9A4218D06C
:100D60000268926822F0706203689A600268926872
:100D7000836A1A4303689A600268926822F04052BC
:100D800003689A6002689268C36A1A4303689A60AB
:100D90000BE00268926822F0706203689A60026851
:100DA000926822F0405203689A600268926822F0CA
:100DB000020203689A6002689368027E43EA420274
:100DC00003689A602022125CA2B10268526842F461
:100DD000006203685A600268526822F46042036845
:100DE0005A6002685368426A521E43EA42320368FC
:100DF0005A6005E00268526822F4006203685A6093
:100E00000268D26A22F470020368DA620268D36A66
:100E1000828B521E43EA02520368DA6202689268C9
:100E200022F4007203689A600268936890F8302098
:100E300043EA422203689A600268926822F4806260
:100E400003689A6002689368426943EA82220368F1
:100E50009A607047002301400100000F00B589B07F
:100E60000020019002900120009000200590069043
:100E700040F20C600390082007901F4903C9CDE998
:100E800001016B4601AA03A91C4801F050FF022092
:100E90000EF0DAFD40F20A600390174903C9CDE96C
:100EA00001016B4601AA03A9144801F040FF02208A
:100EB0000EF0CAFD40F20B6003900F4903C9CDE963
:100EC00001016B4601AA03A90C4801F030FF022082
:100ED0000EF0BAFD40F20D600390074903C9CDE959
:100EE00001016B4601AA03A9044801F020FF02207A
:100EF0000EF0AAFD09B000BD10010020D4090020A9
:100F000000BFFEE710B5024802F012F910BD000064
:100F1000AC09002010B5024802F00AF910BD00002B
:100F2000D409002010B58AB00446002006900120A4
:100F300007900E492068884204D1002005900120C6
:100F4000049003E00E2005900020049001200890FA
:100F50000E200990002000900190029003906946B5
:100F6000204601F08FFF0AB010BD00000064004071
:100F700010B50A48FFF7D6FF084802F04AFC1021D6
:100F8000064801F0BFFE0648FFF7CCFF044802F018
:100F900040FC0221024801F0B5FE10BDAC09002062
:100FA000D409002010B504480068401C02490860BC
:100FB000024802F0CDFC10BDB40300205810002000
:100FC00010B504480068401C02490860024802F05D
:100FD000BFFC10BDB80300201811002010B5024856
:100FE00002F0B6FC10BD0000B810002010B5024899
:100FF00002F0AEFC10BD0000980F002010B50248B2
:1010000002F0A6FC10BD0000F80F002010B5024849
:1010100002F09EFC10BD0000D811002010B502485F
:1010200002F096FC10BD0000D80E002010B502485A
:1010300002F08EFC10BD00003812002010B50248EE
:1010400002F086FC10BD0000380F00200146087831
:1010500010381823B0FBF3F20848805CC865032AF7
:1010600005D908686FF30900001D886503E008686A
:101070006FF309008865886D70470000F84A010821
:10108000014600208A6A8B69CBB932B1012A0DD0A2
:10109000022A03D0032A10D10EE000BFCB6A03F06E
:1010A0008073B3F1807F00D1012007E0CB6AB3F1F8
:1010B000C07F00D1012001E000E000BF34E08B6977
:1010C000B3F5005F1AD132B1012A07D0022A03D04A
:1010D000032A11D10AE000BF01200EE0CB6A03F021
:1010E0008073B3F1807F00D1012006E0CB6AB3F1B9
:1010F000C07F00D1012000E000BF15E032B1012A1D
:1011000005D0022A04D0032A0CD103E000BF00BF9F
:10111000012008E0CB6A03F08073B3F1807F00D137
:10112000012000E000BF00BF704730B504682468AC
:1011300024F4802405682C60046863608468402C73
:1011400004D10468A2600468E16003E00468A1605F
:101150000468E26030BD7047016801F5805189691B
:1011600041F00202016801F580518A61704701680F
:1011700001F58051896941F40052016801F58051FF
:101180008A61704708B508490968C9084FF47A723E
:10119000B1FBF2F14143009100BF00BF00994A1E2C
:1011A00000920029F9D108BDF803002038B50446A3
:1011B00000200090206800F58050806940F4801184
:1011C000206800F580508161206800F580508069BA
:1011D00000900120FFF7D6FF0099206800F58050AD
:1011E000816138BD10B5024802F0BEFE10BD00009E
:1011F0006843002030B503461479557944EA052048
:10120000084C0C442064D4782406957844EA0544BC
:10121000557844EA0524157844EA0500014C0C444D
:10122000606430BD0080024070B5AEB004460E462A
:10123000002526B14FF40061E160C900A1600020E3
:10124000119012901390149015901690E06918B9AF
:101250004FF48060179001E0002017904FF4007069
:101260001890002019901A901B901C901D904020FF
:101270001E9000201F902090219022902390249077
:1012800025902690802027900020289029902A9051
:101290002B902C902D902068056871480540DDE961
:1012A000110108431399084314990843A16808439E
:1012B0001599084316990843E168084317990843AC
:1012C00018990843199908431A9908431B99084328
:1012D00005432068056020680568012002F04AFD8A
:1012E00020680560DDE91C0108431E9908431F9929
:1012F00008432099084321990843229908432399D8
:1013000008432168486020684568012002F032FDEA
:101310002068456024982168886025982168C86005
:10132000206885694FF641700540DDE9261040EAE6
:10133000014028990843299908432A9908432B9981
:10134000084305432068856120688569012002F013
:1013500011FD20688561DDE92C0108432168C86121
:101360002068C569012002F005FD2068C5610020E4
:1013700001904FF000700290002003904FF4001095
:101380000490002005900690079008900420099092
:10139000C0050A9040120B9080010C9040120D90F5
:1013A00080200E9000200F901090206800F5805053
:1013B00085692C480540DDE901010843039908438C
:1013C0000499084305990843069908430799084377
:1013D00008990843099908430543206800F580509F
:1013E0008561206800F580508569012002F0C2FC0B
:1013F000206800F580508561DDE90A0108430C99F9
:1014000008430D9908430E9908430F9940EA81005B
:101410001099084340F40001206800F580500160F5
:10142000206800F580500568012002F0A3FC2068C8
:1014300000F580500560A069012809D1206800F5F9
:101440008050C06908490843216801F58051C8618E
:10145000002120466269FFF7CDFE2EB070BD00006E
:101460000F8120FF233FDEF84000010038B504461D
:10147000002000902068006840F0040021680860A7
:101480002068006800900120FFF77CFE009821682A
:10149000086038BD38B50446002000902068006818
:1014A00040F0080021680860206800680090012072
:1014B000FFF768FE00982168086038BD704700009B
:1014C00000B589B0002001900290012000901F48D3
:1014D000007810B90020059007E01C480078042827
:1014E00001D1059001E009B000BD1848407810B95D
:1014F0000020069006E015484078022801D10690A9
:1015000000E0F0E71148807800061049C97840EA09
:1015100001400E49097940EA01200C494979084304
:1015200004900498C0F30A0003900848807907905B
:101530000648C01D01680191406802906B4601AAEF
:1015400003A9034801F0F3FB00BFCCE7F40400203B
:10155000D409002008B505F0F7FE0022114620202E
:101560000DF0B8FC5549086008460068002851D0C5
:10157000534802885349514800680DF0E3FB524834
:10158000007800065049497840EA01404E49897880
:1015900040EA01204C49C978084302064A480078CD
:1015A00000064949497840EA01404749897840EABC
:1015B00001204549C978084300F47F4042EA0022EF
:1015C0004148007800064049497840EA01413E48D8
:1015D000807841EA00203C49C978084300F47F0044
:1015E00042EA10223848007801063748407841EA3C
:1015F00000413548807841EA00203349C9780843E2
:1016000042EA106000902E48028869462B48006824
:101610000DF0FAFB64200EF017FA00202B49087039
:1016200064200EF011FA00BF2949244800680DF02B
:1016300005FD2748006800283AD0002025490860A9
:1016400080212548FEF7ECFE21480068046826E06A
:10165000608920490968C1F1800188420BD91D4B7E
:101660001B68C3F180021C4B1A4D61682D68581924
:10167000FEF7BDFE07E06289174B164D61682D68C5
:101680005819FEF7B4FE60891249096808441149E7
:10169000086008460068802800D902E02468002C11
:1016A000D6D100BF0A4800680DF096FAFFF708FF90
:1016B0004FF4FA700EF0C8F9B6E7000008000020F9
:1016C0000C000020D44B0108040000203000002052
:1016D0003800002010000020F40400202DED108BB5
:1016E0009EB000BF28210EA8FEF79AFE02E001205E
:1016F0000EF0AAF9FE4800780028F8D10022114621
:1017000020200DF0E7FBFB49086008460068002830
:1017100051D0F9480288F949F64800680DF012FBEB
:10172000F74800780006F649497840EA0140F44954
:10173000897840EA0120F249C97808430206F04856
:1017400000780006EE49497840EA0140EC49897882
:1017500040EA0120EA49C978084300F47F4042EAA0
:101760000022E74800780006E549497840EA01414F
:10177000E348807841EA0020E149C978084300F451
:101780007F0042EA1022DE4800780106DC484078FB
:1017900041EA0041DA48807841EA0020D849C97816
:1017A000084342EA10601890D348028818A9D1482B
:1017B00000680DF029FB64200EF046F900BFD14807
:1017C000406BD149081A00EE100AB8EEC00ADFEDEE
:1017D000CF0AC0EE20BACB48006BCD49081A00EE04
:1017E000100AB8EEC00ADFEDC90A80EE208AC548AB
:1017F000C06AC849081A00EE100AB8EEC00ADFED48
:10180000C30AC0EE208ABF48806AC349081A00EEA6
:10181000100AB8EEC00ADFEDBD0AC0EE20DABF48FC
:10182000B0F9140000EE100AB8EEC00A8DED1D0AE2
:101830009DED1D0A9FEDBA1AC0EE010A9FEDB90A8F
:1018400020EE800A8DED1D0AB448B0F9160000EEB6
:10185000100AB8EEC00A8DED1C0A9DED1C0A9FED22
:10186000B01AC0EE010A9FEDAF0A20EE800A8DED9E
:101870001C0AAA48B0F9180000EE100AB8EEC00A17
:101880008DED1B0A9DED1B0A9FEDA51AC0EE010A06
:101890009FEDA50A20EE800A8DED1B0A9F48B0F946
:1018A0001A0000EE100AB8EEC00A8DED1A0A9DED7E
:1018B0001A0A9FED9B1AC0EE010A9FED9B0A20EECB
:1018C000800A8DED1A0A994890ED000AB8EEC00A18
:1018D0008DED190A9DED190ADFED950A80EE201AAB
:1018E0008DED191A934890ED030AB8EEC00AB0EED8
:1018F00040AA9FED8F0ACAEE000AB0EE60AA9FEDE3
:101900008E0AB4EEC0AAF1EE10FA06DC9FED8B0A47
:10191000B4EEC0AAF1EE10FA03D29FED890AB0EE40
:1019200040AA844890ED040AB8EEC00AF0EE40AA3E
:101930009FED7F0ACAEE800AF0EE60AA9FED7E0A54
:10194000F4EEC0AAF1EE10FA06DC9FED7C0AF4EE8C
:10195000C0AAF1EE10FA03D29FED7A0AF0EE40AA87
:10196000744890ED050AB8EEC00AB0EE40BA9FED9B
:10197000700ACBEE000AB0EE60BA9FED730AB4EEC7
:10198000C0BAF1EE10FA06DC9FED700AB4EEC0BAF0
:10199000F1EE10FA03D29FED6E0AB0EE40BAB0EE4F
:1019A0006B0AFEF7A9FCB0EE409AB0EE6B0AFEF7A8
:1019B00067FCF0EE409A18EE100AFEF71AFF9FED52
:1019C000650B53EC102BCDE90A019DED0A0B51EC90
:1019D000100BFEF73DFDCDE90C019DED0C0B51EC1C
:1019E000100BFEF749FF0FEE900AB0EE6F0AFEF7FC
:1019F00083FCB0EE40EA18EE100AFEF7FAFE9FED07
:101A0000550B53EC102BCDE90A019DED0A0B51EC5F
:101A1000100BFEF71DFDCDE90C019DED0C0B51ECFB
:101A2000100BFEF729FF0FEE900AB0EE6F0AFEF7DB
:101A300027FCB0EE40CA38EE280A10EE101A08460D
:101A4000FEF7D7FE9FED450B53EC102BCDE90A01B5
:101A50009DED0A0B51EC100BFEF7FAFCCDE90C01E1
:101A60009DED0C0B51EC100BFEF706FF0FEE900AEC
:101A7000B0EE6F0AFEF740FCF0EE40EA38EE280ABE
:101A800010EE101A0846FEF7B4FE9FED340B53EC2F
:101A9000102BCDE90A019DED0A0B51EC100BFEF75E
:101AA000D7FCCDE90C019DED0C0B51EC100BFEF7B2
:101AB000E3FE0FEE900AB0EE6F0AFEF7E1FBF0EEE8
:101AC00040CA38EE280A10EE101A0846FEF791FEBA
:101AD0009FED240B53EC102BCDE90A019DED0A0B71
:101AE00051EC100BFEF7B4FCCDE90C013EE0000018
:101AF000300000201400002018000020D44B010802
:101B000004000020E40700206CD6030083F9A247FC
:101B1000F0BA0400809D0500308202007C020020A3
:101B200000401C460000044200008A4224080020B5
:101B300000007A446408002000004843000048C3C5
:101B400000803B450000FA430000C8430000C8C3C2
:101B500000002F4460E5D022DBF9FA3FD1402C9BF6
:101B60003924E93FA5A0DB4B1A23F93F9DED0C0B6F
:101B700051EC100BFEF780FE0FEE900AB0EE6F0AEC
:101B8000FEF7BAFBB0EE40DA38EE280A10EE101A73
:101B90000846FEF72EFE1FED0D0B53EC102BCDE982
:101BA0000A019DED0A0B51EC100BFEF751FCCDE93B
:101BB0000C019DED0C0B51EC100BFEF75DFE0FEED2
:101BC000900AB0EE6F0AFEF75BFBB0EE40FA9B485E
:101BD00090ED000A20EE290A20EE0D0ADFED980AAA
:101BE00069EEA00A00EE8C0ADFED960A69EEA00A03
:101BF00000EEAC0A944880ED000A904890ED000A8F
:101C000020EE090A20EE0D0ADFED8D0A69EE200AAA
:101C100000EE8C0ADFED8B0A69EE200A00EEAC0ABA
:101C20008A4880ED000A9FED860A2EEE000A83485E
:101C3000D0ED000A00EECF0ADFED820A00EEAE0A18
:101C4000834880ED000A1DEE900AFEF7D2FD9FED5D
:101C5000810B53EC102BCDE904019DED040B51ECED
:101C6000100BFEF79CFCCDE90C0118EE900AFEF774
:101C7000C0FD9FED780B53EC102BCDE904019DEDD9
:101C8000040B51EC100BFEF78AFCCDE90A0118EEAB
:101C9000100AFEF7AEFD9FED6F0B53EC102BCDE954
:101CA00004019DED040B51EC100BFEF778FCCDE91F
:101CB00008011BEE900AFEF79CFD9FED660B53ECAE
:101CC000102BCDE904019DED040B51EC100BFEF738
:101CD00066FCCDE906019DED0C0B8DED040B9DED31
:101CE0000A0B8DED020B9DED080B8DED000B9DEDAC
:101CF000060B53EC102B59A10EA807F073FC2222FF
:101D00000EA95E48FEF773FB51480068FEF771FDAF
:101D1000CDE90C014D480068FEF76BFDCDE90A01E5
:101D200049480068FEF765FDCDE908019DED0C0B03
:101D30008DED020B9DED0A0B8DED000B9DED080B5B
:101D400053EC102B4EA10EA807F04CFC1A220EA942
:101D50004A482230FEF74BFB4F480068FEF749FD2A
:101D6000CDE90C011BEE100AFEF743FDCDE90A0197
:101D70001AEE900AFEF73DFDB1EE4A0ACDE90801E0
:101D800010EE100AFEF735FDCDE906019DED0C0BB6
:101D90008DED040B9DED0A0B8DED020B9DED080BF7
:101DA0008DED000B9DED060B53EC102B3BA10EA807
:101DB00007F018FC1E220EA930483C30FEF717FB36
:101DC0005A203E4908600CF017FF3D4908603B4827
:101DD000008881B23A4800680CF07CFE38490968F6
:101DE0000968486835490A682449FEF700FB344809
:101DF0000168344800680DF05DFA314800680CF065
:101E0000EBFE2E4801681D48FEF70AFB00202B4917
:101E100008602D488088401C00B22B498880084605
:101E2000B0F90400642805DB0A2088804FF47A703A
:101E3000088048800A200DF007FEC0E4F44A01083B
:101E40000E8DCE4300007A426C0300207003002008
:101E500074030020D9CEF753E3A54C40413A253016
:101E6000372E32662C2530372E32662C2530372E11
:101E700032662C2530372E32662C0000F405002007
:101E8000503A2530372E32662C2530372E32662CCC
:101E90002530372E32662C0060000020463A25306F
:101EA000362E31662C2530362E31662C2530362ED6
:101EB00031662C2530362E31662C000020000020A3
:101EC00040000020240000207C02002010B52DEDF1
:101ED000068B8AB000200290039001200190002020
:101EE00008EE100A0024069007904FF4C06004909A
:101EF00008200890FE48007853287DD1FC4840789F
:101F00005828FAD1FA48007F2C28F6D10120F94947
:101F10000870084690F90000F74991F900108842CE
:101F200016D0F44890F90000F3490870F34890ED9A
:101F3000000AF34880ED000AF24890ED000AF248EA
:101F400080ED000AF14890ED000AF14880ED000AAA
:101F5000E74840792D2807D1E548801D06F0EAF8CA
:101F6000C04308EE100A05E0E148801D06F0E2F8E3
:101F700008EE100AB8EEC80AE64880ED000A90EDB7
:101F8000000ADFEDE50A80EE201A80ED001ADC4839
:101F900090ED000ADF48D0ED000A30EE200A80ED17
:101FA000000AD348407B2D2807D1D1480E3006F0D7
:101FB000C1F8C04308EE100A05E0CD480E3006F027
:101FC000B9F808EE100AB8EEC80AD44880ED000A45
:101FD00090ED000ADFEDD00A80EE201A80ED001AA5
:101FE000C94890ED000ACD48D0ED000A30EE200A35
:101FF00080ED000ABE4800E028E0407D2D2807D192
:10200000BB48163006F096F8C04308EE100A05E00B
:10201000B748163006F08EF808EE100AB8EEC80A77
:10202000BF4880ED000A90ED000ADFEDBB0A80EEAC
:10203000201A80ED001AB64890ED000AB848D0ED9D
:10204000000A30EE200A80ED000A96E2A8480078E7
:10205000502873D1A648407858286FD1A448007FF3
:102060002C286BD10220A3490870084690F9000083
:10207000A14991F90010884216D09E4890F90000BD
:102080009D4908709D4890ED000A9D4880ED000A2A
:102090009C4890ED000A9C4880ED000A9B4890ED1A
:1020A000000A9B4880ED000A914840792D2807D10D
:1020B0008F48801D06F03EF8C04308EE100A05E088
:1020C0008B48801D06F036F808EE100AB8EEC80AF4
:1020D000904880ED000A90ED000ADFED8F0A80EE57
:1020E000201A80ED001A8248407B2D2807D18048B5
:1020F0000E3006F01FF8C04308EE100A05E07C48D9
:102100000E3006F017F808EE100AB8EEC80A834839
:1021100080ED000A90ED000ADFED7F0A80EE201AC4
:1021200080ED001A7248407D2D2808D17048163085
:1021300006F000F8C04308EE100A06E013E06C4811
:10214000163005F0F7FF08EE100AB8EEC80A74481A
:1021500080ED000A90ED000ADFED6F0A80EE201A94
:1021600080ED001A09E26248007841287DD160487C
:10217000C0792C28FAD15E48807B2C28F6D1032028
:102180005C4908705A4840782D2807D15848801C6F
:1021900005F0D0FFC04308EE100A05E05448801C4B
:1021A00005F0C8FF08EE100AB8EEC80A5D4880EDD9
:1021B000000A0068FEF71DFB41EC1A0B9FED5A0B5D
:1021C00053EC102BFEF75DFA41EC190BFEF754FBB4
:1021D000544908604648007A2D2807D14448093000
:1021E00005F0A8FFC04308EE100A05E0404809309A
:1021F00005F0A0FF08EE100AB8EEC80A4C4880EDC2
:10220000000A0068FEF7F5FA41EC1A0B9FED460B49
:1022100053EC102BFEF735FA41EC190BFEF72CFBB3
:10222000434908603248C07B2D2807D13048103020
:1022300005F080FFC04308EE100A05E02C4810307E
:1022400005F078FF08EE100AB8EEC80A394880EDAC
:10225000000A0068FEF7CDFA41EC1A0B9FED320B35
:1022600053EC102BFEF70DFA00E02EE041EC190BB9
:10227000FEF702FB2F4908601D48807D2D2807D1FD
:102280001B48173005F056FFC04308EE100A05E062
:102290001748173005F04EFF08EE100AB8EEC80ACE
:1022A000254880ED000A0068FEF7A3FA41EC1A0BFE
:1022B0009FED1D0B53EC102BFEF7E3F941EC190BCE
:1022C000FEF7DAFA1C49086057E1094800785328FC
:1022D0003ED10748407854283AD10548C078502864
:1022E00036D104200349087001228021134827E0D9
:1022F000BC06002028030020290300206C030020D6
:1023000048030020700300204C03002074030020C9
:10231000500300203003002000007A4434030020E2
:10232000380300209C0200202ECC9DF49361B6401F
:10233000A0020020A4020020A80200200008024001
:1023400002F0C8FA4FF47A70FE490880488014E120
:10235000FD48007846287ED1FB48407858287AD13D
:10236000F948C078502876D10520F8490870F64819
:1023700040792D2807D1F448801D05F0DBFEC043CD
:1023800008EE100A05E0F048401D05F0D3FE08EE07
:10239000100AEF4880ED0F8AEB48007A2D2807D10C
:1023A000E948093005F0C6FEC04308EE100A05E012
:1023B000E548083005F0BEFE08EE100AB8EEC80A7F
:1023C000E44880ED000A90ED000ADFEDE30A80EEBC
:1023D000201A80ED001ADC48407B2D2807D1DA480E
:1023E0000E3005F0A7FEC04308EE100A05E0D648FF
:1023F0000D3005F09FFE08EE100AB8EEC80AD74867
:1024000080ED000A90ED000ADFEDD30A80EE201A7D
:1024100080ED001ACC48807C2D2807D1CA481330A3
:1024200005F088FEC04308EE100A05E0C6481230E9
:1024300005F080FE08EE100AB8EEC80AC84880ED24
:10244000000A90ED000ADFEDC40A80EE201A80ED4C
:10245000001A92E0FFE7BC48007846287ED1BA48CF
:1024600040785A287AD1B848C078502876D10620CA
:10247000B6490870B44840792D2807D1B248801D6C
:1024800005F058FEC04308EE100A05E0AE48401DB6
:1024900005F050FE08EE100AAD4880ED0F8AAA48FC
:1024A000007A2D2807D1A848093005F043FEC04323
:1024B00008EE100A05E0A448083005F03BFE08EEDF
:1024C000100AB8EEC80AA34880ED000A90ED000A91
:1024D000DFEDA10A80EE201A80ED001A9A48407BB9
:1024E0002D2807D198480E3005F024FEC04308EE91
:1024F000100A05E094480D3005F01CFE08EE100AA5
:10250000B8EEC80A954880ED000A90ED000ADFEDAC
:10251000920A80EE201A80ED001A8B48807C2D28CC
:1025200007D18948133005F005FEC04308EE100AB4
:1025300005E08548123005F0FDFD08EE100AB8EE02
:10254000C80A874880ED000A90ED000ADFED820A94
:1025500080EE201A80ED001A0FE0FFE77A4800783D
:1025600046280AD178484078592806D17648C0785C
:10257000502802D10720754908707348407F794977
:1025800008807148807F097800EB01207549088038
:102590000846008845F24712811A90424BD008DC69
:1025A000A0F59440A0F1430088B3B0F5447F72D108
:1025B0001AE0A1F20A2020B1A0F2037000286AD12B
:1025C00026E06148203005F0B5FD04B201206649DF
:1025D000087040F6B830844201DC002C01DA4FF478
:1025E0007A746248046057E001205F4908705648D9
:1025F000203005F09FFD04B240F6B830844201DC83
:10260000002C00DA0A2459480830046044E026E02F
:102610000120554908704C48203005F08BFD04B26C
:1026200040F6B830844201DC002C00DA0A244F481E
:102630000830046030E001204B49087042482030E7
:1026400005F078FD04B240F6B830844201DC002C7D
:1026500001DA4FF47A7445480C3004601CE0012024
:10266000414908703848203005F064FD04B240F656
:10267000B830844201DC002C01DA40F2DC543C48E2
:102680000460006840F2DC51884202D101203949DF
:10269000087001E0FFE700BF00BF2B4890F82A0058
:1026A0004A2825D1284890F82B005A2820D12648BE
:1026B00090F82C0048281BD1234890F82E008DF864
:1026C0000800214890F82F008DF809001E4890F866
:1026D00030008DF80A001C4890F831008DF80B008E
:1026E0000120049001AB02AA04A9234800F01FFBBB
:1026F000154890F833004C281AD1134890F834004C
:102700005F2815D1104890F83E002C2810D10020E9
:102710000C4988800C48353005F00CFD04B209489E
:10272000048009483A3005F005FD04B205484480AC
:10273000054890F83F00442855D1034890F84000E0
:102740003A281BE07C020020BC0600202803002061
:10275000640800203C0300200000C8424003002021
:102760004403002032000020790200203408004099
:102770003C0400407A020020D409002033D11C48D8
:1027800090F842002F282ED1194890F841003028A7
:1027900005D101228021174802F09CF809E0144875
:1027A00090F84100312804D100228021114802F024
:1027B00091F80F4890F84100332801D105F05CFCF6
:1027C0000B4890F84100342804D14FF4FA600A49CC
:1027D000086008E0064890F84100352803D140F22F
:1027E000DC50054908600AB0BDEC068B10BD000046
:1027F000BC060020000802403808004008B502E08E
:1028000001200DF021F9564800780028F8D1002267
:10281000114620200CF05EFB524908600846006813
:10282000002851D05048028850494E4800680CF0AA
:1028300089FA4F48007800064D49497840EA01403E
:102840004B49897840EA01204949C9780843020682
:102850004748007800064649497840EA0140444923
:10286000897840EA01204249C978084300F47F4052
:1028700042EA00223E48007800063D49497840EA95
:1028800001413B48807841EA00203949C978084332
:1028900000F47F0042EA10223548007801063448EF
:1028A000407841EA00413248807841EA00203049CE
:1028B000C978084342EA106000902B4802886946B4
:1028C000284800680CF0A0FAC8200DF0BDF800BF41
:1028D0002849244800680CF0B1FB2648006800280D
:1028E0003AD000202449086050212448FDF798FD83
:1028F00020480068046826E060891F490968C1F122
:10290000500188420BD91C4B1B68C3F150021B4B72
:10291000194D61682D685819FDF769FD07E0628956
:10292000164B154D61682D685819FDF760FD6089DB
:102930001149096808441049086008460068502891
:1029400000D902E02468002CD6D100BF09480068F5
:102950000CF042F9FFF7BAFA02200DF075F8B7E76C
:10296000300000202400002028000020D44B010863
:10297000040000203C0000202C000020BC060020A9
:1029800038B502460020009000BF92F83C000128B4
:1029900001D1022038BD012082F83C0000BF086848
:1029A000092816D91068C0680C780A3C04EB440565
:1029B0000724AC40A0431468E0600C780A3C04EBA8
:1029C00044048868A0401468E46820431468E06008
:1029D00013E0106800690C7804EB44050724AC4050
:1029E000A043146820610C7804EB44048868A0407C
:1029F000146824692043146820614868072817D2A6
:102A00001068406B0C79641E04EB84051F24AC40F5
:102A1000A04314686063088880B20C79641E04EBDC
:102A20008404A0401468646B20431468606331E040
:102A300048680D2817D21068006B0C79E41F04EB6E
:102A400084051F24AC40A04314682063088880B22A
:102A50000C79E41F04EB8404A0401468246B204329
:102A60001468206316E01068C06A0C790D3C04EB12
:102A700084051F24AC40A0431468E062088880B23B
:102A80000C790D3C04EB8404A0401468E46A2043F4
:102A90001468E062194B1A4C1068A04206D108680D
:102AA000122803D1586840F480005860144C106814
:102AB000A0421CD10868102802D00868112816D13D
:102AC000586840F400005860086810280FD10D487D
:102AD00000680D4CB0FBF4F000EB8000400000906B
:102AE00002E00098401E009000980028F9D100BF35
:102AF000002082F83C0000BF00BF4BE700230140EC
:102B000000200140F803002040420F00704770474A
:102B10007047000070B5044600250CB9012070BD57
:102B20001549A06A884200D000BF206C30B9204609
:102B300000F024F80020606484F83C00206C00F071
:102B4000100088B9206C20F4885040F00200206406
:102B50002046FEF7D3F800206064206C20F00200CD
:102B600040F00100206400E0012500BF002084F84F
:102B70003C0000BF2846D2E70100000F704700006C
:102B8000F8B504460D4616460020009000BF94F8A4
:102B90003C00012801D10220F8BD012084F83C004E
:102BA00000BF2068806800F00100A0B9206880683C
:102BB00040F0010021688860494800684949B0FB3D
:102BC000F1F000EB4000009002E00098401E009001
:102BD00000980028F9D12068806800F001000028E2
:102BE0007CD0206C40F20161884340F48070206406
:102BF0002068406800F4806028B1206C20F4005008
:102C000040F480502064206C00F48050B0F5805F68
:102C100004D1606C20F00600606401E00020606474
:102C200000BF002084F83C0000BF2F4F2F48A16B4D
:102C3000C8632F48A16B08642E48A16BC8646FF06D
:102C40002200216808602068406840F080602168A8
:102C500048602068806840F480702168886022683D
:102C600002F14C0133462A46A06B01F03AF878682D
:102C700000F01F0018BB20492068884213D01F496C
:102C80002068884204D1381D006800F01F0050B150
:102C90001B492068884221D11348001D006800F0BC
:102CA0001F0010281AD22068806800F0405028B910
:102CB0002068806840F08040216888600EE00E49FE
:102CC000206888420AD12068806800F0405028B906
:102CD0002068806840F080402168886000205BE7C1
:102CE000F803002040420F0000230140550C00086B
:102CF000ED0C0008D30C0008002001400021014029
:102D00000022014010B5024692F82030012B01D07C
:102D1000022B06D1106840690843146860610020E6
:102D200010BD506A40F4802050620120F8E7F0B5F1
:102D300004460D461E4694F8207020688368A868F3
:102D400000B900E000BF012F01D0022F7CD103F0B9
:102D5000806030B903F0006018B903F0805000289B
:102D600073D0C3F30161022905D9606A40F4000001
:102D700060620120F0BD012088403060A86860B921
:102D8000B5F800C0E86840EA4C5C206800F5C07007
:102D900000EB0110C0F800C00FE0D5E901C040EA27
:102DA000CC00D5F80CC040EA0C00D4F800C00CF5FB
:102DB000C07C0CEB011CCCF80000D5F810C02068DA
:102DC00000F5C07000EB0110C0F804C0287D012898
:102DD0000ED1206800F5C07000EB0110406840F48F
:102DE000807C206800F5C07000EB0110C0F804C0C2
:102DF000D079000692F806C040EA0C4092F805C06F
:102E000040EA0C2C10794CEA000C206800F5C070E8
:102E100000EB0110C0F80CC0D078000692F802C098
:102E200040EA0C4092F801C040EA0C2092F800C041
:102E300040EA0C00D4F800C00CF5C07C0CEB011C7F
:102E4000CCF80800206801E016E00FE000F5C07043
:102E500000EB0110006840F0010C206800F5C07024
:102E600000EB0110C0F800C0002083E7606A40F466
:102E70000010606201207DE7606A40F4802060629B
:102E8000012077E7F0B504460A46216894F82050FF
:102E9000012D01D0022D7ED1424901F50071086853
:102EA00040F001000860086820F47C500860086861
:102EB000566A40EA06200860107D00F01F060120D7
:102EC00000FA06F3C8699843C861A1F50071D0699A
:102ED000C8B9D1F80C029843C1F80C02908880B2AE
:102EE000968940EA064601F51070576940F8376048
:102EF000108880B2168940EA064601F510705769BD
:102F000000EBC7004660D069012819D1D1F80C0246
:102F10001843C1F80C02908880B2168840EA064631
:102F200001F51070576940F83760908980B21689B2
:102F300040EA064601F51070576900EBC70046608D
:102F4000906928B9D1F804029843C1F8040204E05A
:102F5000D1F804021843C1F80402106928B9D1F865
:102F600014029843C1F8140204E0D1F81402184383
:102F7000C1F81402106A012804D1D1F81C021843C8
:102F8000C1F81C02D1F8000220F00100C1F80002D3
:102F90000020F0BDFFE7606A40F4802060620120FD
:102FA000F7E700000064004010B5044604F032F872
:102FB000FDF7DEFF10BD70B5044694F82050012DDA
:102FC00001D0022D7DD151B92068C06800F0030006
:102FD00080B9606A40F400106062012070BD206812
:102FE000006900F0030028B9606A40F400106062D4
:102FF0000120F3E7206800F5D87000EB01100068AD
:1030000000F004009060906840B9206800F5D87026
:1030100000EB01100068400D106007E0206800F52B
:10302000D87000EB01100068C0085060206800F5FF
:10303000D87000EB0110006800F00200D06020683A
:1030400000F5D87000EB0110406800F00F0010612F
:10305000206800F5D87000EB0110406800F47F4054
:10306000000A9061206800F5D87000EB01104068FC
:10307000000C5061206800F5D87000EB01108068EA
:103080001870206800F5D87000EB0110806800F41B
:103090007F40000A5870206800F5D87000EB0110DE
:1030A000806800F47F00000C9870206800F5D870EC
:1030B00000EB01108068000ED870206800F5D87011
:1030C00000E02FE000EB0110C0681871206800F5E7
:1030D000D87000EB0110C06800F47F40000A5871FE
:1030E000206800F5D87000EB0110C06800F47F0084
:1030F000000C9871206800F5D87000EB0110C068D2
:10310000000ED87131B92068C06840F020002668F0
:10311000F06005E02068006940F02000266830611A
:1031200000205BE7606A40F480206062012055E780
:103130002DE9F05F04460025206846692068D0F834
:103140000490206887682068D0F80CA02068D0F828
:1031500010B02068D0F8188006F00100002855D083
:1031600007F00100C0B101202168886007F002006B
:1031700018B1204600F07DFB0EE007F0040010B10E
:1031800045F4006508E007F0080010B145F48055EB
:1031900002E0204600F06CFB07F48070C8B14FF4E9
:1031A00080702168886007F4007018B1204600F034
:1031B00062FB0EE007F4806010B145F4005508E0B2
:1031C00007F4006010B145F4804502E0204600F0AD
:1031D00051FB07F48030C8B14FF48030216888601B
:1031E00007F4003018B1204600F047FB0EE007F46A
:1031F000802010B145F4004508E007F4002010B12C
:1032000045F4803502E0204600F036FB06F0080069
:1032100038B10AF0100020B145F400751020216883
:10322000C86006F0040040B10AF0080028B1082088
:103230002168C860204600F0EBF906F0020038B1C2
:103240002068C06800F0030010B1204600F0E2F9E9
:1032500006F0400038B10BF0100020B145F4806555
:1032600010202168086106F0200040B10BF0080032
:1032700028B1082021680861204600F09BFA06F07A
:10328000100038B12068006900F0030010B120463A
:1032900000F092FA06F4003040B109F0100028B1B5
:1032A000102021684860204600F0B2FA06F4803011
:1032B00040B109F0080028B1082021684860204684
:1032C00000F0DCFA06F4004088B309F0040078B39B
:1032D00006F4807020B108F0010008B145F0010546
:1032E00006F4007020B108F0020008B145F00205B4
:1032F00006F4806020B108F0040008B145F0040530
:1033000006F40060A0B108F0700088B108F0700009
:10331000402817D006DC10280BD020280CD03028ED
:1033200019D10CE0502810D0602814D110E01DE015
:1033300019E045F008050FE045F010050CE045F0F8
:10334000200509E045F0400506E045F0800503E072
:1033500045F4807500E000BF00BF2068806920F060
:103360007000216888610420216848602DB1606A7E
:10337000284360622046FFF717FEBDE8F09F70B556
:1033800004460CB9012070BD94F8200010B9204605
:1033900000F0B0F82068006820F0020021680860A2
:1033A00001F09EFA05460DE001F09AFA401B0A284A
:1033B00008D9606A40F400306062052084F820007B
:1033C0000120E0E72068406800F002000028EBD10F
:1033D0002068006840F001002168086001F080FA70
:1033E00005460DE001F07CFA401B0A2808D9606A06
:1033F00040F400306062052084F820000120C2E71C
:103400002068406800F001000028EBD0207E0128F1
:1034100006D12068006840F080002168086005E05F
:103420002068006820F0800021680860607E012824
:1034300006D12068006840F040002168086005E07F
:103440002068006820F0400021680860A07E012804
:1034500006D12068006840F020002168086005E07F
:103460002068006820F0200021680860E07E0128C4
:1034700006D12068006820F010002168086005E08F
:103480002068006840F0100021680860207F012853
:1034900006D12068006840F008002168086005E057
:1034A0002068006820F0080021680860607F01281B
:1034B00006D12068006840F004002168086005E03B
:1034C0002068006820F0040021680860D4E9020147
:1034D000084321690843616908436168491E08433C
:1034E0002168C86100206062012084F8200000206B
:1034F00049E7000010B586B00446142101A8FCF786
:103500008FFF3E492068884238D100BF00200090DC
:103510003B48006840F00070394908600846006880
:1035200000F00070009000BF00BF00BF00200090BE
:1035300033481038006840F00800314910390860FD
:103540000846006800F00800009000BF00BF03209C
:103550000190022002900020039003200490092093
:10356000059001A9274801F0B5F800220521152092
:1035700001F066FA152001F053FA3CE02249206878
:10358000884238D100BF002000901D48006840F0FC
:1035900080601B4908600846006800F08060009069
:1035A00000BF00BF00BF0020009015481038006821
:1035B00040F002001249103908600846006800F027
:1035C0000200009000BF00BF4FF440500190022065
:1035D000029000200390032004900920059001A987
:1035E0000A4801F077F800221146402001F028FA3D
:1035F000402001F015FA06B010BD00000064004044
:1036000040380240000C02400068004000040240C4
:103610007047000030B587B0044600255E49206839
:1036200088422BD15D4B6A4600215D48FFF7C3FC01
:103630000028F6D140F28B11009888421FD100205B
:103640000090564800785549497840EA012053498E
:10365000897840EA01405149C97840EA01605149FE
:10366000C8620846C06A5049C8624C4800794B4954
:10367000497940EA012000B24C49C8828AE00098AA
:10368000B0F5C67F1FD10020009044480078434920
:10369000497840EA01204149897840EA01403F49A0
:1036A000C97840EA01603F4908630846006B3E491B
:1036B00008633A4800793949497940EA012000B263
:1036C0003A49088366E040F28D11009888421FD184
:1036D00000200090314800783049497840EA0120C4
:1036E0002E49897840EA01402C49C97840EA0160B6
:1036F0002C4948630846406B2B49486327480079AA
:103700002649497940EA012000B22849488341E02E
:103710000098B0F5C57F1FD1002000901F480078A9
:103720001E49497840EA01201C49897840EA014055
:103730001A49C97840EA01601A4988620846806AD5
:1037400019498862154800791449497940EA0120ED
:1037500000B2164988821DE040F2CC5100988842A0
:1037600018D1002000900D48007898B90B480079D6
:103770003E280FD10948C0780849897840EA0120DD
:103780000649497840EA01400449097840EA016560
:103790000748056007B030BD006800407C0000208D
:1037A000D4090020E4070020640700207C020020E8
:1037B000240800207047000030B58BB00546124B3E
:1037C00004AA01211148FFF7F6FBD8B90598C0F308
:1037D000074454B90C48039008A807C88DE80700AF
:1037E00004A80FC80BF0DCF80BE0012C09D1064847
:1037F000039008A807C88DE8070004A80FC808F0C0
:103800001BFE00BF0BB030BD84000020AC090020BF
:10381000704770B5044694F82000012822D1022098
:1038200084F820002068006820F00100216808600A
:1038300001F056F805460DE001F052F8401B0A2849
:1038400008D9606A40F400306062052084F82000E6
:10385000012070BD2068406800F001000028EBD115
:103860006062F6E7606A40F4002060620120F0E7E1
:10387000704770477047704770477047704770B522
:103880000446A56D01F02CF8064694F83500022890
:1038900008D08020606500BF002084F8340000BF9D
:1038A000012070BD2068006820F0160021680860C3
:1038B0002068406920F0800021684861206C08B9C8
:1038C000A06C28B12068006820F00800216808601A
:1038D0002068006820F00100216808600FE000F017
:1038E000FFFF801B05280AD92020606500BF00204B
:1038F00084F8340000BF032084F83500D1E7206845
:10390000006800F001000028E9D194F85C103F2025
:103910008840A86000BF002084F8340000BF012068
:1039200084F835000020BCE7014691F835000228F4
:1039300003D08020486501207047052081F83500BC
:103940000868006820F001000A6810600020F3E7B2
:10395000F8B50446002000908C4800684FF41651DA
:10396000B0FBF1F7A56D2E6894F85C100820884034
:10397000304098B12068006800F0040070B1206801
:10398000006820F004002168086094F85C100820AA
:103990008840A860606D40F00100606594F85C109C
:1039A00001208840304068B12068406900F0800004
:1039B00040B194F85C1001208840A860606D40F030
:1039C0000200606594F85C1004208840304068B1C3
:1039D0002068006800F0020040B194F85C100420F8
:1039E0008840A860606D40F00400606594F85C1049
:1039F00010208840304078B32068006800F008004C
:103A000050B394F85C1010208840A86020680068CB
:103A100000F4802080B12068006800F4002028B9FC
:103A2000206CC8B12046216C884715E0A06C98B185
:103A30002046A16C88470FE02068006800F4807081
:103A400028B92068006820F0080021680860206C10
:103A500010B12046216C884794F85C1020208840E3
:103A60003040002865D02068006800F01000002871
:103A70005FD094F85C1020208840A86094F835004E
:103A8000052828D12068006820F016002168086009
:103A90002068406920F0800021684861206C08B9E6
:103AA000A06C28B12068006820F008002168086038
:103AB00094F85C103F208840A86000BF002084F884
:103AC000340000BF012084F83500206D10B120467D
:103AD000216D8847F8BD2068006800F4802080B11F
:103AE0002068006800F4002028B9606C10B12046FE
:103AF000616C88471DE0E06BD8B12046E16B8847D8
:103B000017E02068006800F4807068B920680068D9
:103B100020F010002168086000BF002084F8340005
:103B200000BF012084F83500E06B10B12046E16B46
:103B30008847606D38B3606D00F00100F0B105207A
:103B400084F835002068006820F0010021680860D2
:103B500000BF0098401C0090B84200D905E02068E2
:103B6000006800F001000028F3D100BF00BF002072
:103B700084F8340000BF012084F83500E06C10B1F7
:103B80002046E16C884700BFA4E70000F80300204E
:103B90002DE9F0410446002500F0A2FE074614B9C5
:103BA0000120BDE8F081606A00B100BF00BF0020C5
:103BB00084F8340000BF022084F8350020680068D3
:103BC00020F00100216808600AE000F089FEC01BB7
:103BD000052805D920206065032084F83500E0E73A
:103BE0002068006800F001000028EED12068056818
:103BF00021480540D4E901010843E16808432169EF
:103C0000084361690843A1690843E1690843216ADF
:103C100008430543606A042803D1D4E90B01084333
:103C20000543206805602068456925F00705606A3E
:103C30000543606A04280DD1A06A0543E06A48B1D3
:103C40002046FDF71DFA28B140206065012084F868
:103C50003500A6E7206845612046FDF7F7F90646DE
:103C600094F85C103F208840B0600020606501201F
:103C700084F83500002094E73F8010F02DE9F041F2
:103C800004460D4616461F464FF0000800BF94F844
:103C90003400012802D10220BDE8F081012084F81F
:103CA000340000BF94F83500012811D1022084F8B7
:103CB0003500002060653B46324629462046FDF728
:103CC00034FA2068006840F001002168086006E0CE
:103CD00000BF002084F8340000BF4FF002084046C7
:103CE000DAE72DE9F04704460D4616461F464FF029
:103CF0000008D4F8589000BF94F83400012802D18D
:103D00000220BDE8F087012084F8340000BF94F859
:103D10003500012825D1022084F835000020606597
:103D20003B46324629462046FDF7FFF994F85C10E1
:103D30003F208840C9F808002068006840F016005D
:103D400021680860206C28B12068006840F00800F5
:103D5000216808602068006840F001002168086060
:103D600006E000BF002084F8340000BF4FF00208D6
:103D70004046C6E770B5044600F0B2FD064625464B
:103D8000681C10B104480078054400BF00F0A8FD8D
:103D9000801BA842FAD370BDF403002070B504461E
:103DA0000D461646002200BF94F84500012801D1B7
:103DB000022070BD012084F8450000BF022084F875
:103DC0004400A56200221FE005EB42114FF00040C5
:103DD000086044F2F4504860C2EBC21000EB4000AF
:103DE00006EB80008860A069012803D1486820F0B4
:103DF00000404860581E904204D905EB4210203024
:103E0000C86000E0CD60521C9A42DDD3206800F506
:103E10008050C560012084F8440000BF002084F871
:103E2000450000BF00BFC4E770B504460D46164606
:103E3000002200BF94F84500012801D1022070BD86
:103E4000012084F8450000BF022084F84400E562A8
:103E500000221BE005EB42114FF480100860C2EB1A
:103E6000C21000EB400006EB80008860E06918B9E2
:103E7000086840F440000860581E904204D905EBE1
:103E800042102030C86000E0CD60521C9A42E1D35D
:103E9000206800F580500561012084F8440000BFCF
:103EA000002084F8450000BF00BFC8E77047014606
:103EB000002200BF91F84500012801D1022070477F
:103EC000012081F8450000BF022081F844003AE05B
:103ED000521C886A006800F44070B0F5007F07D17A
:103EE000886A086301238B63886AC06888622AE055
:103EF000886A006800F4407030B9886B401C8863A1
:103F0000886AC06888621EE08B6A4B63886B401CBD
:103F10008863886B012801D1886A0863886A006811
:103F2000C0F30D40001FC863086B83680B64886A88
:103F3000C0688862012081F8440000BF002081F839
:103F4000450000BFBBE7886A006800F0004008B980
:103F5000042ABDD3012081F8440000BF002081F86D
:103F6000450000BF0120AAE710B50446206800F50F
:103F70008050406900F0400040280FD1204600F0FA
:103F80008DFA4021206800F580504161012084F8BD
:103F9000440000BF002084F8450016E0206800F5CA
:103FA0008050406900F0010078B1204600F048FBE5
:103FB0000121206800F580504161012084F844000F
:103FC00000BF002084F8450000BF4FF48031206816
:103FD00000F580504161206800F58050406900F490
:103FE0000040B0F5004F10D12046FFF75FFF4FF4BF
:103FF0000041206800F580504161012084F84400B0
:1040000000BF002084F8450000BF10BD2DE9FC4131
:1040100004460025002001909F4E0027804614B9D9
:104020000120BDE8FC8194F8440028B9002084F800
:104030004500204600F03EF900BF00200090974860
:10404000006840F48040954908600846006800F424
:104050008040009000BF00BF9148006820F400003D
:104060008F49086008460068216A08438C49086047
:10407000206800F58050006840F00101206800F5DC
:104080008050016000F02CFC07460FE000F028FC97
:10409000C01BB0F5FA7F09D9032084F8440000BFA3
:1040A000002084F8450000BF0320BAE7206800F52F
:1040B0008050006800F001000028E7D12068056901
:1040C00025F01C0500F0F2FD06467648864205D331
:1040D0007548864202D245F008051AE072488642C9
:1040E00005D36D48864202D245F00C0511E06A48BE
:1040F000864203D36D48864200D20AE06B4886426E
:1041000005D36B48864202D245F0040501E045F034
:104110001005206805614FF400420021204600F0A0
:1041200090FA48B14FF0010841462046FDF77CF86F
:10413000012084F8440074E7FF20FFF71BFE60684D
:10414000002871D000F0CCFB074600BF01AA012176
:10415000204600F059F900F0C3FBC01B41F2883142
:1041600088420FD94FF0010841462046FDF75CF820
:10417000012084F8440000BF002084F8450000BFFF
:1041800003204EE7019800F004000428DED18202EB
:104190000021204600F055FA48B14FF00108414691
:1041A0002046FDF741F8012084F8440039E700F08B
:1041B00097FB074600BF01AA0121204600F024F921
:1041C00000F08EFBC01B41F2883188420FD94FF0BE
:1041D000010841462046FDF727F8012084F84400F5
:1041E00000BF002084F8450000BF032019E70198B4
:1041F00000F020002028DED101AA1F21204600F077
:1042000003F948B14FF0010841462046FDF70CF88C
:10421000012084F8440004E7019800F0100020B168
:104220004FF40061E16002E00DE00021E1600198DF
:1042300000F00400042802D10021A16022E04FF424
:104240008041A1601EE040F6FF70FFF793FDE0683B
:10425000C0F3CF00A168C1F34F0140EA0102002181
:10426000204600F0EEF948B14FF0010841462046E3
:10427000FCF7DAFF012084F84400D2E640F6FF7034
:10428000FFF778FD41462046FCF7CEFF012084F879
:1042900044000020C5E60000008793034438024034
:1042A00004380140002D3101C00E160200E1F50571
:1042B00080D1F00810B586B00446142101A8FCF79F
:1042C000AFF84C49206888427ED100BF00BF002073
:1042D00000904948006840F000704749086008466F
:1042E000006800F00070009000BF00BF00BF002019
:1042F00000900846006840F080600860084600684A
:1043000000F08060009000BF00BF00BF0020009060
:104310000846006840F0006008600846006800F049
:104320000060009000BF00BF00BF00BF00200090F1
:104330000846006840F0040008600846006800F085
:104340000400009000BF00BF00BF0020009008469E
:10435000006840F0010008600846006800F00100B5
:10436000009000BF00BF00BF00200090084600681A
:1043700040F0400008600846006800F040000090EF
:1043800000BF00BF32200190022002900020039065
:10439000032004900B20059001A9184800F09AF919
:1043A00086200190022002900020039003200490B8
:1043B0000B20059001A9124800F08CF94FF4D04071
:1043C00001900220029000E011E000200390032001
:1043D00004900B20059001A90A4800F07BF9002207
:1043E00005213D2000F02CFB3D2000F019FB06B01C
:1043F00010BD00000080024030380240000802403A
:1044000000000240001802402DE9F04104460E462B
:1044100017460025A84694F84400822802D10220BD
:10442000BDE8F081822084F844002068056905F029
:104430001C05208A4FF4784101EAC0200543481149
:1044400000EA8610054325F0020545F001052068C5
:10445000056100F045FA804612E000F041FAA0EB59
:104460000800B0F5803F09D3012084F8440000BF64
:10447000002084F8450000BF0320D1E720680569CB
:1044800005F001000028E8D12068406980B238605A
:10449000012084F844000020C2E7000010B5044663
:1044A000024800680BF034FE10BD0000D00300206D
:1044B00010B5044600BF94F84500012801D1022040
:1044C00010BD012084F8450000BF022084F844009C
:1044D0002046FCF7DFFF2046FCF7C8FF2046FCF72C
:1044E00065FE2046FCF743FE2046FCF735FE012022
:1044F00084F8440000BF002084F8450000BF00BFDE
:10450000DEE770B5024600230025002400BF92F8C4
:104510004500012801D1022070BD012082F845002C
:1045200000BF022082F8440049B9012082F844000B
:1045300000BF002082F8450000BF0120ECE7D06AF0
:10454000006800F0004048B1122082F8440000BF2B
:10455000002082F8450000BF0120DDE740F2F45062
:10456000814208D9B1FBF0F3B1FBF0F600FB161065
:1045700010B15B1C00E00123012B13D1D06A00684D
:1045800040F04050D66A3060C1F30C00D66A7060CB
:10459000D06A006840F00040D66A3060D06AC068D7
:1045A000D06232E000242EE0D06A006820F0405053
:1045B000D66A30602CB9D06A006840F08050D66A64
:1045C000306040F2F450D66A7060581EA04210D19C
:1045D000D06A006840F00050D66A3060581EC0EBC8
:1045E000C01000EB4000A1EB8005C5F30C00D66ABB
:1045F0007060D06A006840F00040D66A3060D06ACF
:10460000C068D062641C9C42CED3106800F5805014
:10461000406900F0040048B10426106800F580509D
:1046200046610026106800F580504660012082F83F
:10463000440000BF002082F8450000BF00BF6BE7C8
:1046400070472DE9F04104460E4617460025A8465E
:1046500094F84400422802D10220BDE8F0814220B3
:1046600084F844002068056905F01C05208A4FF491
:10467000784101EAC0200543481100EA861005434D
:1046800045F0020545F00105B8B22168486120688F
:10469000056100F025F9804612E000F021F9A0EB59
:1046A0000800B0F5803F09D3012084F8440000BF22
:1046B000002084F8450000BF0320CEE7206805698C
:1046C00005F001000028E8D1012084F84400002012
:1046D000C3E70000F8B502460B4600250024002081
:1046E0000021DCE0012606FA01F51E6806EA050451
:1046F000AC4273D15E68012E08D05E68022E05D0F0
:104700005E68112E02D05E68122E13D190684F00A1
:104710000326BE40B0434F00DE68BE403043906089
:10472000506801268E40B0431E79C6F300168E40B5
:1047300030435060D0684F000326BE40B0434F0066
:104740009E68BE403043D0605E68022E02D05E6834
:10475000122E13D1CF0802F1200656F827004E077B
:10476000F70E0F26BE40B0434F07FF0E1E69BE4036
:104770003043CF0802F1200646F8270010684F00AA
:104780000326BE40B0431E7906F003064F00BE402C
:10479000304310605E6806F08056B6F1805F7DD1D0
:1047A00000BF00260096404E366846F480463E4FD5
:1047B0003E603E46366806F48046009600BF00BF65
:1047C0003A4E8F0856F827008E07370F0F26BE4047
:1047D000B043374EB24202D1002624E05EE0354EAF
:1047E000B24201D101261EE0334EB24201D102266F
:1047F00019E0324EB24201D1032614E0304EB242EB
:1048000001D104260FE02F4EB24201D105260AE065
:104810002D4EB24201D1062605E02C4EB24201D106
:10482000072600E008268F073F0FBE4030431F4E8B
:104830008F0846F82700264E3068A0435E6806F4CD
:104840008036B6F5803F00D12043214E3060361DC2
:104850003068A0435E6806F40036B6F5003F00D12C
:1048600020431B4E361D3060361D3068A0435E6805
:1048700006F48016B6F5801F00D12043144E08368A
:104880003060361D3068A0435E6806F40016B6F549
:10489000001F00D120430E4E0C363060491C1029F9
:1048A000FFF420AFF8BD0000443802400838014052
:1048B000000002400004024000080240000C0240D8
:1048C000001002400014024000180240001C024088
:1048D000003C01400AB1816101E00B048361704733
:1048E0000148006870470000EC030020034800689E
:1048F000034909780844014908607047EC03002027
:10490000F403002010B50D48006840F400700B4916
:1049100008600846006840F4806008600846006847
:1049200040F480700860032000F0C8F8002000F018
:1049300007F800F04BF8002010BD0000003C0240DA
:1049400070B588B00446002500260022214632209A
:1049500000F076F8322000F063F800BF00200190EC
:104960001648006840F008001449086008460068CE
:1049700000F00800019000BF00BF02A903A800F0EA
:1049800073F900F099F945000D48B5FBF0F0461EAB
:104990000C480D49086040F2E7310B48C1604660A1
:1049A00000210161816000F045FC20B9064800F05B
:1049B0005CFC08B070BD0120FBE7000040380240FD
:1049C00040420F00000C0040FC09002008B500BF69
:1049D000002000901148006840F480400F490860B2
:1049E0000846006800F48040009000BF00BF00BF90
:1049F00000200090081F006840F08050091F0860E8
:104A00000846006800F08050009000BF00BF002200
:104A10000F21901E00F014F808BD00004438024039
:104A200001460846002809DB00F01F0301229A40D6
:104A300043099B0003F1E023C3F8002100BF704746
:104A40002DE9F05F80460D461646002704F0F6FD7E
:104A5000074639462A46334601F00700C0F1070AE7
:104A6000BAF1040F02D94FF0040A01E0C0F1070ABD
:104A7000D14600F1040ABAF1070F02D24FF0000A42
:104A800001E0A0F1030AD4464FF0010A0AFA09FA3C
:104A9000AAF1010A0AEA020A0AFA0CFA4FF0010B1B
:104AA0000BFA0CFBABF1010B0BEA030B4AEA0B040C
:104AB0002146404604F0CAFDBDE8F09F00BF00F06B
:104AC0000702064B19684FF6FF031940044B0B43CE
:104AD00043EA0221014B196000BF70470CED00E072
:104AE0000000FA0570B504460D460CB9012070BDF2
:104AF0005848006800F00F00A84209D255490D70CF
:104B00000846006800F00F00A84201D00120EEE73F
:104B1000207800F0020002281DD1207800F0040067
:104B2000042805D14C48006840F4E0504A49086028
:104B3000207800F00800082805D14748006840F4B4
:104B40006040454908604448006820F0F000A168D2
:104B5000084341490860207800F00100A8B360686C
:104B6000012807D13C4808380068C0F34040B8B974
:104B70000120BCE76068022802D06068032807D1E2
:104B8000354808380068C0F3406048B90120AEE7F6
:104B9000314808380068C0F3400008B90120A6E792
:104BA0002D48006820F00300616808432A49086026
:104BB000FFF796FE064609E0FFF792FE801B41F2E2
:104BC0008831884202D9032091E707E02248006833
:104BD00000F00C006168B0EB810FEDD11D4800685A
:104BE00000F00F00A84209D91A490D700846006864
:104BF00000F00F00A84201D0012078E7207800F0F3
:104C00000400042807D11448006820F4E050E1684B
:104C1000084311490860207800F00800082808D1EE
:104C20000D48006820F46040216940EAC1000A494B
:104C3000086000F061F808490968C1F30311074AE8
:104C4000515CC8400649086006480068FFF778FED6
:104C500000204CE7003C024008380240004B0108AD
:104C6000F8030020F00300200F2202600D4A1268B2
:104C700002F0030242600B4A126802F0F002826006
:104C8000084A126802F4E052C260064A126802F44E
:104C90006042D2080261044A126802F00F020A6000
:104CA0007047000008380240003C0240014800689C
:104CB00070470000F803002000B5FFF7F7FF044934
:104CC0000968C1F38221034A515CC84000BD00005D
:104CD00008380240104B010800B5FFF7E7FF044910
:104CE0000968C1F34231034A515CC84000BD00006D
:104CF00008380240104B01082DE9F0470024002538
:104D00000026A1462548006800F00C0020B10428C8
:104D100005D008283AD105E0DFF8849039E0DFF8C3
:104D2000849036E01D48001F006800F03F041B48D7
:104D3000001F006800F4800078B11A481749091F65
:104D40000968C1F38811A0FB0170014622460023C7
:104D50003846FBF71BFB05460EE011480F49091FBB
:104D60000968C1F38811A0FB0170014622460023A7
:104D70003846FBF70BFB05460848001F0068C0F3E8
:104D80000140401C4600B5FBF6F902E0DFF8109048
:104D900000BF00BF4846BDE8F08700000838024069
:104DA0000024F40040787D01F8B504460CB90120D8
:104DB000F8BD207800F00100002874D0F9480068A0
:104DC00000F00C0004280DD0F648006800F00C003C
:104DD000082813D1F348001F006800F48000B0F5E4
:104DE000800F0BD1EF4808380068C0F3404000281E
:104DF00059D06068002856D10120D9E700BF60680B
:104E0000B0F5803F08D1E7480838006840F48030AA
:104E1000E449083908601EE06068B0F5A02F0DD1A4
:104E2000E0480838006840F48020DE49083908600E
:104E30000846006840F4803008600CE0D948083823
:104E4000006820F48030D7490839086008460068B7
:104E500020F48020086000BF606890B1FFF740FD3B
:104E6000054606E0FFF73CFD401B642801D90320FE
:104E70009EE7CC4808380068C0F340400028F1D0D5
:104E800011E0FFF72DFD054606E0FFF729FD401B69
:104E9000642801D903208BE7C24808380068C0F3B2
:104EA00040400028F1D1207800F0020002285FD1B4
:104EB000BC48006800F00C0058B1BA48006800F027
:104EC0000C0008281CD1B748001F006800F48000BF
:104ED000B0B9B44808380068C0F3400020B1E068B9
:104EE000012801D0012063E7AE480838006820F0AF
:104EF000F800216940EAC100AA490839086037E092
:104F0000E06800B30120A8490860FFF7E9FC054606
:104F100006E0FFF7E5FC401B022801D9032047E724
:104F2000A04808380068C0F340000028F1D09D4830
:104F30000838006820F0F800216940EAC10099496A
:104F40000839086014E0002097490860FFF7C8FCA2
:104F5000054606E0FFF7C4FC401B022801D90320E8
:104F600026E7904808380068C0F340000028F1D1D7
:104F7000207800F0080008282CD16069A8B1012031
:104F80008A490860FFF7ACFC054606E0FFF7A8FC7D
:104F9000401B022801D903200AE782486C300068D0
:104FA000C0F340000028F1D014E000207F490860E1
:104FB000FFF796FC054606E0FFF792FC401B02282F
:104FC00001D90320F4E677486C300068C0F3400054
:104FD0000028F1D1207800F00400042870D10027C7
:104FE00070483830006800F0805090B900BF002051
:104FF00000906C483830006840F080506949383182
:1050000008600846006800F08050009000BF00BFB4
:1050100001276748006800F48070B0B964480068F0
:1050200040F4807062490860FFF75AFC054606E0CC
:10503000FFF756FC401B022801D90320B8E65C4864
:10504000006800F480700028F2D000BFA06801283A
:1050500008D154486830006840F001005149683177
:1050600008601DE0A06805280DD14E486830006832
:1050700040F004004B49683108600846006840F081
:10508000010008600CE047486830006820F001002B
:105090004449683108600846006820F00400086050
:1050A00000BFA068A8B1FFF71BFC054609E0FFF7A9
:1050B00017FC401B41F28831884202D9032077E671
:1050C00026E0384868300068C0F340000028EED081
:1050D00013E0FFF705FC054608E0FFF701FC401B65
:1050E00041F28831884201D9032061E62D486830B9
:1050F0000068C0F340000028EFD1012F07D12948F4
:105100003830006820F0805026493831086000BFF0
:10511000A069002845D02348006800F00C0008284A
:105120005DD0A069022845D100201F490866FFF71D
:10513000D7FB054606E0FFF7D3FB401B022801D949
:10514000032035E6174808380068C0F3406000289F
:10515000F1D1D4E907010843616A40EA81110122D3
:10516000A06AC2EB500041EA00412C20005D41EAF8
:1051700000600C49091F086001200B490866FFF711
:10518000AFFB054606E0FFF7ABFB401B022801D949
:1051900003200DE6034808380068C0F3406000288B
:1051A000F1D03FE00838024000004742800E4742FD
:1051B0000070004000201C490866FFF791FB05467F
:1051C00006E0FFF78DFB401B022801D90320EFE525
:1051D00016480068C0F340600028F2D122E0A069C0
:1051E000012800D1E4E511480830066806F4800182
:1051F000E069814214D106F03F01206A81420FD15B
:1052000047F6C0703040616A884209D106F44031E7
:10521000A06A814204D106F07061E06A814201D047
:105220000120C5E50020C3E50000474200380240E8
:105230007047704710B504460CB9012010BD94F8B2
:105240003D0028B9002084F83C00204600F00CF80E
:10525000022084F83D00211D206803F039F9012067
:1052600084F83D000020E9E7704701460868C068FF
:1052700040F001000B68D8600868806800F0070201
:10528000062A05D00868006840F001000B68186025
:1052900000207047704710B5044620680069C0F3CD
:1052A0004000D8B12068C068C0F34000B0B16FF0D2
:1052B000020021680861012020772068806900F0E1
:1052C000030018B12046FFF7E5FF05E0204600F097
:1052D000ADF8204600F04AF90020207720680069E8
:1052E000C0F38000D8B12068C068C0F38000B0B1BE
:1052F0006FF004002168086102202077206880692F
:1053000000F4407018B12046FFF7C4FF05E02046C6
:1053100000F08CF8204600F029F900202077206862
:105320000069C0F3C000D8B12068C068C0F3C000F5
:10533000B0B16FF008002168086104202077206870
:10534000C06900F0030018B12046FFF7A3FF05E095
:10535000204600F06BF8204600F008F90020207786
:1053600020680069C0F30010D8B12068C068C0F39D
:105370000010B0B16FF0100021680861082020779C
:105380002068C06900F4407018B12046FFF782FF22
:1053900005E0204600F04AF8204600F0E7F800203B
:1053A00020772068006900F0010058B12068C068CB
:1053B00000F0010030B16FF0010021680861204663
:1053C00000F002F920680069C0F3C01058B12068ED
:1053D000C068C0F3C01030B16FF080002168086170
:1053E0002046FFF725FF20680069C0F3801058B100
:1053F0002068C068C0F3801030B16FF040002168B1
:105400000861204600F0ECF820680069C0F3401005
:1054100058B12068C068C0F3401030B16FF0200070
:10542000216808612046FFF704FF10BD704770B582
:1054300004460D46164600BF94F83C00012801D1F1
:10544000022070BD012084F83C0000BF022084F8D7
:105450003D0036B1042E1BD0082E31D00C2E5ED16B
:1054600045E02946206803F0B1F82068806940F0E3
:105470000800216888612068806920F004002168A4
:10548000886120688069296908432168886147E04C
:105490002946206803F0D2F82068806940F4006053
:1054A000216888612068806920F4806021688861B3
:1054B00020688069296940EA0120216888612FE01D
:1054C0002946206803F0F8F82068C06940F0080019
:1054D0002168C8612068C06920F004002168C861A3
:1054E0002068C069296908432168C86118E0294615
:1054F000206803F01DF92068C06940F4006021684D
:10550000C8612068C06920F480602168C861206893
:10551000C069296940EA01202168C86100E000BF34
:1055200000BF012084F83D0000BF002084F83C004B
:1055300000BF00BF85E710B504460CB9012010BDBF
:1055400094F83D0028B9002084F83C00204600F083
:105550000CF8022084F83D00211D206802F0B8FFFD
:10556000012084F83D000020E9E770477047000003
:1055700070B504460E4601223146206803F014F847
:105580000F492068884203D00E492068884201D123
:10559000012000E0002028B12068406C40F4004069
:1055A000216848642068806800F00705062D05D052
:1055B0002068006840F0010021680860002070BD8C
:1055C000000001400004014010B504460349206872
:1055D000884201D1FFF78AF910BD0000000C00409D
:1055E000704770B50446002520684069C0F3C015B7
:1055F00094F8390021280ED16DB12068406920F05F
:10560000800021684861206B10B1206BFEF737F9EC
:10561000204603F0F0FC20684069C0F3801594F840
:105620003A0022280ED16DB12068406920F0400078
:1056300021684861606B10B1606BFEF720F920466D
:1056400003F0B9FC002070BD704700002DE9F04761
:105650000446206805682068C668206847694FF0DE
:105660000008C14605F00F08B8F1000F0AD105F097
:10567000200038B106F0200020B1204603F0C5FC20
:10568000BDE8F087B8F1000F72D007F0010018B93B
:1056900006F4907000286BD005F0010030B106F4DC
:1056A000807018B1E06B40F00100E06305F0040089
:1056B00030B107F0010018B1E06B40F00200E06388
:1056C00005F0020030B107F0010018B1E06B40F0C6
:1056D0000400E06305F0080048B106F0200010B9AE
:1056E00007F0010018B1E06B40F00800E063E06BE8
:1056F00070B305F0200028B106F0200010B120465C
:1057000003F083FC20684069C0F38019E06B00F06F
:10571000080010B9B9F1000F23D0204603F04BFC6C
:105720002068406900F04000402816D12068406998
:1057300020F0400021684861606B50B11748616BF0
:105740000865606BFEF7F0F810B1606B016D88477B
:105750000CE02046FFF778FF08E02046FFF774FFD3
:1057600004E02046FFF770FF0020E06388E7FFE7D2
:1057700005F0800030B106F0800018B1204603F03B
:105780008BFE7DE705F0400030B106F0400018B117
:10579000204603F020FC73E700BF71E70D8F00087F
:1057A00038B5044600BF00200090206800680090D3
:1057B00020684068009000BF00BF2046FFF711FF3F
:1057C00013492068884205D1012001F095FF01208E
:1057D00002F070FC0F492068884205D10E4800880D
:1057E000401C0D49088011E00C49206888420DD00A
:1057F0000B492068884209D00A492068884205D1AF
:10580000062001F079FF062002F054FC38BD0000AC
:105810000010014000440040CE030020004800403A
:10582000004C00400014014010B504460CB90120A2
:1058300010BDA06900B100E000BF94F8390028B99C
:10584000002084F83800204600F028F8242084F84E
:1058500039002068C06820F400502168C8602046E4
:1058600003F026FC2068006920F49040216808615C
:105870002068406920F02A00216848612068C068DB
:1058800040F400502168C8600020E063202084F8C4
:10589000390084F83A000020CAE7000010B586B04D
:1058A0000446142101A8FAF7BBFDFE49206888428E
:1058B0007ED100BF00200090FB48006840F400202B
:1058C000F94908600846006800F40020009000BF15
:1058D00000BF00BF00200090F3481038006840F07F
:1058E0000400F149103908600846006800F004001F
:1058F000009000BF00BF4FF4406001900220029072
:1059000001200390032004900820059001A9E74896
:10591000FEF7E0FEE648E7490860400548600021E0
:10592000E4488160C1604FF4806101610021416100
:1059300081614FF48071C1614FF4403101620021F7
:105940004162032181620021C1620163FEF720F9F7
:1059500008B1FBF7B3FD00BFD6486063846300BFA6
:10596000D3483030D44908604FF00060486040218F
:10597000D14881600021C1604FF480610161002144
:1059800041618161C1614FF40031016200214162D6
:10599000FEF7FEF808B1FBF791FD00BFC648206393
:1059A000846300BF032200213420FFF749F800E0A0
:1059B00003E03420FFF734F82CE2C0492068884225
:1059C0007FD100BF00200090B748001D006840F064
:1059D0001000B549091D08600846006800F0100075
:1059E000009000BF00BF00BF00200090AE481038FC
:1059F000006840F00100AC491039086008460068B2
:105A000000F00100009000BF00BF4FF4C0600190A3
:105A100002200290002003900320049007200590AC
:105A200001A9A748FEF756FEA648A74908604FF00F
:105A3000006048600021A4488160C1604FF480612B
:105A400001610021416181614FF48071C1614902AE
:105A5000016200214162FEF79BF808B1FBF72EFDC1
:105A600000BF99486063846300BF9648303097490F
:105A700008604FF000604860402194488160002138
:105A8000C1604FF480610161002141618161C161A8
:105A90004FF40031016200214162FEF779F808B14C
:105AA000FBF70CFD00BF89482063846300BF002220
:105AB00011462520FEF7C4FF2520FEF7B1FFA9E11E
:105AC000FFE78349206888427DD100BF0020009015
:105AD0007548006840F40030734908600846006863
:105AE00000F40030009000BF00BF00BF0020009015
:105AF0006D481038006840F008006B4910390860A4
:105B00000846006800F00800009000BF00BF602059
:105B100001900220029000200390032004900720AF
:105B2000059001A96B48FEF7D5FD614848306A49E8
:105B300008604FF000604860002167488160C160E4
:105B40004FF4806101610021416181614FF48071F6
:105B5000C1614FF440310162002141620321816241
:105B60000021C1620163FEF713F808B1FBF7A6FC40
:105B700000BF59486063846300BF4D486030574997
:105B800008604FF000604860402154488160002167
:105B9000C1604FF480610161002141618161C16197
:105BA00001624162FDF7F4FF08B1FBF787FC00BF1B
:105BB0004A482063846300BF002211462620FEF776
:105BC0003FFF262000E002E0FEF72AFF22E14449E1
:105BD0002068884264D100BF0020009032480068ED
:105BE00040F48020304908600846006800F48020B6
:105BF000009000BF00BF00BF002000902A4810386E
:105C0000006840F00800284910390860084600681C
:105C100000F00800009000BF00BF4FF440700190FA
:105C2000022002900020039003200490072005909A
:105C300001A92848FEF74EFD1D481838294908607B
:105C40004FF000604860002126488160C1604FF439
:105C5000806101610021416181614FF48071C16106
:105C60004FF4403101620021416203218162002131
:105C7000C1620163FDF78CFF08B1FBF71FFC00BF99
:105C800018486063846300BF0948183016490860EB
:105C90004FF000604860402113488160002125E0FA
:105CA00041E00000004C0040403802400008024043
:105CB00040600240181100207811002000100140BF
:105CC0000000024088640240D80E0020380F0020F7
:105CD00000440040000C0240980F0020F80F002004
:105CE0000048004058100020B8100020C1604FF458
:105CF00080610161002141618161C1610162416294
:105D0000FDF746FF08B1FBF7D9FB00BF424820630F
:105D1000846300BF022200212720FEF791FE272086
:105D2000FEF77EFE76E03D492068884272D100BFD2
:105D3000002000903A48006840F020003849086090
:105D40000846006800F02000009000BF00BF00BFC0
:105D50000020009032481438006840F004003049B8
:105D6000143908600846006800F00400009000BF85
:105D700000BFC02001900220029000200390032069
:105D800004900820059001A92648FEF7A3FC2648A8
:105D90002649086080054860002124488160C16070
:105DA0004FF480610161002141618161C161016243
:105DB0004162FDF7EDFE08B1FBF780FB00BF1B4819
:105DC0006063846300BF18487830194908604FF059
:105DD000206048604021164881600021C1604FF476
:105DE00080610161002141618161C16101624162A3
:105DF000FDF7CEFE08B1FBF761FB00BF0C48206346
:105E0000846300BF022203214720FEF719FE4720CA
:105E1000FEF706FE06B010BDB810002000140140C9
:105E2000443802400008024028640240D811002093
:105E30003812002077B581B00446154694F83A0030
:105E400020284DD1029800B115B9012004B070BDD1
:105E500000BF94F83800012801D10220F6E70120A4
:105E600084F8380000BF0298A062A5850020E06396
:105E7000222084F83A001B48616BC8631A48616BA2
:105E8000C8640020616B086502AE32682368191D82
:105E90002B46606BFDF725FF00BF002000902068B7
:105EA0000068009020684068009000BF00BF00BFFD
:105EB000002084F8380000BF2068C06840F480707B
:105EC0002168C8602068406940F00100216848618D
:105ED0002068406940F04000216848610020B5E733
:105EE0000220B3E7718F0008218F000810B5044627
:105EF00010492068884206D1012001F0FDFB0120F5
:105F000002F0D8F815E00C492068884211D00B49FE
:105F1000206888420DD00A492068884209D0094982
:105F20002068884205D1062001F0E6FB062002F039
:105F3000C1F810BD0010014000440040004800407E
:105F4000004C0040001401400D49884203D101215A
:105F50000C4A117013E00C49884203D101210B4A0D
:105F600011700CE00A49884203D10121094A1170DD
:105F700005E00949884202D10121084A11707047A1
:105F8000980D0020BC030020D80D0020BD03002088
:105F9000180E0020BE030020980E0020C003002031
:105FA00000BFFEE710B58AB00446002002900390BF
:105FB0000120019000200690079004F00F0040F4AB
:105FC000C06004900820089004F0F00010287DD1F3
:105FD000AB4803C8CDE9020101AB02AA04A9A94854
:105FE000FCF7A5FE642009F02FFDA74903C9CDE900
:105FF000020104F00F00A54911F820008DF80C00F3
:1060000004F00F0031F82000000A8DF80D0004F0B4
:106010000F0051F82000000C8DF80E0004F00F0066
:1060200051F82000000E8DF80F0001AB02AA04A960
:106030009448FCF77CFE322009F006FD944903C920
:10604000CDE9020101AB02AA04A98E48FCF76FFE5C
:10605000322009F0F9FC8F4903C9CDE9020101ABF7
:1060600002AA04A98748FCF762FE322009F0ECFC82
:10607000894903C9CDE9020101AB02AA04A98148FB
:10608000FCF755FE322009F0DFFC844903C9CDE955
:10609000020101AB02AA04A97A48FCF748FE3220AB
:1060A00009F0D2FC7E4903C9CDE9020101AB02AA85
:1060B00004A97448FCF73BFE322009F0C5FC79497D
:1060C00003C9CDE9020101AB02AA00E02FE004A957
:1060D0006C48FCF72CFE4FF4FA7009F0B5FC7249DD
:1060E00003C9CDE9020101AB02AA04A96548FCF786
:1060F0001EFE322009F0A8FC6C4903C9CDE902015B
:1061000001AB02AA04A95F48FCF711FE322009F096
:106110009BFC674903C9CDE9020101AB02AA04A9AE
:106120005848FCF704FE322009F08EFCA6E004F08B
:10613000F00020284FD1564903C9CDE9020101AB37
:1061400002AA04A94F48FCF7F2FD322009F07CFCBA
:10615000584903C9CDE9020101AB02AA04A9494883
:10616000FCF7E5FD322009F06FFC534903C9CDE986
:10617000020101AB02AA04A94248FCF7D8FD322073
:1061800009F062FC474903C9CDE9020101AB02AA4B
:1061900004A93C48FCF7CBFD4FF4FA7009F054FC1D
:1061A000414903C9CDE9020101AB02AA04A935485E
:1061B000FCF7BDFD322009F047FC3C4903C9CDE99D
:1061C000020101AB02AA04A92E48FCF7B0FD32205F
:1061D00009F03AFC52E004F0F00030284ED12C498E
:1061E00003C9CDE9020101AB02AA04A92548FCF7C5
:1061F0009EFD322009F028FC304903C9CDE9020197
:1062000001AB02AA04A91F48FCF791FD322009F056
:106210001BFC2B4903C9CDE9020101AB02AA04A969
:106220001848FCF784FD322009F00EFC1D4903C913
:10623000CDE9020101AB02AA04A91248FCF777FDDF
:106240004FF4FA7009F000FC174903C9CDE90201C7
:1062500001AB02AA04A90B48FCF769FD322009F042
:10626000F3FB124903C9CDE9020101AB02AA04A95B
:106270000448FCF75CFD322009F0E6FB0AB010BDD3
:10628000F0000020D4090020F8000020640700205E
:10629000B0000020B8000020D8000020E00000205E
:1062A000E80000201001002018010020200100203B
:1062B00028010020C000002000010020C8000020AC
:1062C000080100202DED088B92B000200A900B9061
:1062D00000BF0E900F906A200C90082010900026AE
:1062E000002400BF28216846FAF79AF800BF00BFD3
:1062F00000254FF4FA5009F0A7FB02F0DDFD02F093
:1063000041FA052009F0A0FB02F01AFB052009F074
:106310009BFB02F0F3FB052009F096FB02F0CCFC9E
:10632000052009F091FB02F0A5FD4FF4FA7009F089
:106330008BFB02F0C1FD4FF4FA7009F085FB1C20C5
:1063400000F038FD4FF4FA7009F07EFB1A20FFF7D9
:1063500029FE1B20FFF726FE1D20FFF723FE32201B
:1063600009F072FBFD489FEDFE1ADFEDFE0A9FED7E
:10637000FE0A09F011F9F948066831460D2001F0CE
:106380003BF9F648466831460C2001F067F9F348BE
:10639000866831460B2001F02FF940F6B83009F03D
:1063A00053FBEE489FEDF11ADFEDEE0A9FEDF00A88
:1063B00009F0F2F8E948066831460D2001F01CF9B1
:1063C000E648466831460C2001F048F9E348866803
:1063D00031460B2001F010F94FF47A7009F034FBCC
:1063E00002F0D0F9052009F02FFB02F0A9FA0520F0
:1063F00009F02AFB02F082FB052009F025FB02F0E0
:106400005BFC052009F020FB02F034FD052009F0BB
:106410001BFBB6EE000AD74880ED000A9FEDD10ABB
:10642000D54880ED000A9FEDD50AD54880ED000AD9
:106430000020D449C86300BF01F098F9D248007821
:10644000012803D0D0480078022825D10025C34870
:10645000CE4991ED001ACE49D1ED000ACD4991ED1A
:10646000000A09F099F8BD4881680B2001F0C4F8D2
:10647000012009F0E9FAB94841680C2001F0EEF872
:10648000012009F0E1FAB54801680D2001F0B4F8E7
:10649000012009F0D9FA9AE2BB48007803287CD1A0
:1064A0000025BD480068FAF7A4F941EC1A0B9FEDEE
:1064B000BB0B53EC102BFAF772F841EC190B9FED64
:1064C000B90B53EC102BF9F7C3FF41EC180BFAF79B
:1064D00077F9A2490860B5480068FAF78AF941ECF3
:1064E0001A0B9FEDAE0B53EC102BFAF758F841EC5A
:1064F000190B9FEDAF0B53EC102BF9F7A9FF41ECF3
:10650000180BFAF75DF995494860AB480068FAF74F
:1065100070F941EC1A0B9FEDA10B53EC102BFAF71D
:106520003EF841EC190B9FEDA50B53EC102BF9F73E
:106530008FFF41EC180BFAF743F988498860A148AE
:106540000068FAF756F941EC1A0B9FED940B53ECE7
:10655000102BFAF724F841EC190B9FED9B0B53EC31
:10656000102BF9F775FF41EC180BFAF70AF97B4984
:10657000C8600846C1680A2001F03EF8012009F011
:1065800063FA764881680B2001F036F8012009F0A3
:106590005BFA724841680C2000E00AE001F05EF806
:1065A000012009F051FA6D4801680D2001F024F82E
:1065B000DBE375480078042813D195B90125FAF773
:1065C0004DFC1C2000F0F6FB1A20FFF7EBFC1B2013
:1065D000FFF7E8FC1D20FFF7E5FC322009F034FA54
:1065E000C3E36948007805287ED10025784890EDFE
:1065F000000A604880ED000A764890ED000A5E4887
:1066000080ED000A744890ED000A5D4880ED000AB4
:106610005C4890ED0F0AB8EEC00A704880ED000AA1
:1066200090ED000ADFED6E0AB4EEE00AF1EE10FA2A
:1066300008DC90ED000ADFED6B0AB4EEE00AF1EE43
:1066400010FA04D29FED470A644880ED000A4D48D5
:1066500090ED050AB8EEC00A634880ED000A90ED9F
:10666000000ADFED620A80EE201AB1EE410A80EDE9
:10667000000A5F4890ED000ADFED3C0AB4EEE00A44
:10668000F1EE10FA08DC90ED000ADFED5A0AB4EEE4
:10669000E00AF1EE10FA04D29FED570A544880ED5B
:1066A000000A51480068FAF7A4F841EC190BB0EE63
:1066B000490AF0EE690A07F06BF9B0EE408AF0EE95
:1066C000608A51EC180BFAF7D7F849490860084678
:1066D00090ED000A494880ED000A404890ED000A1C
:1066E0000846D0ED000A00E072E130EE600A44484E
:1066F00080ED000A0068FAF77CF841EC180B9FED7A
:10670000410B53EC102BFAF787F811D23C48006884
:10671000FAF76FF841EC180B9FED3C0B53EC102B84
:10672000FAF792F804D29FED0F0A354880ED000A7F
:10673000384890ED000A3248D0ED000A30EE200AC9
:10674000344880ED000A90ED000ADFED330AB4EE24
:10675000E00AF1EE10FA65DB60E063E0B0080020CB
:106760000080E343000000000080B1430000C84304
:106770000000A043E0020020E8020020CDCC4C3D08
:10678000E4020020640800202803002038030020D1
:1067900034030020300300209C020020CC5BBE6D3F
:1067A000305FF4C00000000060B30E41A002002082
:1067B00000000000C0EB1241A40200200000000015
:1067C00000761641A802002000000000801104415C
:1067D0003C030020400300204403002084030020E9
:1067E0000000C8420000C8C28C03002000007A44A8
:1067F0007C0300200000C8C300005E44600000204D
:10680000800300209A9999999999C93F9A999999E1
:106810009999C9BF880300200000FA431FED020ABE
:1068200080ED000AFE4890ED000ADFEDFE0AB4EEAE
:10683000E00AF1EE10FA03D89FEDFA0A80ED000AA3
:10684000F94890ED000AF948D0ED000A20EE200A40
:10685000F748D0ED000AF24890ED001A00EE810AE8
:10686000F248D0ED000AF34890ED001A70EEC10A2C
:10687000F14890ED001A01EE200AF04880ED000A80
:10688000EA4890ED000AEB4880ED000AEC4890EDF4
:10689000000AEA48D0ED000A30EE200AE94880ED0F
:1068A000000A90ED000ADFEDE80AB4EEE00AF1EE2E
:1068B00010FA03DD9FEDE40A80ED000AE14890ED57
:1068C000000ADFEDE20AB4EEE00AF1EE10FA03D2BC
:1068D0009FEDDE0A80ED000ADD480068F9F789FFC8
:1068E00041EC1B0BB0EE4B0AF0EE6B0A03F0B4F96F
:1068F000B0EE40AAF0EE60AA9FEDD60B53EC102B41
:1069000051EC1A0BF9F74BFE41EC190B9FEDD30B31
:1069100053EC102BF9F79CFD41EC180BF9F7ACFF89
:10692000D0490860CA480068F9F763FF41EC190BC9
:106930009FEDCD0B53EC102BF9F78AFD41EC180BB2
:10694000F9F79AFFC249086008460068F9F751FF55
:1069500041EC180B9FEDC60B53EC102BF9F774FFAD
:1069600015D89FEDC50ABA4880ED000AC3480088D3
:10697000401CC249088008460088B0F57A7F06DDD1
:10698000002008801FED890AB14880ED000ABC484C
:106990009FEDBC1AB349D1ED000AAA4991ED000A56
:1069A00008F0FAFDB64881680B2000F025FE0120B2
:1069B00009F04AF8B24841680C2000F04FFEB04898
:1069C00001680D2000F018FE012009F03DF8CCE12F
:1069D000AD48007806287DD10025AC4890ED0F0A1F
:1069E000B8EEC00AAA4880ED000A90ED000ADFED7B
:1069F000A90AB4EEE00AF1EE10FA08DC90ED000A04
:106A0000DFEDA50AB4EEE00AF1EE10FA04D21FEDB4
:106A1000AB0A9F4880ED000A9C4890ED050AB8EE4D
:106A2000C00A9E4880ED000A90ED000A5FED910AD1
:106A300080EE201AB1EE410A80ED000A984890EDF0
:106A4000000A5FEDB60AB4EEE00AF1EE10FA08DCD7
:106A500090ED000A5FED990AB4EEE00AF1EE10FA4B
:106A600004D21FED9B0A8E4880ED000A8B48006817
:106A7000F9F7BFFE41EC190BB0EE490AF0EE690AD6
:106A800006F086FFB0EE408AF0EE608A51EC180BFB
:106A9000F9F7F2FE82490860084690ED000A814845
:106AA00080ED000A7A4890ED000A0846D0ED000A11
:106AB00030EE600A5D4880ED000A0068F9F799FE43
:106AC00041EC180B1FEDB10B53EC102BF9F7A4FEA2
:106AD00013D200E044E155480068F9F78AFE41EC22
:106AE000180B1FEDB60B53EC102BF9F7ADFE04D2CB
:106AF0001FEDE40A4D4880ED000A494890ED000A78
:106B00004A48D0ED000A30EE200A454880ED000AE0
:106B100090ED000A5FEDC00AB4EEE00AF1EE10FA63
:106B200003DB1FEDC30A80ED000A3D4890ED000A2B
:106B3000DFED3C0AB4EEE00AF1EE10FA03D89FED67
:106B4000390A80ED000A384890ED000A3748D0ED48
:106B5000000A20EE200A3648D0ED000A304890EDB9
:106B6000001A00EE810A3148D0ED000A314890ED5C
:106B7000001A70EEC10A304890ED001A01EE200AAA
:106B80002E4880ED000A294890ED000A294880ED42
:106B9000000A454890ED000A2848D0ED000A30EE82
:106BA000600A424880ED000A90ED000ADFED400ADD
:106BB000B4EEE00AF1EE10FA03DD9FED3D0A80ED40
:106BC000000A3A4890ED000ADFED3A0AB4EEE00A16
:106BD000F1EE10FA03D29FED370A80ED000A1C484F
:106BE0000068F9F706FE41EC1A0BB0EE4A0AF0EE27
:106BF0006A0A03F031F8B0EE409AF0EE609A9FED29
:106C0000150B53EC102B51EC190BF9F7C8FC41ECA8
:106C1000180BF9F731FE134908600D4800684BE086
:106C2000880300200000FAC3E00200208003002057
:106C3000E802002078030020E402002090030020F6
:106C40006C030020300300200080224400009643A3
:106C50005403002000000000000069400000000014
:106C6000000059C034030020FCA9F1D24D62403F1E
:106C70006F1283C0CA210940560E494058030020B4
:106C8000B00800200000EB43280300206408002027
:106C90008403002000004842000048C28C0300200A
:106CA0007C030020600000207403002038030020D3
:106CB0000000C843008009C4F9F79BFD41EC190BA3
:106CC0009FED2F0B53EC102BF9F7C2FB41EC180B87
:106CD000F9F7D2FD2C49086008460068F9F789FDEC
:106CE00041EC180B9FED290B53EC102BF9F7ACFD81
:106CF00015D89FED280A244880ED000A2648008810
:106D0000401C2549088008460088B0F57A7F06DDDA
:106D1000002008809FED210A1B4880ED000A2048D2
:106D2000204991ED001A2049D1ED000A9FED1F0A7C
:106D300008F032FC1A4881680B2000F05DFC01204D
:106D400008F082FE164841680C2000F087FC1448C9
:106D500001680D2000F050FC012008F075FE04E0F1
:106D600013480078072800D10025601C84B2642CE9
:106D700000DD0024072008F067FEFFF75DBB000080
:106D8000FCA9F1D24D62503F540300206F1283C022
:106D9000CA211940560EC9405803002000000000C7
:106DA000B008002038030020340300200000FF4317
:106DB0002803002010B58AB00446002002900390FA
:106DC0000120019000200690079004F00F0040F48D
:106DD000C06004900820089004F0F00010287DD1D5
:106DE0006B4903C9CDE9020101AB02AA04A96948B4
:106DF000FBF79DFF642008F027FE674903C9CDE932
:106E0000020104F00F00654911F820008DF80C0014
:106E100004F00F0031F82000000A8DF80D0004F096
:106E20000F0051F82000000C8DF80E0004F00F0048
:106E300051F82000000E8DF80F0001AB02AA04A942
:106E40005448FBF774FF322008F0FEFD544903C993
:106E5000CDE9020101AB02AA04A94E48FBF767FF86
:106E6000322008F0F1FD4F4903C9CDE9020101AB21
:106E700002AA04A94748FBF75AFF322008F0E4FDB4
:106E8000494903C9CDE9020101AB02AA04A941485D
:106E9000FBF74DFF322008F0D7FD444903C9CDE987
:106EA000020101AB02AA04A93A48FBF740FF3220D5
:106EB00008F0CAFD3E4903C9CDE9020101AB02AAAF
:106EC00004A93448FBF733FF322008F0BDFD3949EF
:106ED00003C9CDE9020101AB02AA00E055E004A913
:106EE0002C48FBF724FF4FF4FA7008F0ADFD32494F
:106EF00003C9CDE9020101AB02AA04A92548FBF7A9
:106F000016FF322008F0A0FD2C4903C9CDE902018B
:106F100001AB02AA04A91F48FBF709FF322008F0C1
:106F200093FD274903C9CDE9020101AB02AA04A9D7
:106F30001848FBF7FCFE322008F086FD214903C902
:106F4000CDE9020101AB02AA04A91248FBF7EFFE4A
:106F5000322008F079FD1C4903C9CDE9020101ABDB
:106F600002AA04A90B48FBF7E2FE322008F06CFDF0
:106F7000144903C9CDE9020101AB02AA04A90548DD
:106F8000FBF7D5FE322008F05FFD0AB010BD00000F
:106F9000F0000020D4090020F80000206407002041
:106FA000B0000020B8000020D8000020E000002041
:106FB000E80000201001002018010020200100201E
:106FC00028010020300100203801002010B50F48B2
:106FD0000F4908600320486000210D488160C160AE
:106FE0004FF4002101614FF440114161002101760D
:106FF000417681760121C176002101774177FCF746
:10700000BEF908B1FAF75AFA10BD0000006400405A
:10701000AC09002010B50F480F49086003204860F4
:1070200000210D488160C1604FF4002101614FF4DF
:107030004011416100210176417681760121C176BE
:10704000002101774177FCF79AF908B1FAF736FA8F
:1070500010BD000000680040D409002008B500BF42
:10706000002000903A48006840F4800038490860E9
:107070000846006800F48000009000BF00BF00BF19
:10708000002000900846006840F4001008600846A0
:10709000006800F40010009000BF00BF0322002130
:1070A0000C20FDF7CDFC0C20FDF7BAFC03220021DB
:1070B0000E20FDF7C5FC0E20FDF7B2FC00221146A4
:1070C0001020FDF7BDFC1020FDF7AAFC00221146A0
:1070D0001120FDF7B5FC1120FDF7A2FC02220021D2
:1070E0000F20FDF7ADFC0F20FDF79AFC02220021D6
:1070F0000D20FDF7A5FC0D20FDF792FC00221146A6
:107100003820FDF79DFC3820FDF78AFC0222032180
:107110003920FDF795FC3920FDF782FC002211464D
:107120004420FDF78DFC4420FDF77AFC0222032168
:107130004520FDF785FC4520FDF772FC0022114635
:107140004620FDF77DFC4620FDF76AFC08BD0000E7
:107150003038024000B5ADB008F0ACFC2422204924
:1071600024A8F9F744F924AA00211E4809F00AF8D6
:107170001D49086024221A4924311BA8F9F737F960
:107180001BAA0021194808F0FDFF194908602422B4
:107190001349483112A8F9F72AF912AA0021154813
:1071A00008F0F0FF1449086024220D496C3109A849
:1071B000F9F71DF909AA0021104808F0E3FF10496A
:1071C00008602422064990316846F9F710F96A46AA
:1071D00000210C4808F0D6FF0B4908602DB000BD17
:1071E000404A0108C57B0008980300205515000897
:1071F0009C030020DD160008A0030020FD270008E6
:10720000A4030020C5620008A803002000B587B0D1
:10721000142102A8F9F704F900BF002001904648A4
:10722000006840F02000444908600846006800F00B
:107230002000019000BF00BF00BF00200190084661
:10724000006840F0800008600846006800F0800098
:10725000019000BF00BF00BF0020019008460068F9
:1072600040F0040008600846006800F00400019047
:1072700000BF00BF00BF002001900846006840F03A
:10728000010008600846006800F00100019000BF9E
:1072900000BF00BF002001900846006840F00200D7
:1072A00008600846006800F00200019000BF00BFBF
:1072B00000BF002001900846006840F00800086008
:1072C0000846006800F00800019000BF00BF00BF42
:1072D000002001900846006840F040000860084621
:1072E000006800F04000019000BF00BF01224FF491
:1072F000A0711248FDF7EEFA012220211048FDF797
:10730000E9FA2020029001200390002004900590CB
:1073100002A90B48FDF7DEF903200290022003903A
:1073200000200490032005900920069002A905483A
:10733000FDF7D0F907B000BD30380240001402401C
:1073400000180240000C02400EB5C02083490870AE
:10735000A8204870012088700A20C870FF2080494A
:107360000870487088700020C870C0207D4908707F
:10737000A820487001208870C870002108460BF0D2
:107380009DF97648007800067449497840EA014042
:107390007249897840EA01207049C9780843020699
:1073A0006E48007800066D49497840EA01406B4913
:1073B000897840EA01206949C978084300F47F4090
:1073C00042EA00226548007800066449497840EAAC
:1073D00001416248807841EA00206049C978084349
:1073E00000F47F0042EA10225C48007801065B4806
:1073F000407841EA00415948807841EA00205749E5
:10740000C978084342EA1060574908605448007838
:1074100000065349497840EA01405149897840EAD9
:1074200001204F49C978084302064D4800780006FC
:107430004B49497840EA01404949897840EA0120AE
:107440004749C978084300F47F4042EA0022444893
:10745000007800064249497840EA01414048807876
:1074600041EA00203E49C978084300F47F0042EA1F
:1074700010223B48007801063948407841EA004133
:107480003748807841EA00203549C978084342EA04
:107490001060364908603348007800063149497861
:1074A00040EA01402F49897840EA01202D49C978F6
:1074B000084302062B48007800062A49497840EA2A
:1074C00001402849897840EA01202649C9780843C3
:1074D00000F47F4042EA0022224800780006214959
:1074E000497840EA01411F48807841EA00201D495F
:1074F000C978084300F47F0042EA10221948007856
:1075000001061848407841EA00411648807841EA6F
:1075100000201449C978084342EA10601449086001
:10752000144815490022124BCDE9002102900F4A60
:107530000D49124807F01AFF104807F0CDFF0F4819
:1075400090F82B00C0F3800018B10C4808F00EF83A
:1075500002E00A4807F0C6FF0EBD0000E00300206D
:10756000E4030020E8030020D4030020D803002017
:10757000DC030020B528010839C30008B04300200F
:1075800010B50B480B4908604FF4E130486000210A
:1075900008488160C16001610C2141610021816165
:1075A000C161FEF741F908B1F9F788FF10BD00008D
:1075B00000100140980D002010B50B480B490860E1
:1075C0004FF461304860002108488160C16001616A
:1075D0000C21416100218161C161FEF725F908B1EB
:1075E000F9F76CFF10BD000000480040180E0020A5
:1075F00000BFFEE77047000030B589B005460C4675
:10760000002001900290012000900020059006903B
:1076100005F00F0040F4C06003900820079023207D
:107620008DF804007A208DF8050060208DF80600A2
:10763000E0B28DF80800200A8DF80900200C8DF8C2
:107640000A00200E8DF80B006B4601AA03A9024820
:10765000FBF76DFB09B030BDD409002030B589B00F
:1076600005460C4600200190029001200090002069
:107670000590069005F00F0040F4C06003900820CC
:10768000079023208DF804007A208DF805006020F3
:107690008DF80600E0B28DF80800200A8DF8090088
:1076A000200C8DF80A00200E8DF80B006B4601AA05
:1076B00003A90E48FBF73BFB0D4903C9CDE90101C6
:1076C0006B4601AA03A90948FBF731FB012008F02A
:1076D000BBF9084903C9CDE901016B4601AA03A919
:1076E0000248FBF724FB09B030BD0000D40900209C
:1076F00038010020300100200021072828D2DFE8CF
:1077000000F027040B1912272000134A526B12684D
:107710005268C2F146011DE0104A526B126852686D
:10772000C2F1460116E00E4A526B12685268C2F16D
:1077300046010FE00B4A526B12685268C2F14601D3
:1077400008E0094A526B12685268C2F1460101E032
:10775000002100BF00BF7047980D0020D80D002009
:10776000580E0020180E0020980E002000B589B099
:10777000002001900290012000900420059000203C
:1077800006900C4804900420079003208DF8040014
:1077900000208DF80500B0208DF806000C208DF833
:1077A00007006B4601AA03A90348FBF7C0FA09B01A
:1077B00000BD000010010200AC09002000B587B038
:1077C00000BF00200190B548006840F02000B34998
:1077D00008600846006800F02000019000BF00BF6C
:1077E00040200290032003900020049002A9AC489E
:1077F000FCF770FF00BF00200190A848006840F02F
:107800002000A64908600846006800F020000190AA
:1078100000BF00BF8020029003200390002004904E
:1078200002A99F48FCF756FF00BF002001909B482B
:10783000006840F02000994908600846006800F0A0
:107840002000019000BF00BF881502900320039024
:107850000020049002A99248FCF73CFF00BF0020E2
:1078600001908E48006840F020008C49086008466E
:10787000006800F02000019000BF00BF4815029092
:10788000032003900020049002A98548FCF722FF02
:1078900000BF002001908148006840F004007F494B
:1078A00008600846006800F00400019000BF00BFB7
:1078B00001200290032003900020049002A979483F
:1078C000FCF708FF00BF002001907448006840F0FA
:1078D0000400724908600846006800F00400019046
:1078E00000BF00BF042002900320039000200490FA
:1078F00002A96C48FCF7EEFE00BF0020019067482B
:10790000006840F00400654908600846006800F01F
:107910000400019000BF00BF0820029003200390E4
:107920000020049002A95F48FCF7D4FE00BF0020AD
:1079300001905A48006840F0010058490860084624
:10794000006800F00100019000BF00BF102002900D
:10795000032003900020049002A95348FCF7BAFECC
:1079600000BF002001904D48006840F001004B49E5
:1079700008600846006800F00100019000BF00BFE9
:1079800020200290032003900020049002A9464882
:10799000FCF7A0FE00BF002001904048006840F0C6
:1079A00001003E4908600846006800F001000190AF
:1079B00000BF00BF402002900320039000200490ED
:1079C00002A93948FCF786FE00BF00200190334829
:1079D000006840F00200314908600846006800F085
:1079E0000200019000BF00BF01200290032003901D
:1079F0000020049002A92D48FCF76CFE00BF002077
:107A000001902648006840F00200244908600846BA
:107A1000006800F00200019000BF00BF0220029049
:107A2000032003900020049002A92048FCF752FE96
:107A300000BF002001901948006840F0010017497C
:107A400008600846006800F00100019000BF00BF18
:107A500001200290032003900020049002A9124804
:107A6000FCF738FE00BF002001900C48006840F091
:107A700001000A4908600846006800F00100019012
:107A800000BF00BF08200290032003900020049054
:107A900002A90548FCF71EFE07B000BD30380240C1
:107AA00000140240000802400000024000040240AE
:107AB00008B500BF002000903848006840F48000FE
:107AC000364908600846006800F48000009000BF56
:107AD00000BF334833490860002132488160C160EB
:107AE0004FF4806101614900416189008161491160
:107AF000C1614902016200214162012181620021CC
:107B0000C16201630020274948600846FCF740F83D
:107B10000A23254A25492348FCF7B0F800BF002076
:107B200000901E481430006840F480701B491431E6
:107B300008600846006800F48070009000BF00BF35
:107B40001A484C381A4908604FF4803048600021C8
:107B500017488160012101610176002180F8201021
:107B60004162C162C1600A21C161012180F8301007
:107B700000214161FAF7CEFF00200E490860012084
:107B8000486000208860C8600948FAF7F9FE0122C1
:107B900005490748FAF7F4FF08BD000030380240F5
:107BA00010640240F4080020E00800204C2001404E
:107BB000540900209C09002010B5FFF7FFFDFFF7D6
:107BC00077FF10BDBEB01F2124A8F8F729FCF848A4
:107BD000006823900025042022904FF47A784FF01B
:107BE000000900201F90209021901C901D901E9055
:107BF00000BF3E210CA8F8F713FCED48001D0068FB
:107C00000B90282101A8F8F70BFCE9480830006820
:107C10000090002600BF00BF00274FF0640AAB466B
:107C20000024E448006820F02000E2490860322087
:107C300007F00AFF00BF4622DF492CA8F8F7D7FB60
:107C4000082003F023FA012007F0FEFE092003F0CC
:107C50001DFA0025002415E02CA8005D0F280FD187
:107C60002CA80119232223A8F8F7C1FB012404E062
:107C700023A8005D4540601CC4B2222CF8DB03E061
:107C8000601CC4B2242CE7DB00BF9DF8AE00A84204
:107C900040D19DF8AD0022909DF88E009DF88D108A
:107CA00000EB0120C54948809DF88F004FF4FA6130
:107CB000A1EB00209DF89010401AC04908809DF863
:107CC00096009DF8951000EB01201FFA80F8B8F59A
:107CD000E16F04D14FF47A70B849488006E0B8F1FA
:107CE000C80F03D14FF47A70B4490880B3480088B4
:107CF000C8280DDBB1484088C82809DBAF48008898
:107D0000B0F5E16F04DCAD484088B0F5E16F01DD0E
:107D100004202290AA4890ED000AB8EEC00ADFEDD8
:107D2000A90A20EE200AA84880ED000AA44890ED98
:107D3000010AB8EEC00ADFEDA30A20EE200AA3482C
:107D400080ED000A0AF0CCF9229890B99B4803F024
:107D50004BF99F480168082003F0ACF9012007F0B7
:107D600073FE9B484168092003F0A4F94FF0000915
:107D700029E09848B0F904000A2812DA954803F07F
:107D800033F993480168082003F094F9012007F0C3
:107D90005BFE8F484168092003F08CF94FF0000921
:107DA00011E0B9F1030F0EDC0021082003F082F985
:107DB000012007F049FE0021092003F07BF909F1B9
:107DC000010000F0FF09A825422283490BA8F8F71B
:107DD0000EFB002417E00BA8005D552811D10BA95C
:107DE000601C085C53280CD10BA8204401681C912E
:107DF00041681D910189ADF87810807A8DF87A007C
:107E000003E0601CC4B2392CE5DB00BF022405E0AE
:107E10001CA8005D2844C5B2601CC4B20A2CF7DB64
:107E20009DF87A00A84240D19DF872009DF8731029
:107E300040EA012000EE100AF8EEC00A9FED671A32
:107E400080EE810ADFED660A20EE200A654880EDAB
:107E5000000A9DF874009DF8751040EA012000EEBC
:107E6000100AB8EEC00A9FED5D1AC0EE010A9FED40
:107E70005C0A20EE800A5C4880ED000A9DF87600DE
:107E80009DF8771040EA012000EE100AF8EEC00AD3
:107E90009FED521A80EE810ADFED510A20EE200A92
:107EA000524880ED000A03F00BF85148008800EEBC
:107EB000100AB8EE400ADFED4F0A80EE201A9FED5F
:107EC0004E0A21EE000A4D4880ED000A90ED000AAE
:107ED000DFED4B0A20EE200ABCEEC00A10EE100ABD
:107EE0004849088048480068B0F5C86F4AD94648F4
:107EF000006840F27261884202D14FF47A772CE038
:107F00004148006840F27261884208D93E480068E2
:107F100040F2A461884202D840F24C471DE03A4842
:107F2000006840F2A461884207D937480068B0F57C
:107F3000E16F02D840F214570FE033480068B0F503
:107F4000E16F08D93048006840F26C71884202D86D
:107F500040F2DC5701E040F2DC57B7F5167F01DC58
:107F60004FF4167740F2A460874200DB07462548AD
:107F70000088C01BB0F5FA7F12DD40F2DC502249C8
:107F800008600DE020480068B0F5AF6F08D21D48CA
:107F9000008840F6B831884202DB48101A49086070
:107FA0001A480078012833D14FF0640A37E0000006
:107FB000344A0108141802405E0B002078000020AB
:107FC0008C0000207A0D6A3944000020480000200F
:107FD0004C0000207C020020720C002000000047B2
:107FE0000000344354000020580000205C000020B2
:107FF000E008002000008045333353403C07002058
:1080000000101B456E0000203C0400407902002057
:108010001748007818B90AF1010000F0FF0ABAF118
:108020008C0F01DB4FF0640ABBF1140F04D14FF049
:10803000000B00200E490870132E06D10D48006871
:1080400020F020000B49086008E0142E06D100261D
:108050000848006840F02000064908600BF1010064
:1080600000F0FF0B701CC6B2312007F0EDFCE2E51A
:10807000790200201418024000B589B00AA00068F7
:1080800002900120019004200590002006900748EE
:1080900004900420079001AB02AA03A90448FAF750
:1080A00046FE09B000BD00001000AC001001020047
:1080B000AC09002010B50446072C23D2DFE804F0F9
:1080C00022040A1016221C0046221049104801F012
:1080D0005FFA18E046220F490F4801F059FA12E002
:1080E00042220E490E4801F053FA0CE02C220D49B1
:1080F0000D4801F04DFA06E046220C490C4801F00B
:1081000047FA00E000BF00BF012010BD5E0B002059
:10811000980D0020EA0B0020D80D0020720C0020E2
:10812000180E0020E00C0020580E0020520D0020F8
:10813000980E002010B50146002200200EE08B5C56
:10814000392B09DC8B5C302B06DB8B5C00EB80046D
:1081500003EB4403A3F13000531CDAB28B5C2C2BED
:10816000EDD110BD10B500BF502080F31188BFF3D2
:108170004F8FBFF36F8F00BF0CF0CAF918B14FF0EB
:1081800080500449086000BF002080F3118800BFC0
:1081900010BD000004ED00E000B593B0302107A849
:1081A000F8F73EF9142102A8F8F73AF900BF0020C9
:1081B00001902448006840F0805022490860084639
:1081C000006800F08050019000BF00BF00BF002099
:1081D00001901D48006840F480401B490860084633
:1081E000006800F48040019000BF00BF01200790AC
:1081F0000004089002200D9041050E9119210F9165
:108200004FF4A8711091022111910421129107A835
:10821000FCF7CAFD08B1F9F751F90F2002900220CE
:108220000390002004904FF4A05005904FF480502C
:108230000690052102A8FCF755FC08B1F9F73EF9B4
:1082400013B000BD4038024000700040054800688F
:1082500040F47000034908604FF000600149803924
:108260000860704788ED00E000B587B0142102A8CF
:10827000F8F7D6F800BF002001901648006840F0DB
:108280000400144908600846006800F004000190EA
:1082900000BF00BF012280210F48FCF71BFB4FF4F9
:1082A000507002900220039000200490022005905C
:1082B000069002A90848FCF70DFA802002900120E0
:1082C000039000200490059002A90348FCF702FAED
:1082D00007B000BD303802400008024008B500BFBA
:1082E000002000902848006840F0020026490860FD
:1082F0000846006800F00200009000BF00BF23485D
:108300002349086040F6B7312148C1605320204915
:10831000486000211E48016181604161FDF70BF951
:1083200060201C49086040F6B83048600220886030
:1083300000221748FDF77BF8002016494860042208
:108340001348FDF774F840F2DC50124948600822E7
:108350000F48FDF76CF840F6B8300E4948600C2223
:108360000B48FDF764F800210948FDF701F90421E5
:108370000748FDF7FDF808210548FDF7F9F80C213D
:108380000348FDF7F5F808BD4038024000040040FE
:108390003C0A00207C0A002010B5FFF765FFFFF7BC
:1083A0009DFF00F003F800F02BF810BD00B587B07A
:1083B000142102A8F8F734F800BF002001900E48FD
:1083C000006840F008000C4908600846006800F0AA
:1083D0000800019000BF00BF4FF4704002900220DF
:1083E00003900020049002200590069002A9034803
:1083F000FCF770F907B000BD30380240000C0240B5
:1084000008B500BF002000902948006840F0040033
:10841000274908600846006800F00400009000BF8B
:1084200000BF24482449086040F6B7312248C160A3
:1084300053202149486000211F480161816041614A
:10844000FDF779F860201D4908604FF461704860BD
:108450000220886000221848FCF7E9FF40F2DC5057
:108460001649486004221448FCF7E1FF40F2DC5052
:108470001249486008221048FCF7D9FF4FF4617098
:108480000E4948600C220C48FCF7D1FF00210A4835
:10849000FDF76EF804210848FDF76AF80821064840
:1084A000FDF766F80C210448FDF762F808BD0000EE
:1084B00040380240000800403C0A00207C0A0020AE
:1084C00010B50248FCF7E7FE10BD0000FC090020D3
:1084D00010B50268294B98420ED0B0F1804F0BD0F6
:1084E000274B984208D0274B984205D0264B9842FC
:1084F00002D0264B984203D122F070024B681A43F7
:108500001E4B984220D0B0F1804F1DD01C4B98429A
:108510001AD01C4B984217D01B4B984214D01B4BBF
:10852000984211D01A4B98420ED01A4B98420BD059
:10853000194B984208D0194B984205D0184B9842D5
:1085400002D0184B984203D122F44072CB681A43F0
:1085500022F080034C6943EA040202608B68C36224
:108560000B688362054B984202D0084B984201D1B8
:108570000B6903630123436110BD0000000001404B
:108580000004004000080040000C004000040140CE
:1085900000400140004401400048014000180040F4
:1085A000001C00400020004030B501F01F050124F0
:1085B00004FA05F3046A9C430462046A01F01F058F
:1085C00002FA05F52C43046230BD000030B5056A9F
:1085D00025F001050562026A4368846924F070048D
:1085E00024F003040D682C4322F002028D682A4314
:1085F000104DA84200D103E00F4DA84206D100BFA4
:1086000022F00802CD682A4322F00402094DA84254
:1086100002D0094DA84207D123F4807323F40073DC
:108620004D692B438D692B43436084614D684563DD
:10863000026230BD000001400004014030B5056A0F
:1086400025F010050562026A4368846924F4E04459
:1086500024F440740D6844EA052422F020028D6859
:1086600042EA0512124DA84200D103E0114DA84282
:1086700007D100BF22F08002CD6842EA051222F045
:1086800040020B4DA84202D00A4DA84209D123F462
:10869000806323F400634D6943EA85038D6943EAEF
:1086A0008503436084614D688563026230BD0000CC
:1086B000000001400004014030B5056A25F48075D2
:1086C0000562026A4368C46924F0700424F003045C
:1086D0000D682C4322F400728D6842EA0522124D87
:1086E000A84200D103E0114DA84207D100BF22F4F7
:1086F0000062CD6842EA052222F480620A4DA84257
:1087000002D00A4DA84209D123F4805323F4005328
:108710004D6943EA05138D6943EA05134360C4615B
:108720004D68C563026230BD000001400004014095
:1087300030B5056A25F480550562036A4468C2694C
:1087400022F4E04222F440720D6842EA052223F44A
:1087500000538D6843EA0533084DA84202D0084D06
:10876000A84204D124F480444D6944EA851444604D
:10877000C2614D680564036230BD00000000014025
:108780000004014000B589B0002001900290012052
:108790000090002005900690039002200790822010
:1087A0008DF804000A208DF805006B4601AA03A984
:1087B0005748FAF7BCFA052007F046F940F20A607C
:1087C000039008200790534903C9CDE901016B4686
:1087D00001AA03A94E48FAF7AAFA052007F034F9CE
:1087E0004D4903C9CDE901016B4601AA03A94848D7
:1087F000FAF79DFA052007F027F9484903C9CDE9A2
:1088000001016B4601AA03A94148FAF790FA052035
:1088100007F01AF9424903C9CDE901016B4601AAE3
:1088200003A93B48FAF783FA052007F00DF93D4903
:1088300003C9CDE901016B4601AA03A93448FAF73F
:1088400076FA052007F000F9374903C9CDE901019F
:108850006B4601AA03A92E48FAF769FA052007F02A
:10886000F3F8324903C9CDE901016B4601AA03A916
:108870002748FAF75CFA052007F0E6F82C4903C907
:10888000CDE901016B4601AA03A92148FAF74FFA85
:10889000052007F0D9F8274903C9CDE901016B4646
:1088A00001AA03A91A48FAF742FA052007F0CCF802
:1088B000214903C9CDE901016B4601AA03A9144866
:1088C000FAF735FA052007F0BFF81C4903C9CDE9CE
:1088D00001016B4601AA03A90D48FAF728FA052001
:1088E00007F0B2F8002003900220079001208DF8D5
:1088F00004000A208DF805006B4601AA03A904486C
:10890000FAF715FA052007F09FF809B000BD00003E
:10891000D40900204001002048010020500100201F
:1089200070010020780100208001002088010020D3
:1089300090010020A0010020A8010020B00100202B
:1089400000B589B000200190029001200090002025
:108950000590069003900220079082208DF8040075
:108960000B208DF805006B4601AA03A95748FAF7BA
:10897000DEF9022007F068F840F20B60039008204F
:108980000790534903C9CDE901016B4601AA03A928
:108990004E48FAF7CCF9022007F056F84D4903C9C2
:1089A000CDE901016B4601AA03A94848FAF7BFF9CE
:1089B000022007F049F8484903C9CDE901016B4697
:1089C00001AA03A94148FAF7B2F9022007F03CF8DE
:1089D000424903C9CDE901016B4601AA03A93B48FD
:1089E000FAF7A5F9022007F02FF83D4903C9CDE9B0
:1089F00001016B4601AA03A93448FAF798F902204D
:108A000007F022F8374903C9CDE901016B4601AAF5
:108A100003A92E48FAF78BF9022007F015F832491E
:108A200003C9CDE901016B4601AA03A92748FAF75A
:108A30007EF9022007F008F82C4903C9CDE90101AD
:108A40006B4601AA03A92148FAF771F9022006F042
:108A5000FBFF274903C9CDE901016B4601AA03A920
:108A60001A48FAF764F9022006F0EEFF214903C91B
:108A7000CDE901016B4601AA03A91448FAF757F999
:108A8000022006F0E1FF1C4903C9CDE901016B4654
:108A900001AA03A90D48FAF74AF9022006F0D4FF0B
:108AA000002003900220079001208DF804000B2085
:108AB0008DF805006B4601AA03A90448FAF737F9B7
:108AC000022006F0C1FF09B000BD0000D40900205B
:108AD00040010020480100205801002070010020C2
:108AE00078010020800100208801002090010020F2
:108AF000A0010020A8010020B801002000B589B025
:108B00000020019002900120009000200590069026
:108B100003900220079082208DF804000C208DF82D
:108B200005006B4601AA03A95748FAF700F902208D
:108B300006F08AFF40F20C6003900820079053492A
:108B400003C9CDE901016B4601AA03A94E48FAF712
:108B5000EEF8022006F078FF4D4903C9CDE9010186
:108B60006B4601AA03A94848FAF7E1F8022006F08B
:108B70006BFF484903C9CDE901016B4601AA03A96E
:108B80004148FAF7D4F8022006F05EFF424903C9D3
:108B9000CDE901016B4601AA03A93B48FAF7C7F8E2
:108BA000022006F051FF3D4903C9CDE901016B46A2
:108BB00001AA03A93448FAF7BAF8022006F044FFE4
:108BC000374903C9CDE901016B4601AA03A92E4823
:108BD000FAF7ADF8022006F037FF324903C9CDE9B4
:108BE00001016B4601AA03A92748FAF7A0F8022061
:108BF00006F02AFF2C4903C9CDE901016B4601AA01
:108C000003A92148FAF793F8022006F01DFF27492F
:108C100003C9CDE901016B4601AA03A91A48FAF775
:108C200086F8022006F010FF214903C9CDE90101B1
:108C30006B4601AA03A91448FAF779F8022006F056
:108C400003FF1C4903C9CDE901016B4601AA03A931
:108C50000D48FAF76CF8022006F0F6FE00200390AB
:108C60000220079001208DF804000C208DF80500EB
:108C70006B4601AA03A90448FAF759F8022006F046
:108C8000E3FE09B000BD0000D4090020400100202F
:108C900048010020600100207001002078010020C0
:108CA000800100208801002090010020A001002008
:108CB000A8010020C001002000B589B0002001906B
:108CC0000290012000900020059006900390022061
:108CD000079082208DF804000D208DF805006B466A
:108CE00001AA03A95748FAF722F8022006F0ACFEC1
:108CF00040F20D60039008200790534903C9CDE965
:108D000001016B4601AA03A94E48FAF710F80220A8
:108D100006F09AFE4D4903C9CDE901016B4601AA4F
:108D200003A94848FAF703F8022006F08DFE4849E7
:108D300003C9CDE901016B4601AA03A94148F9F72E
:108D4000F6FF022006F080FE424903C9CDE9010189
:108D50006B4601AA03A93B48F9F7E9FF022006F098
:108D600073FE3D4903C9CDE901016B4601AA03A980
:108D70003448F9F7DCFF022006F066FE374903C9E4
:108D8000CDE901016B4601AA03A92E48F9F7CFFFEF
:108D9000022006F059FE324903C9CDE901016B46B4
:108DA00001AA03A92748F9F7C2FF022006F04CFEEA
:108DB0002C4903C9CDE901016B4601AA03A9214849
:108DC000F9F7B5FF022006F03FFE274903C9CDE9B8
:108DD00001016B4601AA03A91A48F9F7A8FF02206E
:108DE00006F032FE214903C9CDE901016B4601AA13
:108DF00003A91448F9F79BFF022006F025FE1C4941
:108E000003C9CDE901016B4601AA03A90D48F9F791
:108E10008EFF022006F018FE00200390022007902B
:108E200001208DF804000D208DF805006B4601AA85
:108E300003A90448F9F77BFF022006F005FE09B0FC
:108E400000BD0000D409002040010020480100209E
:108E500068010020700100207801002080010020BE
:108E60008801002090010020A0010020A80100201E
:108E7000C801002000B589B00020019002900120B7
:108E8000009000200590069040F20A6003900820B0
:108E90000790074903C9CDE901016B4601AA03A95F
:108EA0000448F9F744FF022006F0CEFD09B000BDEA
:108EB000D0010020D409002000B589B00020019025
:108EC00002900120009000200590069040F20A6078
:108ED000039008200790074903C9CDE901016B46BB
:108EE00001AA03A90448F9F722FF022006F0ACFD0D
:108EF00009B000BDD8010020D409002010B50248F7
:108F0000FCF7A4FB10BD0000580E002070B505460C
:108F1000AC6B0020E085E0842046FCF795FB70BD3B
:108F200070B506460025B46B20684069C0F3C015D3
:108F300094F83900212805D125B10020E08420468D
:108F400000F059F820684069C0F3801594F83A00A1
:108F5000222805D125B10020E085204600F02BF81D
:108F6000E06B40F01000E0632046FCF76DFB70BD45
:108F700070B50546AC6B2868006800F48070B0B925
:108F80000020E0852068C06820F480702168C860F7
:108F90002068406920F0010021684861206840692C
:108FA00020F0400021684861202084F83A002046E3
:108FB000FCF79CFF70BD0168C96821F490710268DC
:108FC000D1600168496921F00101026851612021E5
:108FD00080F83A10704710B504462068C06820F049
:108FE00040002168C860202084F839002046FCF742
:108FF000ABFF002010BD0168C96821F0C001026804
:10900000D160202180F83910704770B5044694F87B
:109010003A0022284AD1A068B0F5805F13D1A56A32
:10902000206940B920684068C0F308002880A06A21
:10903000801CA06219E020684068C0B22880A06A45
:10904000401CA06211E0206938B920684068C1B2B4
:10905000A26A501CA062117007E02068406800F00E
:109060007F01A26A501CA0621170E08D401E80B288
:10907000E085C8B92068C06820F020002168C86079
:109080002068C06820F480702168C860206840694A
:1090900020F0010021684861202084F83A00204631
:1090A000FCF724FF002070BD0020FCE70220FAE757
:1090B0002DE9F84F04462068006920F44050E1682B
:1090C0000843216808612169A06808436169084371
:1090D000E169084300902068C06849F20C61884348
:1090E000009908432168C8602068406920F44070F6
:1090F000A169084321684861E069B0F5004F75D166
:10910000E3492068884203D0E249206888426FD151
:10911000FBF7E2FD814602206168A0FB01510B468E
:109120001920A9FB00712A463846F7F72FF9642168
:10913000B0FBF1F04FEA001A02206168A0FB015178
:109140000B461920A9FB00712A463846F7F71EF98D
:10915000074602206168A0FB01510B461920A9FBBC
:1091600000B12A465846F7F711F96421B0FBF1F037
:1091700000EBC00101EB0010A7EB8000322101EBF6
:10918000C0006421B0FBF1F000F0F8000AEB400AE7
:1091900002206168A0FB01510B461920A9FB007158
:1091A0002A463846F7F7F2F8074602206168A0FB26
:1091B00001510B461920A9FB00B12A465846F7F782
:1091C000E5F86421B0FBF1F000EBC00101EB001009
:1091D000A7EB8000322101EBC0006421B0FBF1F06D
:1091E00000F007005044216888604FE16EE0FFE71F
:1091F000FBF762FD814602206168A0FB01510B462E
:109200001920A9FB00712A463846F7F7BFF86421F8
:10921000B0FBF1F04FEA001A02206168A0FB015197
:109220000B461920A9FB00712A463846F7F7AEF81D
:10923000074602206168A0FB01510B461920A9FBDB
:1092400000B12A465846F7F7A1F86421B0FBF1F0C7
:1092500000EBC00101EB0010A7EB8000322101EB15
:10926000C0006421B0FBF1F000F0F8000AEB400A06
:1092700002206168A0FB01510B461920A9FB007177
:109280002A463846F7F782F8074602206168A0FBB5
:10929000015003461920A9FB00B12A465846F7F7AA
:1092A00075F86421B0FBF1F000EBC00101EB001098
:1092B000A7EB8000322101EBC0006421B0FBF1F08C
:1092C00000F00700504421688860DFE070492068A2
:1092D000884203D06F49206888426BD1FBF7FCFCC1
:1092E000814604206168A0FB01510B461920A9FBAF
:1092F00000712A463846F7F749F88246042061682B
:10930000A0FB01510B461920A9FB00712A463846E3
:10931000F7F73CF86421B0FBF1F000EBC00101EB82
:109320000010AAEB8000322101EB00106421B0FB99
:10933000F1F000F0F00A04206168A0FB0150034640
:109340001920A9FB00712A463846F7F71FF8642157
:10935000B0FBF1F00AEB001A04206168A0FB015198
:109360000B461920A9FB00712A463846F7F70EF87C
:10937000074604206168A0FB015003461920A9FBA1
:1093800000B12A465846F7F701F86421B0FBF1F026
:1093900000EBC00101EB0010A7EB8000322101EBD4
:1093A00000106421B0FBF1F000F00F005044216880
:1093B00088606BE0FBF780FC814604206168A0FBBD
:1093C000015003461920A9FB00712A463846F6F7DA
:1093D000DDFF824604206168A0FB0150034619208E
:1093E000A9FB00712A463846F6F7D0FF6421B0FB8E
:1093F000F1F000EBC00101EB0010AAEB800032217C
:1094000001EB00106421B0FBF1F000F0F00A042041
:109410006168A0FB015003461920A9FB00712A4690
:109420003846F6F7B3FF6421B0FBF1F00AEB001AFF
:1094300004206168A0FB017003461920A9FB0050BD
:1094400001463A462846F6F7A1FF07460420616820
:10945000A0FB015003461920A9FB00B12A4658463B
:10946000F6F794FF6421B0FBF1F000EBC00101EBD3
:109470000010A7EB8000322101EB00106421B0FB4B
:10948000F1F000F00F00504421688860BDE8F88FCB
:109490000010014000140140014691F839002128D4
:1094A0002CD18868B0F5805F0FD10A6A1088C0F3AC
:1094B00008000B685860086918B9086A801C0862BF
:1094C00009E0086A401C086205E00B6A581C086243
:1094D00018780B685860C88C401E80B2C88458B990
:1094E0000868C06820F080000B68D8600868C06811
:1094F00040F040000B68D860002070470220FCE775
:1095000010B507480068006800F01000102802D16C
:109510000348FCF745F90248FCF798F810BD000035
:10952000980D002010B507480068006800F0100092
:10953000102802D10348FCF733F90248FCF786F8FB
:1095400010BD0000D80D002010B507480068006865
:1095500000F01000102802D10348FCF721F902485E
:10956000FCF774F810BD0000180E002010B5074875
:109570000068006800F01000102802D10348FCF7D2
:109580000FF90248FCF762F810BD0000980E0020A9
:109590002DE9F04105460E4614464FF00108A2B2EF
:1095A00031462846FCF746FC07460FB14FF000084D
:1095B000B8F1000F02D00120BDE8F0810020FBE7E8
:1095C00000BFFEE70FB4054B10B503A9044A02988B
:1095D00001F0DAF810BC5DF814FB000025C40008A7
:1095E000EC0400200FB4084B10B504A902AA03989C
:1095F00001F0CAF8044602A9002001F05CFC2046F4
:1096000010BC5DF814FB0000B7AE000803B401986D
:109610004100009850EAC12018BF04204A0D18BF2D
:1096200040F0010040F2FF72B2EB515F08BF40F022
:109630000200012808BF052002B0704702480068F8
:10964000C0F30220704700000CED00E010B50028C8
:1096500004DB0A07130E054A135406E00A07140E2A
:10966000034A00F00F031B1FD45410BD00E400E0B8
:1096700018ED00E0EFF311807047EFF305807047BD
:10968000EFF310807047000070B59B482DED020B82
:109690002DED068B079D25F00044A04218DC97486D
:1096A000844202DC0AD1069840B19DED060BBDEC68
:1096B000068B02B0BDE8704000F05ABF002DCCBF51
:1096C0009FED8F0B9FED900BBDEC068B02B070BD34
:1096D0008F48A04215DD8F48A042D8BF4FF0FF341D
:1096E00058DD9DED060B51EC100BFFF78FFF0428A2
:1096F00008BF00F061FF9DED060BBDEC068B02B0CC
:1097000070BD9DED060B51EC100B02F07FFECDE914
:10971000060181489FED828BA0423CDD8248A04239
:109720001FDD00249FED82AB9DED060B53EC1A2B41
:1097300051EC100BF6F78CFE9DED060B41EC190B6E
:1097400053EC1A2B51EC100BF6F729FF53EC182BA6
:10975000F6F71FFF53EC192BF6F793FFCDE906013F
:1097600049E09DED060B012453EC182B51EC100B36
:10977000F6F76EFE9DED060B41EC190B53EC182B22
:1097800051EC100BF6F705FF53EC192BF6F779FFA8
:10979000CDE906012FE06848A0421FDD02249FEDBD
:1097A000689B9DED060B53EC192B51EC100BF6F753
:1097B000F6FE53EC182BF6F74BFE9DED060B41EC35
:1097C000180B53EC192B51EC100BF6F7E2FE53EC8F
:1097D000182BF6F756FFCDE906010CE09DED060BC0
:1097E000032453EC102B9FED580B51EC100BF6F7A4
:1097F00048FFCDE906019DED060B53EC102B51EC13
:10980000100BF6F7CCFE41EC180B53EC182BF6F7C7
:10981000C6FE41EC190B4E480621B0EE490AF0EEA7
:10982000690A784400F090FD53EC182B51EC100BB2
:10983000F6F7B5FE41EC180B4648B0EE490AF0EEDB
:10984000690A0521784400F07FFD53EC192B51EC97
:10985000100BF6F7A4FE41EC100B51EC180B53EC77
:10986000102B002C0EDAF6F7F3FD9DED061B53ECE2
:10987000112BF6F794FE9DED061B53EC112BF6F71A
:109880008BFE35E0F6F7E4FD9DED061B53EC112B46
:10989000F6F785FE41EC100B2F48784400EBC4002E
:1098A00090ED001B51EC100B53EC112BF6F771FEF1
:1098B0009DED061B53EC112BF6F76BFE41EC100BE4
:1098C0002648784400EBC40090ED001B51EC100BCF
:1098D00053EC112BF6F760FE41EC100B002DA2BFEC
:1098E000BDEC068B02B070BD51EC100B81F0004155
:1098F00041EC100B01E70000000010440000F07F75
:10990000182D4454FB21F93F182D4454FB21F9BF75
:109910000000DC3F0000203E0000F33F000000009C
:10992000000000000000F03F0000E63F00000000E3
:109930000000000000000040008003400000000024
:10994000000000000000F83F000000000000F0BF31
:1099500022BC0000D8BB000062BB00001ABB0000A4
:1099600070B56B4E2DED040B2DED028B82B0DDF842
:109970001CC0DDE905235C422CF000411C4341EA98
:10998000D474049D22F00040B44205D86C422C43AC
:1099900040EAD474B4420BD99DED061B9DED040B37
:1099A00002B0BDEC028B04B0BDE8704000F0EABD2F
:1099B000ACF14054A4F17F641C430BD0022404EAB0
:1099C000AC7444EAD27405439FED538B9FED542B46
:1099D00007D015E09DED040B51EC100B01F08EFA51
:1099E00042E0002C11BF012C9DED040B02B0BDEC38
:1099F000028B04BF04B070BD022C38D0032C3BD0C6
:109A00000B439FED491B9FED4A0B0AD0B14218D181
:109A1000B04209D121F0804120F0804007910590AB
:109A20000FE0002A15DA10E0434B7B44002C08BFFE
:109A300093ED000B0DD0012C10D0022C17D0032C6D
:109A40001AD0B0421DD1002A03DAB0EE410AF0EE7E
:109A5000610A02B0BDEC028B04B070BD93ED000B47
:109A600051EC100B81F0004141EC100BF1E7B0EE2E
:109A7000480AF0EE680AECE7B0EE420AF0EE620A3D
:109A8000E7E7401A00153C28C8BF8DED000B19DC34
:109A9000BCF1000FBEBF10F13C0F9FED290B8DED07
:109AA000000B0FDB9DED060B53EC102B9DED040B13
:109AB00051EC100BF6F7E5FD02F0A8FC01F01EFAE0
:109AC000CDE90001002C08BF9DED000BC1D0012C99
:109AD00010D0022C9FED1C0B53EC102B9DED000BB6
:109AE00051EC100B0DD0F6F754FD53EC182BF6F794
:109AF00050FDB9E7019880F0004001909DED000B0A
:109B0000A7E7F6F746FD53EC182BF6F745FDABE754
:109B10000000F07F00000000182D4454FB21094094
:109B2000182D4454FB2109C0182D4454FB21F9BFC2
:109B3000182D4454FB21F93F7ABA000000000000C0
:109B40000000000000000000075C143326A6A13CC2
:109B500010B52DED040B86B09DED060B10EE100A2E
:109B600010EE901A8DED000B002818BF012008435D
:109B700020F00040C0F17F6000F1E040C00F21D133
:109B80009DED080B10EE101A10EE900A8DED000BF3
:109B9000002918BF0121084320F00040C0F17F6078
:109BA00000F1E040C00F0DD129490798B1EB400FFB
:109BB00004BF0698002842D00998400004BF0898C6
:109BC00000283CD09DED080B53EC102B9DED060BAF
:109BD00051EC100BF6F798FFCDE902019DED020B59
:109BE00040F2FF7110EE900A8DED000B31EA10503B
:109BF00021D00798039900F0004001F0004188420D
:109C000019D09DED080B8DED040B9DED020B8DED34
:109C1000000B10EE900A059961F31E0005909DED72
:109C2000041B9DED020B51EC110B53EC102BF6F7BE
:109C3000B3FCCDE902019DED020B0AB010BD01207D
:109C400000F0DAFC0AB0BDE8104000F0A5BC00004E
:109C50000000E0FF0000000010B52F499FED2C1B15
:109C60002DED020B84B0059820F000408842DCBF47
:109C700000209DED040B32DD2849884209D104986B
:109C800040B94FF0010000F0B7FC00F085FC06B0D1
:109C900010BD05DB9DED040B00F06AFC06B010BDA5
:109CA00068469DED040B00F07BF810F0030011D026
:109CB000012818D09DED021B9DED000B02281AD043
:109CC00000F08AFA51EC100B81F0004106B041EC33
:109CD000100B10BD9DED021B9DED000B012000F04F
:109CE000AFFB06B010BD9DED021B9DED000B00F01B
:109CF00073FA06B010BD012000F0A2FB51EC100B6E
:109D000081F0004106B041EC100B10BD00000000D6
:109D10000000000000000000FB21E93F0000F07F90
:109D200000B52DED048BB0EE409AF0EE609A83B052
:109D300051EC190BF6F797FE41EC180B18EE100AD0
:109D400018EE901A8DED008B002818BF01200843F3
:109D500020F00040C0F17F6000F1E040C00F14D05F
:109D600019EE101A19EE900A8DED009B002918BF0C
:109D70000121084320F00040C0F17F6000F1E04085
:109D8000C00F04BF012000F037FCB0EE480A03B05A
:109D9000F0EE680ABDEC048B00BD0000000000007E
:109DA0002DE9F14F04462DED020B2DED088B8AB005
:109DB0009FEDE70B80ED020B139EE74826F0004570
:109DC00085420ADC9DED120B002084ED000B0AB0E9
:109DD000BDEC088B03B0BDE8F08FE0489FEDE0AB31
:109DE0009FEDE1BBA84247DDE14F9FEDE39B9FED77
:109DF000E48B9DED120B53EC1A2B51EC100B002E43
:109E00001CDDF6F7C6FB41EC100BBD4208D053EC4D
:109E10001B2B51EC100BF6F7BCFBC4E900010BE067
:109E200053EC192B51EC100BF6F7B3FB53EC182B3A
:109E3000F6F7AFFBC4E900010120C8E7F6F708FB1D
:109E400041EC100BBD4208D053EC1B2B51EC100B16
:109E5000F6F7FEFAC4E900010BE053EC192B51ECC4
:109E6000100BF6F7F5FA53EC182BF6F7F1FAC4E9F4
:109E700000014FF0FF30AAE7C348A84279DB9DED0F
:109E8000120B51EC100B02F0C1FA41EC180B9FEDD4
:109E9000C00B53EC102BF6F782FB9FEDBF1B53EC6E
:109EA000112BF6F7D5FAF6F76CFC0746F6F758FCD7
:109EB00041EC190B53EC1A2BF6F771FB53EC182BF2
:109EC000F6F76AFB41EC180B53EC1B2B51EC190B0A
:109ED000F6F765FBDFF8C8A241EC100B4FEA155806
:109EE0000125FA4453EC102B51EC180BF6F751FBFB
:109EF000032DC4E900013DD0C1F30A5005EB451123
:109F0000A8EB00001139814234DA0AEB051BB0EEF0
:109F100048AA9BED000BF0EE68AA53EC102B51EC15
:109F2000190BF6F73CFB41EC1B0B51EC1A0B53ECF5
:109F30001B2BF6F72EFB41EC180B51EC1A0B53ECD4
:109F4000182BF6F726FB53EC1B2BF6F722FB9BEDA9
:109F5000020B41EC1A0B53EC102B51EC190BF6F7DA
:109F60001EFB53EC1A2BF6F714FB41EC100B6D1C87
:109F7000B8E70EE0002EA8BF3846BFF628AF94ED34
:109F8000000B51EC100B81F00041C4E90001784254
:109F90001DE7C6F3130040F4801EC6F30A50A0F27A
:109FA000F530471100F01F05C5F12000DDF848B07D
:109FB00008900020069007900520EC467949002D76
:109FC00007EB0002794408BF51F8221009D051F87C
:109FD000223001EB8201AB404A68089922FA01F174
:109FE0001943A1FB0E26A1FB0B131A449A4234BF5E
:109FF0000123002303EB06080CEB8003D3E901A641
:10A000000E448E4234BF0121002192448A4411B192
:10A01000924502D903E0924501D2012100E00021DE
:10A02000C3E901A641444CF82010011EA0F1010033
:10A03000C4DC029800F10050850F0298DDE9036747
:10A040008000DDF81480F6F78BFB41EC1A0B3046EC
:10A05000F6F7C8FD9FED541B53EC112BF6F79FFA52
:10A0600041EC1B0B3846F6F7BDFD9FED511B53EC41
:10A07000112BF6F794FA41EC180B4046F6F7B2FDB7
:10A080009FED4D1B53EC112BF6F789FA41EC190BA0
:10A0900051EC180B53EC192BF6F7DAF953EC1B2B98
:10A0A000F6F7D6F953EC1A2BF6F7D2F9CDE90801F9
:10A0B000002008909DED080B53EC1A2B51EC100B6F
:10A0C000F6F767FA53EC1B2BF6F763FA53EC182BF1
:10A0D000F6F75FFA53EC192BF6F75EFA9FED381B93
:10A0E00053EC112BF6F75BFA9FED370B41EC180B95
:10A0F00053EC102B9DED080B51EC100BF6F74FFABB
:10A1000053EC182BF6F7A4F99FED310B41EC180B2B
:10A1100053EC102B9DED080B51EC100BF6F73FFAAA
:10A1200053EC182BF6F794F941EC100B139810F040
:10A13000004F06D06D4251EC100B81F0004141EC14
:10A14000100B284684ED000B41E6000000000000E3
:10A150000000000000000000FB21E93F7CD9024024
:10A1600000004054FB21F93F3163621A61B4D03DD5
:10A17000FB21F93F000000000000601A61B4D03DEF
:10A180007370032E8A19A33BFB21394100000000A4
:10A1900083C8C96D305FE43F000000000000E03F6D
:10A1A000CAB5000018B50000000000000000103E15
:10A1B000000000000000103C000000000000103A09
:10A1C000182D4454FB21F93D3326A611460B113CB2
:10A1D00000000054FB21F93D10B52DED040B2DEDD1
:10A1E000088B82B0B0EE419AF0EE619A0B9820F0A5
:10A1F00000449FED4BABB4F1795F11DA9DED0A0B92
:10A2000051EC100BF6F7BDFA002801BFB0EE4A0A78
:10A21000F0EE6A0A02B0BDEC088B04BF04B010BDBA
:10A220009DED0A0B53EC102B51EC100BF6F7B7F920
:10A2300041EC180B3C480621B0EE480AF0EE680AE3
:10A24000784400F081F853EC182B51EC100BF6F722
:10A25000A6F99DED0A0B41EC1B0B53EC192B51ECAD
:10A26000100BF6F79CF941EC190B53EC1B2B51EC3E
:10A27000180BF6F794F953EC192BF6F78AF99FEDC2
:10A280002C0B41EC190B53EC102B51EC180BF6F77F
:10A2900086F941EC100B2848844210DA53EC192B54
:10A2A00051EC100BF6F775F953EC1A2BF6F774F91D
:10A2B00041EC100B02B0BDEC088B04B010BD1F4880
:10A2C000A042BCBF9FED1E1B8DED001B06DBA4F55D
:10A2D00000100190002000909DED001B51EC100B30
:10A2E00053EC112BF6F755F99DED000B41EC180BD3
:10A2F00053EC102B51EC1A0BF6F74BF941EC1A0BFF
:10A3000053EC192B51EC180BF6F743F953EC1A2BBD
:10A31000F6F742F941EC100BCCE70000000000001A
:10A32000000000000000F03F34B200000000000018
:10A33000000000000000E03F3333D33F0000E93F5E
:10A34000000000000000D23F70B504462DED028BE6
:10A350004D1E00EBC500B0EE408AF0EE608A90ED35
:10A36000000B35F0060017D053EC182B51EC100BF6
:10A37000F6F715F941EC100B6D1E04EBC50090EDDE
:10A38000001B51EC100B53EC112BF6F761F841EC6C
:10A39000100B35F00600E7D1022D36D0042D1CD06D
:10A3A000062D1CBFBDEC028B70BD53EC182B51EC7D
:10A3B000100BF6F7F4F894ED0A1B53EC112BF6F79B
:10A3C00047F853EC182BF6F7EAF894ED081B53EC1A
:10A3D000112BF6F73DF841EC100B53EC182B51EC18
:10A3E000100BF6F7DCF894ED061B53EC112BF6F787
:10A3F0002FF853EC182BF6F7D2F894ED040B53EC2E
:10A40000102BF6F725F841EC100B53EC182B51EC00
:10A41000100BF6F7C4F894ED021B53EC112BF6F772
:10A4200017F853EC182BF6F7BAF894ED001B53EC21
:10A43000112BF6F70DF8BDEC028B41EC100B70BD43
:10A4400031B504462DED040B2DED0A8BB0EE41BA6B
:10A45000F0EE61BA0B989DED0A0B20F00040B0F1D0
:10A46000795F0DDA51EC100BFFF7D0F8042808BF24
:10A4700000F0A2F89DED0A0BBDEC0A8B05B030BDD3
:10A4800053EC102B51EC100BF6F789F841EC180B3C
:10A490009DED0A0B53EC182B51EC100BF6F77FF8DF
:10A4A00041EC190B2C48B0EE480AF0EE680A052181
:10A4B0007844FFF749FF9FED2ACBB0EE40AAF0EEBB
:10A4C00060AA9CB353EC1C2B51EC190BF6F767F800
:10A4D00041EC1C0B53EC1A2B51EC190BF6F75FF8FF
:10A4E0009FED210B41EC190B53EC102B51EC1B0B86
:10A4F000F6F755F853EC192BF6F74BF853EC182BED
:10A50000F6F74DF853EC1B2BF6F743F853EC1C2BE6
:10A51000F6F73FF89DED0A1B53EC112BF6F73CF8CC
:10A52000BDEC0A8B05B041EC100B30BDFFE753ECDE
:10A530001A2B51EC180BF6F732F853EC1C2BF5F7ED
:10A5400087FF53EC192BF6F72AF89DED0A1B53EC05
:10A55000112BF5F77DFFE3E7C4B000000000000019
:10A56000495555555555C5BF000000000000E03F56
:10A5700010B553EC102B51EC100BF5F769FF41ECC3
:10A58000100B10BD10B553EC112B51EC100BF5F75F
:10A590005FFF41EC100B10BD9FED050B10B553ECA8
:10A5A000102B51EC100BF6F76CF841EC100B10BDB2
:10A5B00000000000000000009FED050B10B553ECFB
:10A5C000102B51EC100BF5F7EAFF41EC100B10BD0E
:10A5D000000000000000001002E008C8121F08C1BF
:10A5E000002AFAD170477047002001E001C1121F14
:10A5F000002AFBD170470000014908607047000045
:10A60000F00400202DE9FF5F82B00021DDE9043075
:10A61000020DDDF840B0034318D044F61050A2F20A
:10A62000FF3242431514119801281FD0A5EB0B00EF
:10A63000401C5FEA000A4FF000064E4FDFF83891E9
:10A64000B046504615D5CAF1000413E01198012414
:10A650004AA3012801D16FEA0B010298119AC0E9BF
:10A660000031C0E9024206B0BDE8F09FCBF1000026
:10A67000DFE704460021404A491842EB0450CDE987
:10A68000001012E0E00707D032463B4640464946FC
:10A69000F5F785FF8046894632463B461046194607
:10A6A000F5F77DFF06460F466410002CEAD1DDE980
:10A6B0000401DDE90023BAF1000F06DAF5F76FFFB8
:10A6C00042464B46F5F76BFF05E0F5F7DAFF4246E9
:10A6D0004B46F5F7D6FF04460E460022284BF6F708
:10A6E000B3F803D84FF0FF30014607E00022254BB6
:10A6F00020463146F5F7ACFEF6F749FA102409E09A
:10A70000002C0ADB0A220023F5F740FE039B3032BF
:10A710001A55641E50EA0102F2D1641C039AC4F176
:10A7200011031444119A012A03D0012208430DD1C8
:10A730000AE0084304D000204FF0110B119072E79B
:10A74000A3EB0B056D1E0DE05B4504DD4FF0000231
:10A7500005F1010504E003DA4FF00002A5F101055F
:10A76000002AECD002981199C0E90231C0E90045F5
:10A7700079E70000000014400000F03F30000000C6
:10A780000000F0430000E03F2DE9FF4F95B09B46ED
:10A790008946064600250FE2252877D10024274662
:10A7A000F84A0121059400E0044316F8013F203BDC
:10A7B00001FA03F01042F7D130782A2811D06FF057
:10A7C0002F033078A0F13002092A16D8059A44F0F8
:10A7D000020402EB820203EB42021044761C059055
:10A7E000EFE759F8042B0592002A03DA504244F4AB
:10A7F0000054059044F00204761C30782E2816D1BF
:10A8000016F8010F44F004042A280DD06FF02F022F
:10A810003078A0F13003092B09D807EB870302EB4E
:10A820004303C718761CF3E759F8047B761C30788D
:10A830006C280FD006DC4C2817D068280DD06A2869
:10A8400014D104E0742810D07A280FD10DE044F41C
:10A8500000140AE044F4801401E044F440147278D7
:10A86000824202D104F58014761C761C307866286A
:10A870000BD013DC582877D009DC002875D0452888
:10A88000F6D04628F4D047281AD19DE118E0632875
:10A8900035D0642879D0652812D195E1702873D01D
:10A8A00008DC6728F1D069286FD06E280DD06F289A
:10A8B00006D1B5E073282CD0752875D0782874D0CF
:10A8C0005A46179990476D1C75E1C4F3025002284F
:10A8D00009D003280DD0D9F8001004280DD00D6040
:10A8E00009F1040967E1D9F80010EA17C1E900523B
:10A8F000F6E7D9F800100D80F2E70D70F0E719F8CF
:10A90000041B8DF8001000208DF80100EA4601209C
:10A9100003E059F804AB4FF0FF3061074FF000013E
:10A9200002D40DE008F101018846B9420FDA8045F2
:10A93000F8DB1AF808100029F4D108E008F1010149
:10A9400088468142FADB1AF808100029F6D10598EA
:10A950005B46A0EB080721463846179A00F094FAA8
:10A96000284400EB080507E04DE029E10DE01AF866
:10A97000010B5A4617999047B8F10108F7D25B4688
:10A9800021463846179A13E142E00A220092C4F3A6
:10A9900002524FF0000A022A08D059F804CB032AC9
:10A9A0004FEAEC710AD00DE029E02AE009F1070135
:10A9B00021F00702F2E802C1914609E00FFA8CFC8F
:10A9C0004FEAEC71042A03D14FFA8CFC4FEAEC7188
:10A9D000002907DA0A460021DCF1000C61EB0201D4
:10A9E0002D2202E0220504D52B228DF8042001221D
:10A9F00003E0E20701D02022F7E7904659E00A2160
:10AA000002E010220DE010214FF0000A00910BE04F
:10AA100010224FF0000A44F004040827009203E0DB
:10AA200008224FF0000A0092C4F30252022A05D015
:10AA300059F804CB0021032A08D009E009F10701E5
:10AA400021F00702F2E802C1914605E01FFA8CFCF2
:10AA5000042A01D10CF0FF0C4FF00008220728D582
:10AA6000702806D0009B83F0100353EA0A0305D038
:10AA70000EE040228DF80420012208E05CEA010289
:10AA800006D030228DF804208DF805000222904671
:10AA9000009B83F0080353EA0A030AD15CEA01022F
:10AAA00001D1620705D530228DF804204FF001084E
:10AAB0007F1E582804D034A003900EA802900DE009
:10AAC00036A0F9E753466046009AF5F75FFC8446E6
:10AAD0000398825C0298401E029002705CEA0100BA
:10AAE000F0D1029806A9081A00F1200A600702D5E1
:10AAF00024F4803400E00127574502DDA7EB0A006B
:10AB000000E0002000EB0A01009005984144401A43
:10AB10000590E00306D45B462146179A059800F09D
:10AB2000B3F90544002706E001A85A46C05D17990D
:10AB300090476D1C7F1C4745F6DBE0030CD55B4658
:10AB40002146179A059800F09FF9054404E030204B
:10AB50005A46179990476D1C0099481E009000298D
:10AB6000F5DC08E0029802995A460078491C0291E7
:10AB7000179990476D1CBAF10001AAF1010AF1DCA6
:10AB800065E10000092801003031323334353637B1
:10AB90003839616263646566000000003031323329
:10ABA00034353637383941424344454600000000C9
:10ABB00000F058F90544761C307800287FF4ECAD9D
:10ABC00019B02846BDE8F08F620700D4062709F1C6
:10ABD000070222F0070CFCE80223E14603F00048DC
:10ABE0005FEA080C02D00FF2702C0DE05FEA045C03
:10ABF00002D50FF2682C07E05FEAC47C02D00FF2A6
:10AC0000602C01E0AFF2700C4FF0FF3823F00043EE
:10AC1000CDF850C065280CD006DC452809D0462860
:10AC20001DD047283DD13DE0662818D067287ED149
:10AC300038E00021112F01DB112000E0781CCDE964
:10AC4000000106A90EA8FFF7DDFCDDE90F010E9A51
:10AC500003910021009207F1010A04914DE04FF0A9
:10AC600000400097CDE9011006A90EA8FFF7CAFC25
:10AC7000DDE90F0203920E9B11990022DDF80CA072
:10AC80000093049211B9791C00EB010AB7EB0A009A
:10AC900004D4C0F1FF3007F1010A0490AAEB0700C9
:10ACA000019044E0012F00DA01270021112F01DD7E
:10ACB000112000E03846CDE9000106A90EA8FFF7F3
:10ACC000A1FCDDE90F010E9A03910021049100928D
:10ACD000BA4621070CD40399514500DA8A46BAF1E5
:10ACE000010F05DD009AAAF10101515C302908D05D
:10ACF000B84202DA10F1040F06DA0121CDE90110A1
:10AD000015E0AAF10101E9E7002805DC04990144F6
:10AD10000491AAEB000102E0411C514500DD8A4686
:10AD20000499401A401C01904FF000400290200707
:10AD300004D40198504501DBCDF8048000208DF843
:10AD40004F0002980DF14F07B0F1004F25D02B2096
:10AD50000E9002984FF0020800280CDA4042029050
:10AD60002D200E9007E00A210298F5F7A1FD303161
:10AD7000029007F8011DB8F10001A8F10108F2DC0A
:10AD800002980028EFD1791E0E980870307800F0F4
:10AD9000200040F0450007F8020D12A8C01B00F18A
:10ADA00007081498007800B1012000EB0A0101980F
:10ADB00001EBE07105984144401A401E0590E00304
:10ADC00006D45B462146179A059800F05DF80544C5
:10ADD0001498007818B15A46179990476D1CE003F3
:10ADE00024D55B462146179A059800F04DF8054496
:10ADF0001CE00498002807DBDDE90301884203DD3D
:10AE00000098405C179901E0179930205A46904706
:10AE1000049805F10105401C04900198401E019022
:10AE200004D12E205A46179990476D1CBAF10001A3
:10AE3000AAF1010ADDDC05E017F8010B5A46179963
:10AE400090476D1CB8F10001A8F10108F4DC5B46E5
:10AE50002146179A0598ABE62D0000002B00000054
:10AE6000200000002DE9F041044600251E4617464B
:10AE7000880404D405E039462020B0476D1C641EC8
:10AE8000F9D52846BDE8F0812DE9F04104460025BA
:10AE90001E469046C80301D5302700E020278804CD
:10AEA00004D505E041463846B0476D1C641EF9D50F
:10AEB0002846BDE8F0810A68531C0B60107070478B
:10AEC00090ED000ADFED0B0AB4EEE00AF1EE10FAA5
:10AED00008DB90ED000ADFED080A30EEC00A80EDD5
:10AEE000000A05E090ED000AB1EE400A80ED000A8C
:10AEF00070470000000034430000B44310B541EC3B
:10AF0000100BFEF7C1FB51EC100B10BD30B50C0E51
:10AF100092F90050EBB25B1C5BB213704455C1F365
:10AF2000074492F90050EBB25B1C5BB213704455BE
:10AF3000C1F3072492F90050EBB25B1C5BB21370B3
:10AF4000445592F90050EBB25B1C5BB21370415553
:10AF500030BD10B5024691F900305B1CD35C91F90D
:10AF60000040145D43EA042318B20B789B1C5BB2CB
:10AF70000B7010BD10B5024691F90030D35C1C0671
:10AF800091F900305B1CD35C44EA034491F9003032
:10AF90009B1CD35C44EA032391F90040E41C145D3C
:10AFA00043EA04000B781B1D5BB20B7010BD10B59B
:10AFB000024691F90030D35C1C0691F900305B1C0D
:10AFC000D35C44EA034491F900309B1CD35C44EA0F
:10AFD000032391F90040E41C145D43EA04000B785C
:10AFE0001B1D5BB20B7010BD10B52DED048B82B034
:10AFF00004462188A1F57A70F5F7B2FB41EC190BF4
:10B000009FED1F0B53EC102BF5F7C9FA41EC180B11
:10B01000F5F7B7FB00906188A1F57A70F5F7A0FB12
:10B0200041EC190B9FED160B53EC102BF5F7B7FA0B
:10B0300041EC180BF5F7A5FB0190684602F02EFDD8
:10B040002088B0F57A7F0ADBDDE9000108440E496B
:10B050000860DDE90001401A0B49486009E0DDE9BC
:10B060000001401A08490860DDE90001084406496A
:10B070004860054802F01BFD02B0BDEC048B10BD1A
:10B080009A99999999D921404C00002038B50446E5
:10B0900007A000680090092C02D109208DF800005B
:10B0A00044F400600322694600F016F838BD000041
:10B0B000080004007CB504460D460020019001AA5A
:10B0C00029466846FFF722FF44F44070042269468F
:10B0D00000F002F87CBD000070B588B006460C4652
:10B0E0001546012001900396069504200490002047
:10B0F000059001AB224602A90248F7F718FE08B0F6
:10B1000070BD0000AC09002070B504462546686893
:10B11000804722460249286807F0B6F970BD000052
:10B1200009B10008016811F5AA7F06DB0168B1F5D5
:10B13000AA7F02DC0021016010E00168B1F5AA7F5E
:10B1400004DD0168A1F5AA71016007E0016811F54D
:10B15000AA7F03DA016801F5AA7101607047000057
:10B160002DE9F04104460D4600BF05F0030000281C
:10B1700008D000BF0BA34FF4CE7216A11DA0FEF79E
:10B1800021FA00BF00BF2E4607F096F80746A068D8
:10B1900000683060A0680660384607F099F8BDE89E
:10B1A000F08100002E2E2F4D6964646C657761720A
:10B1B00065732F54686972645F50617274792F4CA3
:10B1C0007749502F7372632F636F72652F6D656DB2
:10B1D000702E63006D656D705F667265653A206DF7
:10B1E000656D2070726F7065726C7920616C696733
:10B1F0006E656400417373657274696F6E202225F9
:10B200007322206661696C6564206174206C696ECC
:10B210006520256420696E2025730A0070B50546F7
:10B2200007F04AF80646A8680468002C16D0206883
:10B23000A968086000BF04F00300002808D000BF20
:10B2400009A34FF4A47214A11CA0FEF7BBF900BF20
:10B2500000BF304607F03CF8204670BD304607F08E
:10B2600037F80020F9E700002E2E2F4D6964646C3A
:10B270006577617265732F54686972645F5061729B
:10B2800074792F4C7749502F7372632F636F7265F7
:10B290002F6D656D702E63006D656D705F6D616CF7
:10B2A0006C6F633A206D656D702070726F7065729F
:10B2B0006C7920616C69676E656400004173736529
:10B2C0007274696F6E2022257322206661696C6535
:10B2D00064206174206C696E6520256420696E208D
:10B2E00025730A0070B50546002412E004EB440003
:10B2F000094901EBC000067D4EB104EB440001EBAF
:10B30000C0008068A84202D1204600F077F9601C96
:10B31000C4B20A2CEADB70BD88D800202DE9FE4FAC
:10B32000064688464FF00A09CA460A270024BB464B
:10B33000002002900190009000BF6BE004EB4400FD
:10B340006F4901EBC000057D0A2F02D10DB967B22C
:10B350005EE0002D5CD000BF012D0AD0022D08DA7E
:10B3600000BF68A340F2251274A184A0FEF72AF959
:10B3700000BF00BF5EB104EB4401614A02EBC101B2
:10B3800030684968884202D160B2BDE8FE8F012D65
:10B390002AD104EB44005A4951F8300088B104EB3B
:10B3A000440001EBC000418A0298814230DB4FFA31
:10B3B00084FB04EB4400524901EBC000408A029038
:10B3C00026E004EB44004E4901EBC000418A01989D
:10B3D00081421DDB4FFA84F904EB4400484901EB3C
:10B3E000C000408A019013E0022D11DB04EB440001
:10B3F000434901EBC000418A0098814208DB4FFAC3
:10B4000084FA04EB44003E4901EBC000408A0090FE
:10B41000601CC4B20A2C91DB08F0020020B90A2F8C
:10B4200005D108F0010010B94FF0FF30ADE70A2F49
:10B4300001DAFCB234E0BAF10A0F12DA0AF0FF04C2
:10B4400000BF04EB44002E4951F8300040B100BF6A
:10B450002CA340F26F1253A148A0FEF7B3F800BF2F
:10B460000EE0B9F10A0F02DA09F0FF0408E0BBF1BF
:10B470000A0F02DA0BF0FF0402E04FF0FF3084E71E
:10B4800000BF0A2C08DB00BF1EA340F281124BA1B3
:10B490003AA0FEF797F800BF00BF204600F0AEF8D4
:10B4A00000BF0A2C08DB00BF16A340F2851243A19F
:10B4B00032A0FEF787F800BF00BF00BF04EB4400D6
:10B4C0000F4901EBC000007D40B100BF0DA34FF458
:10B4D000C3723FA129A0FEF775F800BF00BF36B1C7
:10B4E00004EB4401064A02EBC101306848600020C9
:10B4F00004EB4401024A02EBC101488260B244E716
:10B5000088D800202E2E2F4D6964646C6577617297
:10B5100065732F54686972645F50617274792F4C3F
:10B520007749502F7372632F636F72652F6970763E
:10B53000342F6574686172702E63000073746174D7
:10B5400065203D3D204554484152505F535441547D
:10B55000455F50454E44494E47207C7C20737461C2
:10B560007465203E3D204554484152505F5354413C
:10B5700054455F535441424C45000000417373658C
:10B580007274696F6E2022257322206661696C6572
:10B5900064206174206C696E6520256420696E20CA
:10B5A00025730A006172705F7461626C655B695D2E
:10B5B0002E71203D3D204E554C4C000069203C2012
:10B5C0004152505F5441424C455F53495A45000037
:10B5D0006172705F7461626C655B695D2E7374612A
:10B5E0007465203D3D204554484152505F535441BD
:10B5F00054455F454D5054590000000010B50446B5
:10B6000004EB44000C4951F8300060B104EB4401F4
:10B61000094A52F8310005F097FA002004EB440182
:10B62000054A42F83100002004EB4401024A02EBD3
:10B63000C101087510BD000088D80020F0B587B0A2
:10B6400007460D4600BF002D0AD100BF2EA34FF4C0
:10B6500022723BA13EA0FDF7B5FF00BF07B0F0BDD1
:10B6600000BF7C682088B0F5807F08D1207906284B
:10B6700005D16079042802D16088082803D03846B3
:10B6800005F062FAEAE7D4F80E000690A06905908A
:10B69000686808B9002607E005986968884201D102
:10B6A000012000E0002006460EB1012000E002204B
:10B6B000034604F1080206A9284600F0A9FCE08828
:10B6C000B0F5807F03D0B0F5007F15D113E086B1CF
:10B6D000022206AB04F10800291DCDE90232CDE9B2
:10B6E000001005F1250302462131284600F03CFBFD
:10B6F00000E000BF01E000E000BF00BF384605F0F9
:10B7000023FA00BFAAE700002E2E2F4D6964646C57
:10B710006577617265732F54686972645F506172F6
:10B7200074792F4C7749502F7372632F636F726552
:10B730002F697076342F6574686172702E63000013
:10B740006E6574696620213D204E554C4C0000000A
:10B75000417373657274696F6E20222573222066AF
:10B7600061696C6564206174206C696E6520256474
:10B7700020696E2025730A002DE9FE4305460F4619
:10B780001446A14600BF002D08D100BF55A340F2CA
:10B790001B3262A165A0FDF715FF00BF00BF00BF0F
:10B7A00047B900BF4FA34FF447726AA15FA0FDF7EE
:10B7B00009FF00BF00BF00BF002C08D100BF49A394
:10B7C00040F21D3266A159A0FDF7FCFE00BF00BF8C
:10B7D0002946206801F051F810B1DFF8948176E035
:10B7E000207800F0F000E02816D101208DF8040048
:10B7F00000208DF805005E208DF80600607800F0CE
:10B800007F008DF80700A0788DF80800E0788DF8AB
:10B8100009000DF1040859E02068A9680840D5E93D
:10B820000112114088420ED0208880B24FF6A961E3
:10B83000884208D0E86810B105F10C0903E06FF008
:10B840000300BDE8FE834B48007800EB40004A4906
:10B8500001EBC000007D022812DB4649097801EBAC
:10B860004101454A02EBC101D9F80000496888420C
:10B8700006D1404802783946284600F07FF8E0E7D4
:10B8800000261BE006EB46003B4901EBC000007DB3
:10B89000022811DB06EB4601374A02EBC101D9F859
:10B8A00000004968884207D132490E70F2B2394629
:10B8B000284600F063F8C4E7701C46B20A2EE1DBAC
:10B8C0003A464946284600F00DF9BAE700BF4FF462
:10B8D0000060434605F1250239460090284600F0F5
:10B8E000A9FCAEE72E2E2F4D6964646C65776172FA
:10B8F00065732F54686972645F50617274792F4C5C
:10B900007749502F7372632F636F72652F6970765A
:10B91000342F6574686172702E6300006E657469FF
:10B920006620213D204E554C4C000000417373654C
:10B930007274696F6E2022257322206661696C65BE
:10B9400064206174206C696E6520256420696E2016
:10B9500025730A007120213D204E554C4C000000FB
:10B9600069706164647220213D204E554C4C00008A
:10B97000184B0108D804002088D80020F8B50546E7
:10B980000E46144600BF04EB4400314901EBC000F1
:10B99000007D022808DA00BF2EA34FF43B723BA1C2
:10B9A00046A0FDF70FFE00BF00BF04EB440028498E
:10B9B00001EBC000007D022839D104EB440001EB0B
:10B9C000C000408AB0F58E7F11DD04EB44000A46CA
:10B9D00002EBC000011D284600F08AFA38BB0320A4
:10B9E00004EB44011A4A02EBC10108751FE004EBA5
:10B9F0004400174901EBC000408AB0F5877F16DB91
:10BA000004EB44000B4603EBC00000F10C0204EB16
:10BA1000440003EBC000011D284600F075FA30B960
:10BA2000032004EB44010A4A02EBC10108754FF4FC
:10BA30000060009004EB4400054901EBC00000F1F8
:10BA40000C0305F125023146284600F0F3FBF8BD52
:10BA500088D800202E2E2F4D6964646C6577617242
:10BA600065732F54686972645F50617274792F4CEA
:10BA70007749502F7372632F636F72652F697076E9
:10BA8000342F6574686172702E6300006172705F9C
:10BA90007461626C655B6172705F6964785D2E735E
:10BAA00074617465203E3D204554484152505F53B7
:10BAB000544154455F535441424C450041737365B2
:10BAC0007274696F6E2022257322206661696C652D
:10BAD00064206174206C696E6520256420696E2085
:10BAE00025730A002DE9FC5F80460F46164608F1D3
:10BAF00025094FF0FF3001904FF0000A41463868A9
:10BB000000F0BBFE38B9387800F0F000E02802D031
:10BB10000FB1386818B96FF00F00BDE8FC9F4246BE
:10BB200001213846FFF7FAFB0446002C01DA2046D3
:10BB3000F3E704EB44005E4901EBC000007D78B9F7
:10BB40004FF0010A012004EB4401594A02EBC10104
:10BB5000087504EB4400114601EBC000C0F80880F2
:10BB600000BF04EB4400524901EBC000007D0128F6
:10BB70000FD004EB440001EBC000007D022808DA7E
:10BB800000BF4CA340F2C73258A162A0FDF71AFDD6
:10BB900000BF00BFBAF1000F00D13EB939464046A0
:10BBA00000F0A6F901900EB90198B6E700BF46B9BA
:10BBB00000BF40A340F2DB3260A156A0FDF702FDBA
:10BBC00000BF00BF04EB4400394901EBC000007D19
:10BBD000022812DB5C490C704FF40060009004EB0B
:10BBE0004400334901EBC00000F10C034A463146E2
:10BBF000404600F01FFB019058E004EB44002C4944
:10BC000001EBC000007D012850D14FF0000B3546FC
:10BC100017E000BF6889298988420AD1286840B1A5
:10BC200000BF24A34FF47B7248A13AA0FDF7CAFCE1
:10BC300000BF00BF287B012802D04FF0010B02E0BB
:10BC40002D68002DE5D100BFBBF1000F10D0298970
:10BC50000022022004F006FB05466DB1314628465D
:10BC600004F056FE40B1284604F06EFF002503E0C4
:10BC70003546284605F0FAF9A5B104EB44000C4915
:10BC800051F8300030B104EB4401094A52F8310058
:10BC900004F05AFF04EB4400054941F830500020FD
:10BCA000019002E04FF0FF30019000BF019834E7AF
:10BCB00088D800202E2E2F4D6964646C65776172E0
:10BCC00065732F54686972645F50617274792F4C88
:10BCD0007749502F7372632F636F72652F69707687
:10BCE000342F6574686172702E6300006172705F3A
:10BCF0007461626C655B695D2E7374617465203D6F
:10BD00003D2050454E44494E47206F7220535441C8
:10BD1000424C4500417373657274696F6E20222531
:10BD20007322206661696C6564206174206C696EA1
:10BD30006520256420696E2025730A007120213D4D
:10BD4000204E554C4C000000D80400206E6F20702F
:10BD500061636B65742071756575657320616C6CCA
:10BD60006F776564210000002DE9FC5F06460F46F1
:10BD700090469946DDE90CAB0020019000BF002EF3
:10BD800008D100BF30A34FF48B623DA140A0FDF766
:10BD900019FC00BF00BF00221C21022004F062FA3F
:10BDA00005461DB94FF0FF30BDE8FC9F00BF688914
:10BDB0001C2808DA00BF24A340F263423EA134A04D
:10BDC000FDF700FC00BF00BF6C680F9802F008F898
:10BDD000E08000BF96F82400062808D000BF1AA310
:10BDE00040F26A4241492AA0FDF7ECFB00BF00BFC8
:10BDF000D9F80000A060B9F80400A081DBF80000C9
:10BE0000C4F81200BBF80400E082DAF80000C4F8BD
:10BE10000E000E980068A0614FF48070208008200A
:10BE20006080062020710420607140F606004346C1
:10BE30003A4629460090304600F0FCF9284604F0C6
:10BE400083FE00250198AFE72E2E2F4D6964646CA8
:10BE50006577617265732F54686972645F506172AF
:10BE600074792F4C7749502F7372632F636F72650B
:10BE70002F697076342F6574686172702E630000CC
:10BE80006E6574696620213D204E554C4C000000C3
:10BE9000417373657274696F6E2022257322206668
:10BEA00061696C6564206174206C696E652025642D
:10BEB00020696E2025730A00636865636B207468CF
:10BEC00061742066697273742070627566206361A4
:10BED0006E20686F6C64207374727563742065746F
:10BEE000686172705F686472000000002856010883
:10BEF00070B504460D46034A2946204600F004F872
:10BF000070BD0000184B01087FB504460D4616466B
:10BF10000121074A201D04F125038DE82500039126
:10BF2000324619462046FFF71FFF04B070BD0000DF
:10BF30001E4B010870B5002465E004EB4400334952
:10BF400001EBC000057D002D5BD004EB440001EB4C
:10BF5000C000408A401C04EB44012C4A02EBC101A2
:10BF6000488204EB4400114601EBC000408AB0F562
:10BF7000967F0DDA04EB440001EBC000007D012840
:10BF80000AD104EB440001EBC000408A052803DB22
:10BF90002046FFF733FB34E004EB44001B4901EB80
:10BFA000C000007D032807D1042004EB4401174A98
:10BFB00002EBC101087524E004EB4400134901EBD6
:10BFC000C000007D042807D1022004EB44010F4A81
:10BFD00002EBC101087514E004EB44000B4901EBCE
:10BFE000C000007D01280CD104EB44020B4603EB9A
:10BFF000C202111D04EB440203EBC2029068FFF77A
:10C0000077FF601CC4B20A2C97DB70BD88D8002073
:10C010002DE9F84305460E461746984600BF95F8A9
:10C020002400062808D000BF2EA340F2AB123BA18B
:10C0300043A0FDF7C7FA00BF00BF5EB1306848B14A
:10C040002946306800F019FC20B9307800F0F00083
:10C05000E02803D16FF00F00BDE8F8832A4641467F
:10C060003046FFF75BF90446002C01DA2046F3E77F
:10C07000022004EB44013C4A02EBC101087504EBC9
:10C080004400114601EBC000856004EB440001EB65
:10C09000C0003968C160B9880182002004EB440106
:10C0A00002EBC101488204EB4400114651F8300014
:10C0B000B0B104EB440051F83090002004EB44018F
:10C0C00042F831004FF400603B4605F12502494635
:10C0D0000090284600F0AEF8484604F035FD00BF59
:10C0E0000020B9E72E2E2F4D6964646C657761726C
:10C0F00065732F54686972645F50617274792F4C54
:10C100007749502F7372632F636F72652F69707652
:10C11000342F6574686172702E6300006E657469F7
:10C12000662D3E6877616464725F6C656E203D3D8C
:10C13000204554485F4857414444525F4C454E00A7
:10C14000417373657274696F6E20222573222066B5
:10C1500061696C6564206174206C696E652025647A
:10C1600020696E2025730A0088D800202DE9F0414F
:10C1700004460F460E2660890E2800DC53E06568F1
:10C18000B5F80C80287800F00100B0B128780128BB
:10C1900009D1687888B9A8785E280ED1607B40F014
:10C1A0001000607309E0062221492846F4F743F99C
:10C1B00018B9607B40F008006073B8F1080F03D035
:10C1C000B8F5C16F2AD114E097F82B0000F00800F1
:10C1D00000B928E06089B04205DB704201B2204618
:10C1E00004F090FD00B11EE03946204600F0D0FC7E
:10C1F00015E097F82B0000F0080000B913E0608903
:10C20000B04205DB704201B2204604F07BFD00B174
:10C2100009E039462046FFF711FA00E003E000BFCD
:10C220000020BDE8F081204604F08EFC0020F8E7F5
:10C23000184B01082DE9F04705460E46174698466B
:10C24000DDF82090484601F0CBFD82460E213046B5
:10C2500004F058FD00B122E07468A4F80CA0D8F8EE
:10C2600000002060B8F80400A0803868C4F8060018
:10C27000B888608100BF95F82400062808D000BF68
:10C2800008A340F22B1215A121A0FDF79BF900BFD6
:10C2900000BF31462846AA699047BDE8F0876FF095
:10C2A0000100FAE72E2E2F4D6964646C6577617288
:10C2B00065732F54686972645F50617274792F4C92
:10C2C0007749502F7372632F6E657469662F65749A
:10C2D0006865726E65742E63000000006E65746997
:10C2E000662D3E6877616464725F6C656E206D7563
:10C2F0007374206265203620666F722065746865ED
:10C30000726E65745F6F7574707574210000000043
:10C31000417373657274696F6E20222573222066E3
:10C3200061696C6564206174206C696E65202564A8
:10C3300020696E2025730A0010B5044600BF44B979
:10C3400000BF0CA340F2212211A115A0FDF73AF97C
:10C3500000BF00BF732084F82C0074212D200155EC
:10C36000194860611948A061204601F0A9FB00202E
:10C3700010BD00002E2E2F4C5749502F546172676C
:10C3800065742F65746865726E657469662E6300E6
:10C390006E6574696620213D204E554C4C000000AE
:10C3A000417373657274696F6E2022257322206653
:10C3B00061696C6564206174206C696E6520256418
:10C3C00020696E2025730A0079B70008F9DC00089F
:10C3D0000646354600BF4FF0FF310B48006803F0BA
:10C3E000BDFD0028F7D100BF284601F003FC04463C
:10C3F0003CB1294620462A69904710B1204604F0F6
:10C40000A3FB002CF0D1E6E7D003002082B0CDE9F9
:10C41000000121F0004001909DED000B02B051ECB5
:10C42000100B704738B504468DF8000069460320AC
:10C43000ABBE204638BD00000FB410B5099C0020EB
:10C44000214A039991421AD100210391A078E17801
:10C4500001EB0020217801EB0020617801EB002046
:10C460001A490861A079E17901EB0020217901EBFB
:10C470000020617901EB00201449486121E0124A53
:10C480003F3A039991421CD100210391A0781049B1
:10C49000C97801EB00200E49097801EB00200C4916
:10C4A000497801EB002009498860A079E17901EB26
:10C4B0000020217901EB0020617901EB0020034984
:10C4C000C86010BC5DF814FB800201006408002005
:10C4D0007C00002070B505460C4622460321284604
:10C4E00000F036F970BD00002DE9FF5F05468A4671
:10C4F0006348D0F808B09BF800000007860E142EA1
:10C5000000DAB3E06889042800D2AFE068680478F4
:10C5100014B1082C7DD100E0A2E0DFF8649109F1AC
:10C5200014095748007D00F0F000E02800D1A1E098
:10C53000534A1168506900F0A0F900B19AE02889C7
:10C54000082800D292E006F10E0001B2284604F05D
:10C55000D9FB00283AD02889304481B20022022039
:10C5600003F080FE074607B984E0798906F10800E8
:10C57000814203D2384604F0E7FA7BE0324659465E
:10C580007868F3F734FF704201B2384604F0BAFB22
:10C5900000280DD000BF00BF3AA3AF2247A155A08D
:10C5A000FDF710F800BF00BF384604F0CDFA61E097
:10C5B0002946384604F0ACF918B1384604F0C4FAFC
:10C5C00058E0284604F0C0FA3D4612E006F10E009D
:10C5D000404201B2284604F095FB50B100BF00BFB5
:10C5E00028A3C0224DA143A0FCF7ECFF00BF00BF71
:10C5F00040E0D5F8048031B2284604F083FBE0B96E
:10C600006F68D9F80000F8601D48006938610020A3
:10C6100000E013E088F80000A8F80200FF2038725C
:10C62000002078810121FF2302468DE8030449465A
:10C63000284600F08BFB039000BF11E0032C0ED0C6
:10C640000B2C0CD00C2C0AD0042C08D0052C06D0B6
:10C650000D2C04D00E2C02D0112C00D000BF00BF36
:10C6600000BF284604F070FABDE8FF9F284604F09A
:10C670006BFAF9E7284604F067FA00BFF4E7000018
:10C68000B4A600202E2E2F4D6964646C657761720C
:10C6900065732F54686972645F50617274792F4CAE
:10C6A0007749502F7372632F636F72652F697076AD
:10C6B000342F69636D702E630000000069636D7034
:10C6C0005F696E7075743A206D6F76696E6720725F
:10C6D0002D3E7061796C6F616420746F2069636DA9
:10C6E0007020686561646572206661696C65640AC2
:10C6F00000000000417373657274696F6E2022251B
:10C700007322206661696C6564206174206C696EB7
:10C710006520256420696E2025730A0069636D70A9
:10C720005F696E7075743A20726573746F72696EAA
:10C7300067206F726967696E616C20702D3E706151
:10C74000796C6F6164206661696C65640A00000041
:10C750002DE9FF4707468846914600222421012003
:10C7600003F080FD05460DB9BDE8FF8700BF68896D
:10C77000242808D200BF19A340F2611225A130A0DD
:10C78000FCF720FF00BF00BFD7F804A06C6884F856
:10C79000008084F801900020A080E08079686A68B9
:10C7A00002F108001C22F3F722FEDAF80C000390D5
:10C7B00003A800F09BFC06465EB1002060800120CB
:10C7C0000021FF2303AACDE901060091284600F0CD
:10C7D000BDFA284604F0B8F900BFC5E72E2E2F4D4C
:10C7E0006964646C6577617265732F5468697264FB
:10C7F0005F50617274792F4C7749502F7372632F99
:10C80000636F72652F697076342F69636D702E6364
:10C8100000000000636865636B20746861742066C3
:10C820006972737420706275662063616E20686F30
:10C830006C642069636D70206D657373616765005A
:10C84000417373657274696F6E20222573222066AE
:10C8500061696C6564206174206C696E6520256473
:10C8600020696E2025730A0070B505460C462246E5
:10C870000B212846FFF76CFF70BD18B502460092E9
:10C88000D04300B10AB9012018BD91F82B0000F087
:10C89000020008B90020F7E74868904201D1002063
:10C8A000F2E700988B681840D1E9013423409842A0
:10C8B00008D1886822EA00008C68E343984201D1DD
:10C8C0000120E1E70020DFE72DE9F74F8CB00446B7
:10C8D0000F464FF00008798CA1F11400C11700EB4E
:10C8E0005171C1F3CF010891142004906068099040
:10C8F000DDF8249000BF99F8000000F00F0014212B
:10C90000B1EB800F0DD000BF6EA340F2E1227CA1FD
:10C9100085A0FCF757FE00BF6FF005000FB0BDE823
:10C92000F08F00BFB9F8060001F05AFA8346CBF346
:10C930000C00069000BF0BF4005000280BD000BF85
:10C9400060A340F2E62282A177A0FCF73BFE00BF85
:10C950006FF00500E2E700BF208914381FFA80FA63
:10C96000A6E00898BAEBC00F01DA504601E008983B
:10C97000C00080B2079000221421022003F072FC54
:10C98000054605B99AE000BF6089142808DA00BF9F
:10C990004CA34FF4427275A163A0FCF713FE00BFD5
:10C9A00000BF142268680999F3F721FDD5F80490B7
:10C9B00007980A9045E061890498081A80B20390AC
:10C9C00003990A98884201DA0A9800E003988046A1
:10C9D000B8F1000F03D100200490246831E000F08A
:10C9E000CDFB06461EB9284604F0AEF866E0616845
:10C9F00004980844334602224146CDE90008042049
:10CA000003F044FE0B900B9830B9304600F0BCFBAD
:10CA1000284604F099F851E0204604F027FB7461A1
:10CA20005A48306128460B9903F0B6FE0A98A0EBED
:10CA3000080080B20A900A9810B10020049024687F
:10CA400000BF0A980028B6D10498404480B20490F0
:10CA5000788C1438504501DB012000E0002005905F
:10CA60000698C0F30C0B059808B94BF4005B5846C8
:10CA700001F0B6F9A9F806000799143188B201F05F
:10CA8000AFF9A9F802000020A9F80A007B6929463D
:10CA900038460E9A9847284604F056F80798AAEBAD
:10CAA00000001FFA80FA08990698084480B20690A0
:10CAB000BAF1000F7FF455AF00202FE74FF0FF30A1
:10CAC0002CE700002E2E2F4D6964646C657761722F
:10CAD00065732F54686972645F50617274792F4C6A
:10CAE0007749502F7372632F636F72652F69707669
:10CAF000342F6970345F667261672E630000000036
:10CB00006970345F66726167282920646F657320DD
:10CB10006E6F7420737570706F7274204950206F3F
:10CB20007074696F6E730000417373657274696F1E
:10CB30006E2022257322206661696C656420617411
:10CB4000206C696E6520256420696E2025730A00BB
:10CB500069705F6672616728293A204D4620616CD2
:10CB6000726561647920736574000000746869738C
:10CB7000206E656564732061207062756620696E41
:10CB8000206F6E652070696563652100C9D8000853
:10CB90002DE9F04706460F46756828780421B1EB69
:10CBA000201F05D0304603F0CFFF0020BDE8F087FE
:10CBB000287800F00F084FF6FF7000EA88086888B0
:10CBC00001F00EF981463189494503DD4946304679
:10CBD00004F05EF97089404505DB3089484502DB89
:10CBE000B8F1140F04DA304603F0AEFF0020DDE7A1
:10CBF000286954494861E86808610846007D00F0EA
:10CC0000F000E0280AD197F82B0000F0010018B1DD
:10CC1000786808B13C462EE000242CE04FF0010A71
:10CC20003C4600BF94F82B0000F0010068B160683A
:10CC300058B1444840696168884205D04149486913
:10CC40002146FFF71AFE00B113E0BAF1000F0AD037
:10CC50003C48007D7F2801D100240AE04FF0000A03
:10CC60003948046800E02468BC4200D12468002CE4
:10CC7000D8D100BF00BF334908693946FFF7FDFD31
:10CC800028B93048007C00F0F000E02804D130469C
:10CC900003F05AFF002089E724B9304603F054FF1F
:10CCA000002083E7E8884FF63F71084038B13046EE
:10CCB00000F030F906460EB9002077E77568214884
:10CCC00004604760856028780007800E1D498881D0
:10CCD000C8F1000001B2304604F014F8687A012867
:10CCE00006D0112809D13946304605F025FF1EE04F
:10CCF00039463046FFF7F8FB19E0124948692146EA
:10CD0000FFF7BBFD78B90F48007D00F0F000E02888
:10CD100009D00FFA88F1304603F0FDFF756002215B
:10CD20003046FFF7D7FB304603F00EFF00BF00BFD1
:10CD30000020044908604860886088810861486173
:10CD400000BF33E7B4A60020BC0400202DE9FE4F4D
:10CD500007460C4615469846DDE90C9A0E9EA346FA
:10CD600025B10CB1206808B906F1040B43462A46E8
:10CD700059463846CDE9009A029600F003F8BDE81E
:10CD8000FE8F00002DE9F84F05460F4690469A4663
:10CD9000DDF828B00C9E00BFE889012808D000BF4C
:10CDA00034A340F2333240A142A0FCF70BFC00BF99
:10CDB00000BFB8F1000F46D04FF0140914212846E7
:10CDC00003F0A0FF18B16FF00100BDE8F88F6C68A8
:10CDD00000BF6889142808D200BF26A34FF45872F8
:10CDE0003EA134A0FCF7EEFB00BF00BF84F808A012
:10CDF0000B986072D8F80000206148464FEAE9714C
:10CE000009EB9171C1F3870141F04001217084F871
:10CE100001B0288900F0E4FF60800020E0803B48FA
:10CE2000008800F0DDFFA08038480088401C3749AA
:10CE300008801FB936480068E06001E03868E060AB
:10CE40000020608103E06C6820690090E846708CE7
:10CE500048B12889718C884205DD42463146284612
:10CE6000FFF732FDB1E742462946304673699847DD
:10CE7000ABE700002E2E2F4D6964646C65776172FC
:10CE800065732F54686972645F50617274792F4CB6
:10CE90007749502F7372632F636F72652F697076B5
:10CEA000342F6970342E6300702D3E726566203D0C
:10CEB0003D203100417373657274696F6E202225C5
:10CEC0007322206661696C6564206174206C696EF0
:10CED0006520256420696E2025730A0063686563F8
:10CEE0006B20746861742066697273742070627557
:10CEF000662063616E20686F6C6420737472756362
:10CF0000742069705F68647200000000DA04002019
:10CF1000D44B01082DE9F14F82B00298456828787A
:10CF200000F00F001421B1EB800F00D0D5E0E888AD
:10CF300000F056FFC0F30C004FF6FF7101EAC00984
:10CF4000688800F04DFF297801F00F01A0EB810007
:10CF500080B20090029803F0D2FC06466148018836
:10CF600088190A280ADD3146284600F04FFC20B116
:10CF70005C48008830440A2800DDAEE05A48046866
:10CF800011E06069E968884209D1A069296988428D
:10CF900005D1A089A988884201D1012000E00020A4
:10CFA00000B102E02468002CEBD100BF34B9314657
:10CFB000284600F015FB044694B98EE0E88800F09E
:10CFC0000FFFC0F30C0058B9E08900F009FFC0F36F
:10CFD0000C0028B11422294604F10800F3F707FADF
:10CFE000E888012121EA501BBBF1000F0AD000990B
:10CFF000494488B2484503DB4FF6EB71884200DDB7
:10D000006BE000BF5A462046029900F009F98246BB
:10D010000AF1010000B960E032480088304431492B
:10D020000880BBF1000F08D00099494488B2A08362
:10D03000A17F41F00101A17700BFBAF1010F4AD1F0
:10D04000A08B1430A08360684068D0F800806068CE
:10D050004568142204F108012846F3F7C8F9A08BAB
:10D0600000F0BEFE68800020E88068816068029061
:10D070000EE0D8F8040001906FF01301404603F071
:10D0800041FE4146029803F087FB0198D0F80080EA
:10D09000B8F1000FEDD114480068844201D1002797
:10D0A0000AE01148076804E03868A04200D102E0B5
:10D0B0003F68002FF8D100BF3946204600F02EFA15
:10D0C000029803F01CFC07490988081A05490880E2
:10D0D0000298BDE8FE8F0020FBE7029803F034FDC4
:10D0E0000020F6E7E0040020DC04002010B5024632
:10D0F0002048016821E091F82B0000F00100D8B130
:10D1000091F82B00C0F38000B0B14868A0B110685E
:10D110008B681840D1E901342340984201D1084678
:10D1200010BD91F82B0000F0020028B91068CB6800
:10D13000984201D10846F3E709680029DBD10E487F
:10D14000006888B10C48006890F82B0000F00100DE
:10D1500050B10948006890F82B00C0F3800018B166
:10D1600005480068406808B90020D9E7024800680F
:10D17000D6E70000BC040020C004002010B5022047
:10D1800001F0B6FB10BD000010B5044600BF002C36
:10D1900008D100BF06A340F2AE2214A116A0FCF7EE
:10D1A00011FA00BF00BF2146022001F023FB10BD91
:10D1B0002E2E2F4D6964646C6577617265732F54F0
:10D1C000686972645F50617274792F4C7749502F8F
:10D1D0007372632F636F72652F697076342F697075
:10D1E000345F667261672E63000000007020213D8D
:10D1F000204E554C4C000000417373657274696F8A
:10D200006E2022257322206661696C65642061743A
:10D21000206C696E6520256420696E2025730A00E4
:10D220002DE9F74F82B00646884600254FF0010BE6
:10D23000D8F804A0BAF8020000F0D2FD9AF8001065
:10D2400001F00F01A0EB810080B20090BAF8060057
:10D2500000F0C6FDC0F30C004FF6FF7101EAC000FC
:10D26000019000BF00BFD8F8044000202060019862
:10D27000A080DDE900100844E080D6F8049036E094
:10D28000D9F80470A088B98888421CDAC4F80090E4
:10D290008DB1A088E988884203DBE088B98888429C
:10D2A00000DDB3E0C5F80080E888A188884209D095
:10D2B0004FF0000B06E0E088B988884200DDA5E069
:10D2C000C6F8048016E0A088B988884200D19DE0A5
:10D2D000A088F988884200DA98E02DB1E888B988FA
:10D2E000884201D04FF0000BD7F800903D46B9F1CD
:10D2F000000FC5D100BFB9F1000F29D1002D17D003
:10D3000000BFE888A188884208DD00BF46A340F23C
:10D31000AB1254A15BA0FCF755F900BF00BFC5F8E4
:10D320000080E888A188884212D04FF0000B0FE0FF
:10D3300000BF7068002808D000BF3BA340F2B312C2
:10D340005AA150A0FCF73EF900BF00BFC6F8048008
:10D35000049820B9B07F00F00100002854D0BBF140
:10D36000000F48D0706818B170684068808810B1AC
:10D370004FF0000B3FE02546D4F800900BE0D9F8C1
:10D380000440E888A188884202D04FF0000B05E0F5
:10D390002546D4F80090B9F1000FF0D100BFBBF1E1
:10D3A000000F28D000BF706840B900BF1EA34FF423
:10D3B000EA724CA133A0FCF705F900BF00BF00BF23
:10D3C00070684068A04208D100BF17A340F2D51290
:10D3D00044A12CA0FCF7F6F800BF00BF00BF2068F6
:10D3E00040B100BF10A340F2D71242A125A0FCF724
:10D3F000E9F800BF00BFBBF1000F03D0012005B06A
:10D40000BDE8F08F0020FAE70020F8E7404603F07F
:10D4100076FA41490988081A3F490880404603F0D6
:10D4200093FB4FF0FF30EAE72E2E2F4D6964646CBA
:10D430006577617265732F54686972645F506172B9
:10D4400074792F4C7749502F7372632F636F726515
:10D450002F697076342F6970345F667261672E634E
:10D4600000000000636865636B20667261676D652C
:10D470006E747320646F6E2774206F7665726C61B2
:10D4800070000000417373657274696F6E2022250D
:10D490007322206661696C6564206174206C696E1A
:10D4A0006520256420696E2025730A006E6F207048
:10D4B000726576696F757320667261676D656E74EB
:10D4C0002C2074686973206D7573742062652074F4
:10D4D000686520666972737420667261676D656E37
:10D4E0007421000073616E69747920636865636BF1
:10D4F0000000000076616C69646174655F6461744A
:10D50000616772616D3A6E6578745F7062756621ED
:10D510003D4E554C4C000000E004002070B5044620
:10D520000D460E480068A04203D10C4920680860EF
:10D530000EE000BF002D08D100BF09A340F2451244
:10D5400016A11DA0FCF73EF800BF00BF20682860B0
:10D550002146012001F04EF970BD0000DC040020DE
:10D560002E2E2F4D6964646C6577617265732F543C
:10D57000686972645F50617274792F4C7749502FDB
:10D580007372632F636F72652F697076342F6970C1
:10D59000345F667261672E630000000073616E691C
:10D5A000747920636865636B206C696E6B656420B9
:10D5B0006C69737400000000417373657274696F65
:10D5C0006E2022257322206661696C656420617477
:10D5D000206C696E6520256420696E2025730A0021
:10D5E00070B505460E46012001F082F9044664B983
:10D5F0003146284600F00AF9B04203DB012001F071
:10D6000077F904460CB9002070BD20212046F2F7BE
:10D6100007FF0320E07706480068206004480460A4
:10D620001422294604F10800F2F7E1FE2046EBE758
:10D63000DC0400202DE9F04704468846002500BFA1
:10D64000A04507D100BF40A3AB224EA150A0FBF7DD
:10D65000B9FF00BF00BFB8F1000F0DD000BFD8F870
:10D660000000A04207D000BF37A3AD2252A148A0BE
:10D67000FBF7A8FF00BF00BF6068D0F80490B9F8BE
:10D680000400002824D16768D9F8000060601422E3
:10D6900004F108017868F2F7AAFE01213846FFF785
:10D6A000E3F8384603F02BF9064600BFA819B0F599
:10D6B000803F07DB00BF24A3BC2244A134A0FBF7BA
:10D6C00081FF00BF00BFA81985B2384603F03CFABD
:10D6D00067681CE0D7F80490BA46D9F80070504645
:10D6E00003F00DF9064600BFA819B0F5803F07DB2F
:10D6F00000BF15A3CC2235A125A0FBF763FF00BF17
:10D7000000BFA81985B2504603F01EFA00BF002FD3
:10D71000E0D141462046FFF701FF00BF33480088B3
:10D72000A84207DA00BF08A3D22231A118A0FBF754
:10D7300049FF00BF00BF2D480088401B2B490880CF
:10D740002846BDE8F08700002E2E2F4D6964646CDA
:10D750006577617265732F54686972645F50617296
:10D7600074792F4C7749502F7372632F636F7265F2
:10D770002F697076342F6970345F667261672E632B
:10D78000000000007072657620213D2069707200F3
:10D79000417373657274696F6E202225732220664F
:10D7A00061696C6564206174206C696E6520256414
:10D7B00020696E2025730A00707265762D3E6E65B5
:10D7C0007874203D3D2069707200000070627566BB
:10D7D000735F6672656564202B20636C656E203C08
:10D7E0003D2030786666666600000000E004002098
:10D7F00069705F72656173735F70627566636F7580
:10D800006E74203E3D20636C656E00002DE9F84F7C
:10D8100005468946002700BF0026B246002000903A
:10D8200083461B48046821E06069E968884207D1A3
:10D83000A0692969884203D1A089A988884201D0BA
:10D84000012000E0002068B10BF1010B1EB9264653
:10D85000CDF800A006E0E07FF17F884202DC26469A
:10D86000CDF800A0206800B1A2462468002CDBD1CE
:10D870002EB130460099FFF7DDFE804647444F4504
:10D8800002DABBF1010FC7DC3846BDE8F88F0000B3
:10D89000DC04002070B500250A4804680FE0E07F32
:10D8A000002805DDE07F401EE0772546246806E07D
:10D8B0002646246829463046FFF7BCFE00BF002CF0
:10D8C000EDD170BDDC04002070B505462C4600BFCC
:10D8D000002C08D100BF0FA34FF42E721CA11FA073
:10D8E000FBF770FE00BF00BF00BFAC4208D000BF16
:10D8F00008A340F2B92223A118A0FBF763FE00BFE2
:10D9000000BF606910B1606903F01EF92046FFF79F
:10D910003BFC70BD2E2E2F4D6964646C657761727F
:10D9200065732F54686972645F50617274792F4C0B
:10D930007749502F7372632F636F72652F6970760A
:10D94000342F6970345F667261672E6300000000D7
:10D9500070637220213D204E554C4C00417373651D
:10D960007274696F6E2022257322206661696C656E
:10D9700064206174206C696E6520256420696E20C6
:10D9800025730A00706372203D3D20700000000086
:10D9900010B52DED0A8BB0EE408AF0EE608A30486B
:10D9A00090ED000B53EC102B2E4890ED000B51EC3A
:10D9B000100BF2F74DFD2B4A03C22B4890ED000BE4
:10D9C00053EC102B51EC180BF2F7E3FD41EC1A0B62
:10D9D000264890ED000B53EC102B224890ED000BE5
:10D9E00051EC100BF2F734FD41EC1B0B53EC1B2BED
:10D9F0001C4890ED000B51EC100BF2F742FE41EC8D
:10DA0000190B53EC1A2B51EC190BF2F7C8FD41EC32
:10DA10001C0B154890ED000B53EC102B51EC1C0B1C
:10DA2000F2F716FD104A03C253EC192B9FED100BB1
:10DA300051EC100BF2F7ADFD41EC1C0B094890EDD9
:10DA4000000B53EC102B51EC1C0BF2F7A8FD054A10
:10DA500003C2054890ED000BBDEC0A8B10BD000021
:10DA6000F0010020E8010020E0010020F801002082
:10DA7000000000000000F03F41F69422016891424E
:10DA800002DB1146016005E0034A0168914201DCB6
:10DA900011460160704700006CE5FFFF00B50246CB
:10DAA0001046FDF73FFB101DFDF73CFB00BD00B528
:10DAB00003461846FFF7E0FF181DFFF7DDFF00BD26
:10DAC00030B58BB0044641484149086000204860A9
:10DAD00000213F4881604FF40061C1600021018254
:10DAE00000208DF8000080208DF80100E1208DF8E5
:10DAF000020000208DF803008DF804008DF8050069
:10DB00003348C0F814D0012181610021C1614FF474
:10DB100000010162F6F77AFA05462DB994F82B0058
:10DB200040F0040084F82B0004232A4A2A4928489C
:10DB3000F6F77AF90423294A29492548F6F72EF9F8
:10DB4000062084F8240022484069007884F82500E3
:10DB50001F4840694178262001551D484069817859
:10DB6000272001551A484069C178282001551848D6
:10DB700040690179292001551548406941792A20D9
:10DB8000015540F2DC50608494F82B0040F00A000C
:10DB900084F82B0000220121084602F043FA1149C3
:10DBA0000860242102A8F2F73BFC0FA002904FF47A
:10DBB000AF7007903020089002AA21460C4802F06E
:10DBC000E1FA0348F6F774FC0BB030BD0080024068
:10DBD00068430020982B002048130020C813002021
:10DBE000C8120020D0030020457468496600000078
:10DBF000D1C300082DE9F84F4FF000080026B346C6
:10DC00000024A2460027002000903A48F6F74FF97A
:10DC100010B10020BDE8F88F3648808F1FFA80FBD6
:10DC20003448D0F84090BBF1000F05DD032259467F
:10DC3000042002F017FB8046B8F1000F2FD02D48CA
:10DC4000056B0024464628E077894FF0000A15E06E
:10DC500040F2F4531A1B09EB0401736803EB0A004A
:10DC6000F2F7C5FBED68D5F8089040F2F450001BC0
:10DC70003F1A40F2F450001B82440024381940F24D
:10DC8000F4518842E4D809EB0401726802EB0A00FF
:10DC90003A46F2F7ACFB3C443668002ED4D1154826
:10DCA000056B0020009007E0286840F000402860E5
:10DCB000ED680098401C00900E48816B00988142EE
:10DCC000F2D800210B488163006800F5805040695C
:10DCD00000F0800058B180210648006800F58050AF
:10DCE000416100210348006800F580508160404692
:10DCF00090E70000684300202DE9F84F8B46374835
:10DD0000C06A806800904FF0000900240026A246F7
:10DD10003248D0F82C8000BF5D463FE0D8F80000C4
:10DD200000F0004010B16FF007073FE06E894FF040
:10DD3000000A23E040F2F4531A1B6B6803EB0A015C
:10DD4000009B1819F2F753FBD8F80C80D8F80000A4
:10DD500000F0004010B16FF0070727E0D8F8080086
:10DD6000009040F2F450001B361A40F2F450001BB1
:10DD7000824440F2F450001B81440024301940F2E8
:10DD8000F4518842D6D86A6802EB0A01009A101949
:10DD90003246F2F72CFB3444B1442D68002DBDD13E
:10DDA00049460E48F6F7ADFB002700BF0B48006858
:10DDB00000F58050406900F0200058B1202107484C
:10DDC000006800F58050416100210448006800F5BA
:10DDD000805041603846BDE8F88F0000684300205D
:10DDE00001460806000C40EA1120704708B50020E3
:10DDF000009000BF6846804208D000BF0BA34FF4DC
:10DE0000AB72164916A0FBF7DDFB00BF00BF00BFD9
:10DE100000BF04F0A5FA00F039FA00F043FD01F06C
:10DE200023FB04F087FE04F0F3FB08BD2E2E2F4DDC
:10DE30006964646C6577617265732F546869726494
:10DE40005F50617274792F4C7749502F7372632F32
:10DE5000636F72652F696E69742E6300E455010863
:10DE6000417373657274696F6E2022257322206678
:10DE700061696C6564206174206C696E652025643D
:10DE800020696E2025730A0070B505462C4620686F
:10DE900090F9080010F10D0F03DC2068007A207162
:10DEA00014E0FA2020712068406878B1206800787A
:10DEB00000F0F000202807D1A2892368A1685868E3
:10DEC00004F0B8FD207100E000BF00BF00BF206873
:10DED00078B104F0F1F90646206890F9080010F1D5
:10DEE0000D0F02DD207921680872304604F0F0F948
:10DEF00000BF00BF70BD000070B505462C4620680D
:10DF0000406810B9F12020711EE02068007800F010
:10DF1000F000202807D1A2892368A168586804F07E
:10DF2000D3FD20710FE000BF00BF12A340F2F24208
:10DF30001DA123A0FBF746FB00BF00BFFA20207104
:10DF400000BF00BF00BF00BF00BF206878B104F071
:10DF5000B3F90646206890F9080010F10D0F02DDB4
:10DF6000207921680872304604F0B2F900BF00BF82
:10DF700070BD00002E2E2F4D6964646C6577617250
:10DF800065732F54686972645F50617274792F4CA5
:10DF90007749502F7372632F6170692F6170695FC9
:10DFA0006D73672E63000000496E76616C696420B2
:10DFB0006E6574636F6E6E2074797065000000008A
:10DFC000417373657274696F6E2022257322206617
:10DFD00061696C6564206174206C696E65202564DC
:10DFE00020696E2025730A0070B505462C46002076
:10DFF00020712068406810B9204603F08BF800BFFC
:10E00000206878B104F058F90646206890F90800B5
:10E0100010F10D0F02DD207921680872304604F0FE
:10E0200057F900BF00BF70BD70B505462C4620688B
:10E0300090F9080010F10D0F03DC2068007A2071C0
:10E0400023E0F520207120684068F0B12068007856
:10E0500000F0F000202816D1A068806800B107E029
:10E06000A26811682268506804F0C5FE207109E0BA
:10E07000A668B38906F1080231682668706804F062
:10E08000C9FE207100E000BF00BF00BF206878B16A
:10E0900004F012F90646206890F9080010F10D0FFF
:10E0A00002DD207921680872304604F011F900BFC2
:10E0B00000BF70BDF6F726FCFAF76EF8F9F7A6F880
:10E0C000F8F784FFF8F7A6FFFAF766F9F2F750FFC2
:10E0D000F9F772FDF8F7C2FFF9F752FAF9F76CFA9F
:10E0E0000120F9F7E7FF0320F9F7E4FF0820FCF728
:10E0F000CDFF012001F0A8FC0920FCF7C7FF4FF479
:10E100007A7001F0A1FC0548054A06CAC0E902126E
:10E11000F9F720F801F0EEFC00BFFEE70C07002045
:10E120008C00002070B5044604B970BD00BF04F037
:10E130000300002808D000BF26A34FF4D67231A1F7
:10E1400039A0FBF73FFA00BF00BF00BF404800689E
:10E15000844203D33F480068844208D300BF1DA314
:10E160004FF4D7723CA130A0FBF72CFA00BF00BFE0
:10E1700037480068844203D336480068844206D397
:10E1800004F09AF80646304604F0A2F8CDE7384885
:10E1900004F01FF9A4F1080500BF287940B900BFB9
:10E1A0000CA34FF4E07233A11FA0FBF70BFA00BFE2
:10E1B00000BF0020287134480068854201D23248EF
:10E1C0000560284603F020F8294804F017F900BF3D
:10E1D000ABE700002E2E2F4D6964646C6577617289
:10E1E00065732F54686972645F50617274792F4C43
:10E1F0007749502F7372632F636F72652F6D656D52
:10E200002E6300006D656D5F667265653A2073610F
:10E210006E69747920636865636B20616C69676EF1
:10E220006D656E7400000000417373657274696FF0
:10E230006E2022257322206661696C6564206174FA
:10E24000206C696E6520256420696E2025730A00A4
:10E2500084040020880400206D656D5F667265652A
:10E260003A206C6567616C206D656D6F7279000096
:10E27000900400206D656D5F667265653A206D657E
:10E280006D2D3E75736564008C04002010B500BFD1
:10E2900000BF194820F003001849086008460468C8
:10E2A0004FF4C8602080002060802071084600681C
:10E2B00000F5C860124908600120096808714FF430
:10E2C000C8600F49096808800D49096848800B48F3
:10E2D00000680C4908600C4804F083F800280AD054
:10E2E00000BF00BF09A34FF4CC7214A11AA0FBF722
:10E2F00069F900BF00BF10BDCFA600208404002034
:10E30000880400208C040020900400202E2E2F4D25
:10E310006964646C6577617265732F5468697264AF
:10E320005F50617274792F4C7749502F7372632F4D
:10E33000636F72652F6D656D2E6300006661696C99
:10E34000656420746F20637265617465206D656D0E
:10E350005F6D757465780000417373657274696FE1
:10E360006E2022257322206661696C6564206174C9
:10E37000206C696E6520256420696E2025730A0073
:10E380002DE9F047054615B90020BDE8F087E81CE7
:10E3900020F0030085B20C2D00D20C25B5F5C86F16
:10E3A00001D90020F1E7564804F013F855480088D9
:10E3B00055490988401A86B298E053480068841984
:10E3C000207900287ED1218806F10800081AA84289
:10E3D00078D3218806F10800091A05F1140081425A
:10E3E0001CD306F1080028441FFA80F8464800684C
:10E3F00000EB080700203871208838807E80A4F860
:10E400000080012020713888B0F5C86F08D03888A6
:10E410003D4909680844A0F8028001E0012020710C
:10E4200038480068844228D13648D0F8009005E08A
:10E43000B9F800003449096800EB010999F80400B3
:10E4400018B1324800688145F2D12E48C0F80090DA
:10E4500000BF00682D49096888420CD0294800682F
:10E46000007940B100BF2AA340F2CF2234A13BA0E3
:10E47000FBF7A8F800BF00BF00BF214803F0BEFFB4
:10E4800000BF04F10800284420490968884208D9DF
:10E4900000BF1FA340F2D3223AA130A0FBF792F8AD
:10E4A00000BF00BF00BF04F0030040B100BF18A3CD
:10E4B00040F2D5223FA129A0FBF784F800BF00BF9E
:10E4C00000BF00E00FE004F0030040B100BF10A364
:10E4D00040F2D72243A121A0FBF774F800BF00BF90
:10E4E00004F1080051E708480068865BC5F5C8607C
:10E4F000B0423FF662AF024803F080FF002044E7DD
:10E50000900400208C040020840400208804002053
:10E510002E2E2F4D6964646C6577617265732F547C
:10E52000686972645F50617274792F4C7749502F1B
:10E530007372632F636F72652F6D656D2E630000BC
:10E540006D656D5F6D616C6C6F633A20216C6672F6
:10E5500065652D3E75736564000000004173736549
:10E560007274696F6E2022257322206661696C6562
:10E5700064206174206C696E6520256420696E20BA
:10E5800025730A006D656D5F6D616C6C6F633A2079
:10E59000616C6C6F6361746564206D656D6F727919
:10E5A000206E6F742061626F76652072616D5F65A9
:10E5B0006E642E006D656D5F6D616C6C6F633A20EB
:10E5C000616C6C6F6361746564206D656D6F7279E9
:10E5D0002070726F7065726C7920616C69676E650E
:10E5E000642E00006D656D5F6D616C6C6F633A2029
:10E5F00073616E69747920636865636B20616C690F
:10E60000676E6D656E7400002DE9F05F80460D4603
:10E61000E81C20F0030085B20C2D00D20C25B5F5C6
:10E62000C86F02D90020BDE8F09F00BF49480068CC
:10E63000804503D348480068804508D300BF47A3FE
:10E6400040F2F31251A157A0FAF7BCFF00BF00BF80
:10E6500040480068804503D33F480068804507D3A1
:10E6600003F02AFE8346584603F032FE4046DAE7BE
:10E67000A8F1080737480088381A1FFA80F9388847
:10E68000A0EB090008381FFA80FA00BF554508DDE5
:10E6900000BF32A340F206224CA142A0FAF792FF3B
:10E6A00000BF00BF554501DD0020BCE7554501D145
:10E6B0004046B8E74D4803F08CFE38882549096884
:10E6C0004418207900BB208809F1080129448EB242
:10E6D00047490968A14204D11E4909683144444AA6
:10E6E00011601C4909688C19002121712080A4F84F
:10E6F00002903E802188B1F5C86F04D02188154A68
:10E70000126811444E8020E005F1140050451CD8D9
:10E7100009F10800284486B20E480068841934487C
:10E720000068844201D23248046000202071388899
:10E730002080A4F802903E802088B0F5C86F04D0F5
:10E7400020880449096808444680284803F056FE9A
:10E75000404668E784040020880400202E2E2F4DB8
:10E760006964646C6577617265732F54686972645B
:10E770005F50617274792F4C7749502F7372632FF9
:10E78000636F72652F6D656D2E6300006D656D5F43
:10E790007472696D3A206C6567616C206D656D6F90
:10E7A00072790000417373657274696F6E2022255F
:10E7B0007322206661696C6564206174206C696EE7
:10E7C0006520256420696E2025730A006D656D5FE4
:10E7D0007472696D2063616E206F6E6C792073684E
:10E7E00072696E6B206D656D6F7279009004002008
:10E7F0008C04002070B504460D4600BF0A2C09DBCE
:10E8000000BF0AA340F2DB1214A11BA0FAF7DAFE44
:10E8100000BF70BD00BF05B9FBE7214951F82400D6
:10E820002946FCF79DFC00BFF3E700002E2E2F4D7C
:10E830006964646C6577617265732F54686972648A
:10E840005F50617274792F4C7749502F7372632F28
:10E85000636F72652F6D656D702E63006D656D70F1
:10E860005F667265653A2074797065203C204D457D
:10E870004D505F4D41580000417373657274696F6C
:10E880006E2022257322206661696C6564206174A4
:10E89000206C696E6520256420696E2025730A004E
:10E8A0009C4B010810B5002406E0054951F82400EE
:10E8B00000F008F8601C84B20A2CF6D310BD0000EA
:10E8C0009C4B010810B50023846823604368DB1C5F
:10E8D00023F00301002207E083681B680B60836854
:10E8E000196003881944521C43889342F4DC10BD1C
:10E8F00070B5044600BF0A2C0ADB00BF09A340F232
:10E90000871214A11BA0FAF75DFE00BF002070BDA6
:10E9100000BF224951F82400FCF780FC0546284638
:10E92000F5E700002E2E2F4D6964646C65776172E7
:10E9300065732F54686972645F50617274792F4CEB
:10E940007749502F7372632F636F72652F6D656DFA
:10E95000702E63006D656D705F6D616C6C6F633AF6
:10E960002074797065203C204D454D505F4D4158D5
:10E9700000000000417373657274696F6E20222578
:10E980007322206661696C6564206174206C696E15
:10E990006520256420696E2025730A009C4B0108C0
:10E9A0000FB470B52DED048B82B0119C0B98050A45
:10E9B000052D38D10B98B0F5A16F17D120782A28F2
:10E9C00008D10420019001A92046FCF7D3FA3C4964
:10E9D00008606FE0207831286CD10120019001A9F6
:10E9E0002046FCF7E4FA3749086063E040F2095139
:10E9F0000B9888425ED120782A2808D10420019003
:10EA000001A92046FCF7B6FA2D49486052E020786B
:10EA100031284FD10120019001A92046FCF7C7FA07
:10EA20002849486046E0092D44D140F608110B986A
:10EA300088421DD10420019001A92046FCF789FAE3
:10EA400000EE100AB8EEC00A10EE106A3046F1F778
:10EA5000D0FE41EC190B9FED1C0B53EC102BF1F782
:10EA600010FE41EC180BF1F707FF1949086021E08F
:10EA700040F609110B9888421CD10420019001A98D
:10EA80002046FCF766FA00EE100AB8EEC00A10EE57
:10EA9000106A3046F1F7ADFE41EC190B9FED0A0B01
:10EAA00053EC102BF1F7EDFD41EC180BF1F7E4FE00
:10EAB0000749486002B0BDEC048B70BC5DF814FBE4
:10EAC0008C00002094000020000000000000244082
:10EAD000A400002070B504460D4600BF002C09D1EB
:10EAE00000BF16A3682222A128A0FAF76BFD00BF81
:10EAF000002070BD00BF206810B1206802F024F82B
:10EB000000222946104601F0ADFB2060206808B9BC
:10EB10000020EEE700BF20684089A84207DA00BF66
:10EB200006A3722223A119A0FAF74CFD00BF00BF73
:10EB30002068606020684068DBE700002E2E2F4DC3
:10EB40006964646C6577617265732F546869726477
:10EB50005F50617274792F4C7749502F7372632F15
:10EB60006170692F6E65746275662E630000000027
:10EB70006E65746275665F616C6C6F633A20696E76
:10EB800076616C696420627566000000417373658C
:10EB90007274696F6E2022257322206661696C652C
:10EBA00064206174206C696E6520256420696E2084
:10EBB00025730A00636865636B207468617420665E
:10EBC0006972737420706275662063616E20686F6D
:10EBD0006C642073697A650010B504465CB12068E6
:10EBE00028B1206801F0B0FF00206060206021465D
:10EBF0000320FFF7FFFD10BD10B50320FFF778FEDF
:10EC0000044624B1002020606060A060E0602046DF
:10EC100010BD00002DE9F04105460E460420FFF727
:10EC200067FE044614B90020BDE8F0810020207280
:10EC30002570606005F0F000202801D106270BE068
:10EC400000BF00BF15A34FF42A7221A12AA0FAF732
:10EC5000B9FC00BF00BF1BE000BF394604F1100043
:10EC600003F091FB00B113E0002104F10C0003F06C
:10EC7000D5FB20B104F1100003F07CFB08E000207C
:10EC80006070401E6061E661002020762046CBE780
:10EC900021460420FFF7AEFD0020C5E72E2E2F4DA4
:10ECA0006964646C6577617265732F546869726416
:10ECB0005F50617274792F4C7749502F7372632FB4
:10ECC0006170692F6170695F6D73672E630000006A
:10ECD0006E6574636F6E6E5F616C6C6F633A207506
:10ECE0006E646566696E6564206E6574636F6E6ED2
:10ECF0005F74797065000000417373657274696FA9
:10ED00006E2022257322206661696C65642061741F
:10ED1000206C696E6520256420696E2025730A00C9
:10ED200070B506460C46206800F10C0221463046BC
:10ED300003F0D8FD054615B994F9040070BD2846C6
:10ED4000FCE70000F0B585B004460D46164600BF4E
:10ED5000002C0BD100BF0CA3FF2218A11EA0FAF7B4
:10ED600031FC00BF6FF00F0005B0F0BD00BF05B96A
:10ED7000234D00940295ADF80C6069462148FFF7D9
:10ED8000CFFF07463846EFE72E2E2F4D6964646C9F
:10ED90006577617265732F54686972645F50617240
:10EDA00074792F4C7749502F7372632F6170692FDC
:10EDB0006170695F6C69622E630000006E65746348
:10EDC0006F6E6E5F62696E643A20696E76616C691F
:10EDD0006420636F6E6E0000417373657274696FB7
:10EDE0006E2022257322206661696C65642061743F
:10EDF000206C696E6520256420696E2025730A00E9
:10EE0000D44B010889DE0008F0B585B004460D46F4
:10EE1000164600BF002C0CD100BF0DA340F22B12F0
:10EE200018A120A0FAF7CEFB00BF6FF00F0005B0CD
:10EE3000F0BD00BF05B9254D00940295ADF80C60FA
:10EE400069462348FFF76CFF07463846EFE70000A6
:10EE50002E2E2F4D6964646C6577617265732F5433
:10EE6000686972645F50617274792F4C7749502FD2
:10EE70007372632F6170692F6170695F6C69622EB4
:10EE8000630000006E6574636F6E6E5F636F6E6E1D
:10EE90006563743A20696E76616C696420636F6E95
:10EEA0006E000000417373657274696F6E202225D5
:10EEB0007322206661696C6564206174206C696EE0
:10EEC0006520256420696E2025730A00D44B010853
:10EED000F9DE00082DE9F04186B007460D461646DA
:10EEE00031463846FFF796FE0446002C48D08DF890
:10EEF0000C50019401A92348FFF712FF8046B8F196
:10EF0000000F3CD000BF6068002807D000BF1EA3E0
:10EF100089222AA132A0FAF755FB00BF00BF00BF2B
:10EF200004F1100003F04EFA002807D100BF16A329
:10EF30008A2235A12AA0FAF745FB00BF00BF00BF17
:10EF400004F10C0003F080FA002807D100BF0EA3E3
:10EF50008F2233A122A0FAF735FB00BF00BF04F1D6
:10EF60000C0003F055FA04F1100003F003FA2146F7
:10EF70000420FFF73FFC002006B0BDE8F08100BF91
:10EF80002046F9E7E9DF00082E2E2F4D6964646CF6
:10EF90006577617265732F54686972645F5061723E
:10EFA00074792F4C7749502F7372632F6170692FDA
:10EFB0006170695F6C69622E63000000667265654E
:10EFC000696E6720636F6E6E20776974686F757401
:10EFD0002066726565696E672070636200000000DC
:10EFE000417373657274696F6E20222573222066E7
:10EFF00061696C6564206174206C696E65202564AC
:10F0000020696E2025730A00636F6E6E206861733D
:10F01000206E6F20726563766D626F78000000006D
:10F02000636F6E6E20686173206E6F206F705F6318
:10F030006F6D706C657465640000000070B5054606
:10F040000C4600BF002C0BD100BF11A34FF41D7262
:10F050001CA124A0FAF7B6FA00BF6FF00F0070BD34
:10F0600000BF0020206000BF002D0BD100BF08A30F
:10F0700040F2762225A11BA0FAF7A4FA00BF6FF098
:10F080000F00ECE700BF2146284600F04DF8E6E708
:10F090002E2E2F4D6964646C6577617265732F54F1
:10F0A000686972645F50617274792F4C7749502F90
:10F0B0007372632F6170692F6170695F6C69622E72
:10F0C000630000006E6574636F6E6E5F72656376D9
:10F0D0003A20696E76616C696420706F696E746540
:10F0E00072000000417373657274696F6E2022258F
:10F0F0007322206661696C6564206174206C696E9E
:10F100006520256420696E2025730A006E6574638E
:10F110006F6E6E5F726563763A20696E76616C69B8
:10F120006420636F6E6E0000F8B504460D46002043
:10F13000009000BF002D0BD100BF2DA340F2E712BD
:10F1400038A140A0FAF73EFA00BF6FF00F00F8BDFB
:10F1500000BF0020286000BF002C0BD100BF24A3FB
:10F1600040F2E91241A137A0FAF72CFA00BF6FF084
:10F170000F00ECE700BF00BF04F1100003F022F91C
:10F1800000280BD100BF1AA340F2F5123EA12DA01A
:10F19000FAF718FA00BF6FF00A00D8E700BF94F939
:10F1A000080010F10D0F02DC94F90800CFE70022EF
:10F1B000694604F1100003F05BF800BF009840B905
:10F1C00000BF0BA340F23E2237A11EA0FAF7FAF9C6
:10F1D00000BF00BF009800680689E06920B1324690
:10F1E00001212046E3699847009828600020AEE797
:10F1F0002E2E2F4D6964646C6577617265732F5490
:10F20000686972645F50617274792F4C7749502F2E
:10F210007372632F6170692F6170695F6C69622E10
:10F22000630000006E6574636F6E6E5F7265637677
:10F230003A20696E76616C696420706F696E7465DE
:10F2400072000000417373657274696F6E2022252D
:10F250007322206661696C6564206174206C696E3C
:10F260006520256420696E2025730A006E6574632D
:10F270006F6E6E5F726563763A20696E76616C6957
:10F280006420636F6E6E00006E6574636F6E6E5FF8
:10F29000726563763A20696E76616C696420726586
:10F2A00063766D626F78000062756620213D204EA6
:10F2B000554C4C0070B586B004460D4600BF002C7E
:10F2C0000CD100BF0AA340F2C32216A11CA0FAF77A
:10F2D00079F900BF6FF00F0006B070BD00BF019458
:10F2E000039501A92048FFF71BFD06463046F3E7CA
:10F2F0002E2E2F4D6964646C6577617265732F548F
:10F30000686972645F50617274792F4C7749502F2D
:10F310007372632F6170692F6170695F6C69622E0F
:10F32000630000006E6574636F6E6E5F73656E647C
:10F330003A20696E76616C696420636F6E6E0000BE
:10F34000417373657274696F6E2022257322206683
:10F3500061696C6564206174206C696E6520256448
:10F3600020696E2025730A0029E000082DE9F04786
:10F3700004460E4617469846DDE9095ADDF8209006
:10F3800000BF002D07D100BF18A3FB2224A12AA093
:10F39000FAF718F900BF00BF00206060A060E060CD
:10F3A00084F82B00032084F82000C4F81C902C481B
:10F3B000007884F82E002A480078401C28490870FC
:10F3C000C4F810A043463A463146204600F05FF8A4
:10F3D0002046A84710B10020BDE8F087214800680A
:10F3E0002060204804602046F6E700002E2E2F4DB6
:10F3F0006964646C6577617265732F5468697264BF
:10F400005F50617274792F4C7749502F7372632F5C
:10F41000636F72652F6E657469662E63000000006D
:10F420004E6F20696E69742066756E6374696F6EC5
:10F4300020676976656E0000417373657274696F49
:10F440006E2022257322206661696C6564206174D8
:10F45000206C696E6520256420696E2025730A0082
:10F46000C4040020BC040020704770B504460D465B
:10F4700005F0010050B1606840B194F82B0000F035
:10F48000080018B1211D2046FCF732FD70BD2DE9A2
:10F49000F04107460C4615461E460CB1206860B97F
:10F4A0002146384600F03AF82946384600F058F828
:10F4B0003146384600F02BF80BE02946384600F07C
:10F4C0004FF83146384600F022F82146384600F021
:10F4D00025F8BDE8F0810000014908607047000090
:10F4E000C004002010B5044694F82B0000F0010081
:10F4F00060B114F82B0F20F00100207014F82B09D4
:10F5000000F0080010B12046FBF7ECFE10BD09B971
:10F51000002200E00A68C2607047000038B5054666
:10F520000C4614B12068009002E00C48006800907E
:10F5300000986968884201D1012000E0002060B98C
:10F540006946281D03F0FAFB0CB9002000E0206892
:10F55000686001212846FFF788FF38BDD44B0108B9
:10F5600009B9002200E00A688260704710B50446BD
:10F5700094F82B0000F0010068B914F82B0F40F04C
:10F580000100207014F82B0900F0040018B10321C9
:10F590002046FFF76AFF10BDF0B52DED108B8BB044
:10F5A000F0EE40BAF0EE609AF0EE418A04469FED2C
:10F5B000FE0BFAF7B5FBB0EE40FAF0EE60FA9FED05
:10F5C000FC0B53EC102B51EC1F0BF0F7E8FF41EC58
:10F5D0001C0B9FEDF90B53EC102BF0F7E0FFCDE97E
:10F5E00008019DED080B51EC100BF1F745F908EE01
:10F5F000100A2BEEAB0A09EEA90A08EEA80AF0EEF3
:10F60000000A28EE201ADFEDEE0A41EE080A9FED0F
:10F61000ED1A70EE810AB0EE001A28EE011ADFED45
:10F62000EA1A41EE210A30EE600AB0EE40DAB0EE9E
:10F63000000A68EE000A9FEDE51AB0EE4D0A00EEF2
:10F64000810ADFEDE30A30EE200AB0EE40AAB9EEFF
:10F65000000A28EE000ADFEDDD0A20EE200AF0EEB7
:10F6600040AAB0EE000A68EE000A9FEDD81AB0EE8C
:10F670004D0A00EEC10ADFEDD60A30EE600AB0EEA8
:10F6800040EA2AEEAA0AF1EE000A6AEE200A00EE2B
:10F69000CE0AB0EE40BAB5EEC0BAF1EE10FA03D21F
:10F6A0000BB0BDEC108BF0BD1AEE100AF1F7A1F80B
:10F6B000CDE906011BEE100AF1F79BF8CDE9000138
:10F6C0009DED000BFAF72CFBB0EE40CAF0EE60CADD
:10F6D000B1EE6A0A10EE100AF1F78BF841EC1F0B3D
:10F6E00053EC1C2BF0F755FF9FEDAF0B53EC102B99
:10F6F000CDE902019DED020B51EC100BF0F7C1FFBB
:10F70000CDE904019DED060B53EC102B9DED040B90
:10F7100051EC100BF0F7B5FFCDE908019DED080B9A
:10F7200051EC100BF1F7A8F805462846F1F761F8FF
:10F7300041EC1C0B9FEDA71BB0EE4C0AF0EE6C0ADF
:10F74000FAF70EF98DED080B9FED970B53EC102B8C
:10F750009DED080B51EC100BF0F721FF41EC1F0B56
:10F76000F1F78AF809EE100AB0EE490AF0F788FDC1
:10F77000DFED950A78EE200A20EE20CAB0EE490AA5
:10F78000F0F7BAFD08EE00CA9FED900A3CEE000AC1
:10F79000B0EE40DAB0EE490AF0F7AEFDDFED8A0ACE
:10F7A00078EE200A20EE20CAB0EE490AF0F768FD94
:10F7B000F0EE4CDA48EE40DA3DEEA80AB0EE40AA90
:10F7C000B8EE000A2DEE000AF0EE40AA38EEED0A7F
:10F7D000B0EE40EA2AEEAA0AF1EE000A6AEE200A2A
:10F7E00000EECE0AB0EE40BAB5EEC0BAF1EE10FAB5
:10F7F00000D255E71AEE100AF0F7FBFF41EC1C0BA4
:10F800001BEE100AF0F7F5FFCDE900019DED000BAE
:10F81000FAF786FA8DED040BB1EE6A0A10EE100AC3
:10F82000F0F7E7FFCDE902019DED040B53EC102B3F
:10F830009DED020B51EC100BF0F7ABFE9FED5A0B58
:10F8400053EC102BCDE906019DED060B51EC100B8E
:10F85000F0F717FF41EC1F0B53EC1C2BF0F711FFD7
:10F86000CDE908019DED080B51EC100BF1F704F800
:10F8700005462846F0F7BDFF41EC1C0B9FED551BDC
:10F88000B0EE4C0AF0EE6C0AFAF76AF88DED060B52
:10F890009FED450B53EC102B9DED060B51EC100B1F
:10F8A000F0F77DFE41EC1F0B9FED4C0B53EC102B42
:10F8B000F0F76FFECDE908019DED080B51EC100B40
:10F8C000F0F7DAFF074619EE100AF0F792FF41EC65
:10F8D0001F0B9FED440B53EC102BF0F75AFE41EC3D
:10F8E0001C0BF0F7C9FF09EE100A1BEE900AF0F7A7
:10F8F00080FF41EC1F0B19EE900AF0F77AFF41EC04
:10F900001C0BB0EE4F1AF0EE6F1AB0EE4C0AF0EE90
:10F910006C0AFAF725F88DED080B9DED080B51ECFC
:10F92000100BF0F7A9FF06462661676184ED069A81
:10F930003046F0F75EFF41EC1F0B9FED2C0B53ECB4
:10F94000102BF0F72CFE41EC1C0B9FED2A0B53EC17
:10F95000102BF0F77DFDCDE908019DED080B51EC72
:10F96000100BF0F72DFF20603846F0F742FF9FEDB7
:10F970001F0B53EC102BCDE908019DED080B51EC4A
:10F98000100BF0F70CFE41EC1C0B9FED1C0B53EC25
:10F99000102BF0F75DFD41EC1F0BF0F711FF6060DD
:10F9A00019EE100A2EE000000000000000000040E8
:10F9B0000000000000408040000000000000E03F28
:10F9C00050A726480024744500007A420E8DCE438D
:10F9D000C0B54947000000000000F03F60E5D022BC
:10F9E000DBF9FA3FF08975AA7CCFECBFCC5BBE6D2A
:10F9F000305FF4C00000000060B30E410000000062
:10FA0000C0EB1241F0F7F5FE1FED080B53EC102B85
:10FA1000CDE908019DED080B51EC100BF0F7BFFD8F
:10FA200041EC1C0B9FED060B53EC102BF0F710FD77
:10FA300041EC1F0BF0F7C4FEA06000BF30E60000F1
:10FA4000000000000076164170B50546F9F715FE76
:10FA500048B9F9F715FE30B908480068022805D101
:10FA6000F9F708FE10B16FF0050404E0002415B1A9
:10FA7000284603F09DFC204670BD00004C04002089
:10FA800010B5F9F7FAFD48B9F9F7FAFD30B90848A9
:10FA90000068022806D1F9F7EDFD18B104F02EFD3B
:10FAA000044602E004F024FD0446204610BD000098
:10FAB0004C04002010B5F9F7E0FD48B9F9F7E0FD76
:10FAC00030B90B480068022805D1F9F7D3FD10B111
:10FAD0006FF0050409E00648006820B901200449D8
:10FAE0000860002401E04FF0FF34204610BD000004
:10FAF0004C04002010B5F9F7C0FD48B9F9F7C0FD76
:10FB000030B90C480068022805D1F9F7B3FD10B1EF
:10FB10006FF005040CE007480068012806D10220B8
:10FB20000449086003F028FD002401E04FF0FF3491
:10FB3000204610BD4C04002070B505462E46F9F74E
:10FB40009CFD48B9F9F79CFD30B90B4800680228C4
:10FB500005D1F9F78FFD10B16FF005040AE016B971
:10FB60006FF0030406E0304603F0E4FB0024304667
:10FB700003F0C6FB204670BD4C0400202DE9F8437D
:10FB800007460D4691461C463E464FF00008F9F7E1
:10FB900074FD48B9F9F774FD30B91C4800680228B3
:10FBA0001FD1F9F767FDE0B10EB105B114B16FF0E7
:10FBB000030828E0002000906A462946304604F0F9
:10FBC00043FA012802D06FF002081CE00098D0B17F
:10FBD0004FF080500E490860BFF34F8FBFF36F8F17
:10FBE00011E006B115B96FF003080CE02246294672
:10FBF000304604F075F9012805D014B16FF0010802
:10FC000001E06FF002084046BDE8F8834C04002094
:10FC100004ED00E070B505462E460EB9002415E04F
:10FC2000F9F72BFD48B9F9F72BFD30B90848006802
:10FC3000022807D1F9F71EFD20B1304603F00BFA78
:10FC4000044603E0304603F0F1F90446204670BD57
:10FC50004C0400202DE9F84305460E4614464FF0AB
:10FC60000009F9F70AFD00284BD1F9F709FD002832
:10FC700047D125480068022803D1F9F7FBFC00288A
:10FC80003FD1002D3DD0002E3BD04FF0FF37BCB10F
:10FC9000A06858B1E068502808D3206930B105FB4E
:10FCA00006F06169814201D301270AE0A06840B9EA
:10FCB000E06830B9206920B9606910B9002700E018
:10FCC0000027012F09D10020009031462846A36863
:10FCD000226903F066FE814606E02FB90022314614
:10FCE000284603F02FFE8146B9F1000F09D014B168
:10FCF000D4F8008001E04FF000084146484603F088
:10FD0000E9FA4846BDE8F8834C0400202DE9F843A1
:10FD100007460D4691461C463E464FF00008F9F74F
:10FD2000ACFC48B9F9F7ACFC30B91D4800680228B2
:10FD300020D1F9F79FFCE8B10EB105B114B16FF015
:10FD400003082AE00020009000236A462946304636
:10FD500003F0B6FF012802D06FF002081DE0009802
:10FD6000D8B14FF080500F490860BFF34F8FBFF3F9
:10FD70006F8F12E006B115B96FF003080DE0002394
:10FD800022462946304603F0C7FE012805D014B1AB
:10FD90006FF0010801E06FF002084046BDE8F8830B
:10FDA0004C04002004ED00E02DE9F04104460D462E
:10FDB00024F0010604F001080027F9F75EFC48B9B9
:10FDC000F9F75EFC30B916480068022805D1F9F74A
:10FDD00051FC10B16FF005071FE016B96FF0030773
:10FDE0001BE0B8F1000F0CD02946304604F06EFA43
:10FDF000012812D015B16FF001070EE06FF0020775
:10FE00000BE02946304604F085F9012805D015B1EC
:10FE10006FF0010701E06FF002073846BDE8F0819E
:10FE20004C0400202DE9F04704460026F9F725FC94
:10FE3000002859D1F9F724FC002855D12C48006836
:10FE4000022803D1F9F716FC00284DD10CB16768E0
:10FE500000E0002707F0010008B1012500E00025BF
:10FE600007F0080008283FD04FF0FF3874B1A068B1
:10FE700028B1E068502802D34FF0010808E0A068DC
:10FE800030B9E06820B94FF0000801E04FF00008F9
:10FE9000B8F1010F0CD12DB10420A16803F03DFD94
:10FEA000064612E00120A16803F037FD06460CE08B
:10FEB000B8F1000F09D125B1042003F01DFD06465D
:10FEC00003E0012003F018FD06464EB114B1D4F84A
:10FED000009001E04FF000094946304603F0FAF97E
:10FEE00016B10DB146F001063046BDE8F0870000BE
:10FEF0004C0400202DE9F041044624F0010504F0F3
:10FF000001070026F9F7B9FB48B9F9F7B9FB30B991
:10FF100011480068022805D1F9F7ACFB10B16FF069
:10FF2000050616E015B96FF0030612E03FB128464A
:10FF300003F0B2FF01280CD06FF0020609E00023A5
:10FF40001A461946284603F0E7FD012801D06FF054
:10FF500002063046BDE8F0814C040020F8B50446A6
:10FF60000D46264600270EB93F1F33E0F9F785FB03
:10FF700048B9F9F785FB30B91748006802281DD148
:10FF8000F9F778FBD0B115B16FF0030722E000203C
:10FF900000906A460021304604F056F8012802D04D
:10FFA0006FF0020716E00098A0B14FF080500B49A7
:10FFB0000860BFF34F8FBFF36F8F0BE029463046C9
:10FFC00004F0A8F8012805D015B16FF0010701E091
:10FFD0006FF002073846F8BD4C04002004ED00E045
:10FFE00070B505462E46F9F748FB48B9F9F748FBC6
:10FFF00030B90B480068022805D1F9F73BFB10B176
:020000040801F1
:100000006FF005040AE016B96FF0030406E030460D
:1000100003F090F90024304603F072F9204670BDD9
:100020004C0400202DE9F84305460F4614464FF0D6
:100030000008F9F722FB002864D1F9F721FB00281A
:1000400060D132480068022803D1F9F713FB002879
:1000500058D1002D56D0AF4254D84FF0FF3664B17E
:10006000A06820B1E068502801D3012606E0A0680E
:1000700020B9E06810B9002600E00026701C70B3BB
:10008000012D23D1012E09D1032000900022114619
:100090000120A36803F085FC804605E003220021CF
:1000A000012003F04FFC8046B8F1000F1DD0E7B1EE
:1000B00000231A461946404603F02EFD012814D0AD
:1000C000404603F01DF94FF000080EE0012E07D165
:1000D00039462846A26803F0DDFB804605E011E0C2
:1000E0003946284603F0A8FB8046B8F1000F09D036
:1000F00014B1D4F8009001E04FF0000949464046A1
:1001000003F0E8F84046BDE8F88300004C04002006
:10011000F8B50446254600260DB9361F2CE0F9F740
:10012000ACFA48B9F9F7ACFA30B9144800680228BB
:1001300018D1F9F79FFAA8B1002000906946284627
:1001400003F03AFE012802D06FF0020614E0009896
:1001500090B14FF080500A490860BFF34F8FBFF352
:100160006F8F09E000231A461946284603F0D4FC95
:10017000012801D06FF002063046F8BD4C04002083
:1001800004ED00E02DE9F04786B08046894614462C
:1001900000200490F9F771FA00285ED1F9F770FA9F
:1001A00000285AD12E480068022803D1F9F762FAD4
:1001B000002852D1B8F1000F4FD04FF480761825A7
:1001C000002005900DF1140A471E44B3206808B1C1
:1001D000D4F800A0A06900B1A5692DB1382D03D8CD
:1001E000207900F0010018B1002006B0BDE8F087CA
:1001F000606908B160698608A06840B1E0685C2861
:1002000005D3206918B1606908B1012708E0A0682A
:1002100030B9E06820B9206910B9002700E0002754
:10022000012F0CD12169A0684B463246CDE900511F
:1002300002905146404604F0E9F804900DE067B999
:1002400004A8B2B24B465146CDE90050404604F0F6
:10025000ABF8012801D0002004900498C5E7000005
:100260004C0400202DE9F84F83460F469146BBF120
:10027000050F0ED2DFE80BF0030507090B00362649
:1002800015E0222613E00E2611E000260FE00026DE
:100290000DE000BF00BF97A34FF48B72A1A1A8A0EF
:1002A000F9F790F900BF00BF0020BDE8F88F00BF4C
:1002B000B9F1000F6FD0B9F1010F6DD0B9F1020F94
:1002C0006BD0B9F1030F69D10920FEF711FB044689
:1002D0000CB90020E9E784F80C900020206006F1BA
:1002E00010002044C01C20F00300606000BF207993
:1002F00000F00300002808D000BF7EA34FF49472E2
:1003000099A18FA0F9F75EF900BF00BF2781F01C0B
:1003100020F00300C0F51470B84201D9384604E05B
:10032000F01C20F00300C0F51470608100BF6189EB
:100330006068014404F51870814208D900BF6DA3BC
:100340004FF4977294A17EA0F9F73CF900BF00BF6B
:1003500000BFF01C20F00300C0F51470002808D185
:1003600000BF64A340F2311298A175A0F9F72AF9F1
:1003700000BF00BF0120E081A2466089A7EB000812
:100380005AE00920FEF7B4FA054645B9204600F0C8
:10039000DBFB002089E753E088E088E096E085F801
:1003A0000C90002068732860CAF8005000BF4FF618
:1003B000FF70804508DB00BF4EA34FF4A67290A1EA
:1003C0005FA0F9F7FFF800BF00BFA5F808801FFA8B
:1003D00088F0B0F5147F02D21FFA88F001E04FF4E4
:1003E0001470688105F11000686000BF287900F082
:1003F000030040B100BF3FA340F2511285A150A0BD
:10040000F9F7E0F800BF00BF00BF618960680144F0
:1004100004F51870814208D900BF36A340F2531288
:100420005DA147A0F9F7CEF800BF00BF0120E88129
:100430006889A8EB0008AA46B8F1000FA1DC52E0D9
:1004400006F1130020F00301F81C20F0030008441B
:1004500080B20090F81C20F003010098814201D97D
:10046000002022E70098FDF78BFF04460CB900201E
:100470001BE704F110003044C01C20F00300606052
:10048000278167810020206084F80C9000BF2079CC
:1004900000F0030040B100BF16A34FF4BB7269A186
:1004A00027A0F9F78FF800BF00BF1CE000BF0820AD
:1004B000FEF71EFA04460CB90020F6E60020606044
:1004C00027816781206084F80C900CE000BF00BF9A
:1004D00008A34FF4C67266A119A0F9F773F800BF1C
:1004E00000BF0020E1E600BF0120E0810020607332
:1004F0002046DAE62E2E2F4D6964646C65776172B2
:1005000065732F54686972645F50617274792F4CFF
:100510007749502F7372632F636F72652F70627506
:10052000662E6300706275665F616C6C6F633A2063
:100530006261642070627566206C6179657200008A
:10054000417373657274696F6E2022257322206671
:1005500061696C6564206174206C696E6520256436
:1005600020696E2025730A00706275665F616C6C8D
:100570006F633A207062756620702D3E7061796CF1
:100580006F61642070726F7065726C7920616C6944
:10059000676E656400000000636865636B20702D02
:1005A0003E7061796C6F6164202B20702D3E6C650C
:1005B0006E20646F6573206E6F74206F766572664F
:1005C0006C6F7720706275660000000050425546DF
:1005D0005F504F4F4C5F42554653495A45206D7509
:1005E0007374206265206269676765722074686150
:1005F0006E204D454D5F414C49474E4D454E540090
:1006000072656D5F6C656E203C206D61785F753141
:10061000365F7400706275665F616C6C6F633A2060
:100620007062756620712D3E7061796C6F61642017
:1006300070726F7065726C7920616C69676E656449
:1006400000000000706275665F616C6C6F633A2039
:10065000706275662D3E7061796C6F616420707296
:100660006F7065726C7920616C69676E65640000FB
:10067000706275665F616C6C6F633A206572726F51
:100680006E656F7573207479706500002DE9F04711
:1006900006460F4690461C46DDE9089A052E0ED206
:1006A000DFE806F0030507090B00362515E02225D3
:1006B00013E00E2511E000250FE000250DE000BF3E
:1006C00000BF16A340F2C51220A129A0F8F77AFFB7
:1006D00000BF00BF0020BDE8F08700BFE81C20F08D
:1006E00003003844504501D90020F4E70020206081
:1006F000B9F1000F05D0E81C20F003004844606009
:1007000001E000206060022060732781678184F827
:100710000C800120E0812046DDE700002E2E2F4DC9
:100720006964646C6577617265732F54686972647B
:100730005F50617274792F4C7749502F7372632F19
:10074000636F72652F706275662E630070627566E6
:100750005F616C6C6F6365645F637573746F6D3A32
:10076000206261642070627566206C617965720038
:10077000417373657274696F6E202225732220663F
:1007800061696C6564206174206C696E6520256404
:1007900020696E2025730A0070B506460D4600BF1D
:1007A0000EB1002D09D100BF1BA34FF4537226A137
:1007B00033A0F8F707FF00BF70BD00BF344604E068
:1007C0002089298908442081246820680028F7D1DD
:1007D00000BF20896189884208D000BF0EA340F283
:1007E000553231A126A0F8F7EDFE00BF00BF00BFD3
:1007F000206840B100BF08A340F2563236A120A0C5
:10080000F8F7E0FE00BF00BF208929890844208155
:10081000256000BFD0E700002E2E2F4D6964646C68
:100820006577617265732F54686972645F50617295
:1008300074792F4C7749502F7372632F636F7265F1
:100840002F706275662E6300286820213D204E556A
:100850004C4C2920262620287420213D204E554C22
:100860004C29202870726F6772616D6D65722076F9
:10087000696F6C6174657320415049290000000064
:10088000417373657274696F6E202225732220662E
:1008900061696C6564206174206C696E65202564F3
:1008A00020696E2025730A00702D3E746F745F6C92
:1008B000656E203D3D20702D3E6C656E20286F6674
:1008C000206C617374207062756620696E206368A5
:1008D00061696E2900000000702D3E6E65787420FD
:1008E0003D3D204E554C4C0070B505460C4621460A
:1008F0002846FFF751FF204600F0B8FB70BD0146C7
:10090000002002E0421C90B209680029FAD1704729
:100910002DE9F04105460C460026002700BF25B111
:100920001CB12889218988420CDA00BF48A34FF402
:100930006F7253A15EA0F8F745FE00BF6FF00F0085
:10094000BDE8F08100BF00BF6889801B6189C91BB9
:10095000884204DB6089C01B1FFA80F803E06889C5
:10096000801B1FFA80F86268D1196A6890194246A4
:10097000EFF73DFD06EB080086B207EB080087B2F3
:1009800000BF6889B04208DA00BF31A340F2CD321F
:1009900051A147A0F8F716FE00BF00BF00BF608955
:1009A000B84208DA00BF2AA340F2CE3250A140A0DC
:1009B000F8F708FE00BF00BF6089B84201DC0027DD
:1009C00024686889B04211D100262D6800BF65B93E
:1009D0005CB100BF1EA34FF476724CA134A0F8F7AF
:1009E000F1FD00BF6FF00F00AAE700BF002C13D08D
:1009F0006089218988420FD100BF206858B100BFAB
:100A000013A340F2DD3245A129A0F8F7DBFD00BFBA
:100A10006FF0050094E700BF002D13D06889298985
:100A200088420FD100BF286858B100BF08A340F228
:100A3000E2323AA11EA0F8F7C5FD00BF6FF0050035
:100A40007EE700BF002C7FF47FAF002078E7000036
:100A50002E2E2F4D6964646C6577617265732F5417
:100A6000686972645F50617274792F4C7749502FB6
:100A70007372632F636F72652F706275662E6300E9
:100A8000706275665F636F70793A20746172676532
:100A900074206E6F742062696720656E6F75676879
:100AA00020746F20686F6C6420736F7572636500CB
:100AB000417373657274696F6E20222573222066FC
:100AC00061696C6564206174206C696E65202564C1
:100AD00020696E2025730A006F66667365745F7403
:100AE0006F203C3D20705F746F2D3E6C656E000082
:100AF0006F66667365745F66726F6D203C3D207033
:100B00005F66726F6D2D3E6C656E0000705F746F76
:100B100020213D204E554C4C00000000706275664F
:100B20005F636F7079282920646F6573206E6F741E
:100B300020616C6C6F77207061636B6574207175D8
:100B400065756573210000002DE9F0470446002C0F
:100B50000ED100BF44B900BF3CA340F2D22247A14E
:100B600049A0F8F72FFD00BF00BF0020BDE8F087C7
:100B700000BF207B002811D0207B01280ED0207BD5
:100B800002280BD0207B032808D000BF2FA34FF4EE
:100B9000377247A13CA0F8F715FD00BF00BF002643
:100BA00050E001F089FB824600BFE089002808DCA4
:100BB00000BF26A340F2EB2243A133A0F8F702FDC9
:100BC00000BF00BFE089401E1FFA80F8A4F80E8025
:100BD000504601F07DFBB8F1000F31D12768257B2D
:100BE000607B00F00200002813D0A14600BFD9F8B6
:100BF000100040B900BF15A340F2F92238A122A08D
:100C0000F8F7E0FC00BF00BF2046D9F81010884775
:100C100012E0032D04D121460920FDF7EBFD0BE086
:100C2000012D01D0022D04D121460820FDF7E2FD5F
:100C300002E02046FDF776FA701CC6B23C4600E0A2
:100C4000002400BF002CACD130468FE72E2E2F4D54
:100C50006964646C6577617265732F546869726446
:100C60005F50617274792F4C7749502F7372632FE4
:100C7000636F72652F706275662E63007020213D70
:100C8000204E554C4C000000417373657274696FBF
:100C90006E2022257322206661696C656420617470
:100CA000206C696E6520256420696E2025730A001A
:100CB000706275665F667265653A2073616E652065
:100CC0007479706500000000706275665F66726519
:100CD000653A20702D3E726566203E20300000008F
:100CE00070632D3E637573746F6D5F667265655FCB
:100CF00066756E6374696F6E20213D204E554C4CB5
:100D00000000000070B504460D460022294620462A
:100D100000F00AF870BD70B504460D460122294660
:100D2000204600F001F870BD2DE9F04704460D465D
:100D3000904600BF44B900BF30A340F23F223BA120
:100D40003DA0F8F73FFC00BF00BF05B114B900207B
:100D5000BDE8F087002D11DA684287B200BF6089D4
:100D6000B8420ADA00BF25A340F247223CA132A0D4
:100D7000F8F728FC00BF0120EAE700E0AFB2267BCD
:100D8000D4F804900EB1032E0BD16068401B606054
:100D900004F110006168814228D2C4F80490012057
:100DA000D6E7022E01D0012E13D1002D06DA60897C
:100DB000B84203DB6068401B606017E0002D06DD71
:100DC000B8F1000F03D06068401B60600EE00120A6
:100DD000BEE700BF00BF09A340F2772228A116A0FA
:100DE000F8F7F0FB00BF00BF0120B1E7608928449D
:100DF00060812089284420810020A9E72E2E2F4DD4
:100E00006964646C6577617265732F546869726494
:100E10005F50617274792F4C7749502F7372632F32
:100E2000636F72652F706275662E63007020213DBE
:100E3000204E554C4C000000417373657274696F0D
:100E40006E2022257322206661696C6564206174BE
:100E5000206C696E6520256420696E2025730A0068
:100E6000696E6372656D656E745F6D61676E6974DE
:100E7000756465203C3D20702D3E6C656E00000061
:100E8000626164207062756620747970650000008C
:100E90002DE9F04105460F4600BF002D08D100BFE7
:100EA0003DA340F2F31248A14DA0F8F78BFB00BF21
:100EB00000BF00BF287B032811D0287B01280ED05B
:100EC000287B00280BD0287B022808D000BF32A343
:100ED0004FF4FA724CA142A0F8F774FB00BF00BFB8
:100EE0002889B84201DCBDE8F0812889A7EB000819
:100EF0003E462C4621E06089301A86B200BF4FF68C
:100F0000FF70804508DB00BF23A340F20B2245A100
:100F100033A0F8F757FB00BF00BF20894044208171
:100F2000246800BF44B900BF1BA340F20F2242A1B6
:100F30002BA0F8F747FB00BF00BF6089B042DADBA7
:100F4000207B00281BD16089B04218D0607B00F064
:100F50000200002813D1A088001B304481B2204633
:100F6000FDF752FB044600BF44B900BF0AA340F29C
:100F70001D2237A11AA0F8F725FB00BF00BF66812C
:100F800060892081206810B12068FFF7DDFD002016
:100F9000206000BFA7E700002E2E2F4D6964646C0F
:100FA0006577617265732F54686972645F5061720E
:100FB00074792F4C7749502F7372632F636F72656A
:100FC0002F706275662E6300706275665F72656170
:100FD0006C6C6F633A207020213D204E554C4C00C4
:100FE000417373657274696F6E20222573222066C7
:100FF00061696C6564206174206C696E652025648C
:1010000020696E2025730A00706275665F726561E3
:101010006C6C6F633A2073616E6520702D3E74793D
:101020007065000067726F77203C206D61785F7596
:1010300031365F7400000000706275665F72656132
:101040006C6C6F633A207120213D204E554C4C0052
:101050006D656D5F7472696D2072657475726E6511
:10106000642071203D3D204E554C4C0070B5044627
:10107000002C18D000BF01F01FF90546E089401C84
:10108000E081284601F024F900BF00BFE089002874
:1010900008DC00BF04A340F239320FA113A0F8F717
:1010A00091FA00BF00BF70BD2E2E2F4D6964646C95
:1010B0006577617265732F54686972645F506172FD
:1010C00074792F4C7749502F7372632F636F726559
:1010D0002F706275662E6300706275662072656699
:1010E000206F766572666C6F7700000041737365E0
:1010F0007274696F6E2022257322206661696C65A7
:1011000064206174206C696E6520256420696E20FE
:1011100025730A0070B50446002500BF20684068AA
:10112000002808D000BF18A34FF40B7223A12BA0F6
:10113000F8F748FA00BF00BF2068007800F0F00020
:10114000202815D1284601F01FFE2168486020683C
:10115000406860B120680078222803D1012021680E
:101160004968087422682749506801F041FE02E08E
:10117000FA20207170BD00BF2068406808B9FF20C8
:10118000207100BFF6E700002E2E2F4D6964646CBD
:101190006577617265732F54686972645F5061721C
:1011A00074792F4C7749502F7372632F6170692FB8
:1011B0006170695F6D73672E630000007063625F2A
:1011C0006E65773A2070636220616C726561647944
:1011D00020616C6C6F6361746564000041737365BA
:1011E0007274696F6E2022257322206661696C65B6
:1011F00064206174206C696E6520256420696E200E
:1012000025730A00511F010870B5044600BF374816
:101210000068844208D200BF35A340F25D1240A1AD
:1012200045A0F8F7CFF900BF00BF00BF4C480068E9
:10123000844208D300BF2EA34FF4AF7249A13EA051
:10124000F8F7C0F900BF00BF00BF2079002808D020
:1012500000BF27A340F25F1249A137A0F8F7B2F907
:1012600000BF00BF00BF2088B0F5C86F08D900BF1D
:101270001FA34FF4B17249A12FA0F8F7A3F900BF43
:1012800000BF2088194909684518AC4215D0287953
:1012900098B93348006885420FD04B480068A8428F
:1012A00001D1494804602888208010480088201A0D
:1012B00029880E4A12681144488060880B490968E1
:1012C0004618A64211D0307978B93F480068A0424C
:1012D00001D13D4806602088308004480088301ADB
:1012E0002188024A12681144488070BD840400209D
:1012F0002E2E2F4D6964646C6577617265732F546F
:10130000686972645F50617274792F4C7749502F0D
:101310007372632F636F72652F6D656D2E630000AE
:10132000706C75675F686F6C65733A206D656D20D2
:101330003E3D2072616D0000417373657274696F88
:101340006E2022257322206661696C6564206174B9
:10135000206C696E6520256420696E2025730A0063
:1013600088040020706C75675F686F6C65733A2045
:101370006D656D203C2072616D5F656E64000000DC
:10138000706C75675F686F6C65733A206D656D2D65
:101390003E75736564203D3D20300000706C7567BC
:1013A0005F686F6C65733A206D656D2D3E6E657874
:1013B00074203C3D204D454D5F53495A455F414C9B
:1013C00049474E45440000008C0400202DE9F041BF
:1013D00005460E461648076816480068001D01F0CD
:1013E00011FE681C38B936B112480168091D12484F
:1013F00001F082FE1AE07C190E4800684460BC428D
:1014000007D20C480168091D0C48006801F05AFE1B
:101410000CE008480168091D0948006801F052FE07
:1014200008480068844201D206480460BDE8F081A3
:1014300010040020FC030020D048002004040020F9
:10144000000400202C04002010B5044601F060FECA
:1014500024480068401C234908602348006840B9BC
:10146000214804600846006801280DD100F010FAF8
:101470000AE01E48006838B91B480068C06AE16A83
:10148000884201D81848046019480068401C18496F
:1014900008600846006860641649E06A0968884286
:1014A00002D91449E06A0860E16A01EB8101124A3D
:1014B00002EB8100211D01F01FFE01F053FE0B48DD
:1014C000006868B108480068C06AE16A884207D2CB
:1014D0004FF0805009490860BFF34F8FBFF36F8F03
:1014E00010BD00000C040020FC03002018040020A4
:1014F00028040020140400202044002004ED00E013
:1015000008B501F005FE12480068E8B9114801F07D
:10151000C9FD114801F0C6FD0E48104908600E488B
:101520000F49086000200F4B0F4A102100900A203D
:1015300002F037FA064908600846006820B10BA19E
:101540000348006801F0C6FE01F00CFE08BD000073
:1015500040040020E4480020F8480020380400201F
:101560003C0400200C4900205C490020546D72515D
:101570000000000010B516E001F0CAFD0C48C0687C
:10158000C468201D01F03EFD0A480068401E09495C
:10159000086009480068401E0749086001F0E2FD44
:1015A000204600F05EF8044800680028E4D110BD31
:1015B000BC4800200C0400200804002070B504463C
:1015C0000D46206C70B1216CE0680844E0606168F1
:1015D000E068884201D32068E0602846226CE16818
:1015E000EEF705FF70BD2DE9F04104460F461546A4
:1015F0004FF00008A66B206C40B9206860BB6068A3
:1016000003F028F880460020606025E07DB9394667
:10161000226CA068EEF7EBFE216CA0680844A06085
:10162000D4E90110884217D32068A06014E039463D
:10163000226CE068EEF7DBFE216CE068401AE060A7
:101640002168E068884203D2216C6068401AE0603B
:10165000022D01D106B1761E701CA0634046BDE884
:10166000F08110B5044694F8590030B9206B01F0B0
:1016700097FD204601F094FD1AE094F859000128E6
:1016800003D1204601F08CFD12E094F859000228A5
:1016900001D1012000E0002050B900BF502080F3AC
:1016A0001188BFF34F8FBFF36F8F00BF00BFFEE7FE
:1016B00010BD01464A6A22B10A6B1268C2F13800B5
:1016C00000E00020704700000146084A12681268D6
:1016D0000AB9012200E000220A600A6822B9034A1E
:1016E0001268D268106800E00020704738040020BB
:1016F00030B54FF4A043174800F007042CB1C01DCB
:1017000020F00700134C041B1B1B0246124C2260E6
:101710000024114D6C60D018083820F007000F4CE1
:10172000206000240D4D2D686C600C4D2D682C60E0
:101730001146441A4C60094C24680C60084D4C68F2
:101740002C60084D4C682C604FF00044064D2C6016
:1017500030BD0000B4560020500400205804002082
:10176000600400205C0400206404002000BFFFF738
:1017700001FF064800680128F9D94FF0805004495C
:101780000860BFF34F8FBFF36F8FF0E72044002056
:1017900004ED00E010B504464CB10020606020600C
:1017A000E06000231A461946204602F0B5F910BD44
:1017B0002DE9F04106460D4617469846069C0DB9A0
:1017C000246000E02760E66325640121204602F0E2
:1017D00057F984F84C80BDE8F0812DE9F05F82462E
:1017E0000F4690469B460A9E0C9C4FEA8801A52214
:1017F000206BEEF70EFEA8F10100216B01EB8009D2
:1018000029F0070909F0070008B9012000E00020CD
:1018100050B900BF502080F31188BFF34F8FBFF342
:101820006F8F00BF00BFFEE7002507E0795D04F180
:1018300034004155785D00B902E06D1C102DF5D3E0
:1018400000BF002143200155382E00D33726E66221
:10185000E66400202065201D01F031FC04F1180031
:1018600001F02DFC2461C6F13800A0616462002003
:10187000606584F858005A465146484600F052FBCD
:1018800020600B9808B10B980460BDE8F09F000041
:1018900010B5002407E004EB84010F4A02EB81003D
:1018A00001F000FC641C382CF5D30C4801F0FAFB65
:1018B0000B4801F0F7FB0B4801F0F4FB0A4801F07C
:1018C000F1FB0A4801F0EEFB0448094908600448AE
:1018D0000849086010BD0000204400208048002016
:1018E00094480020A8480020BC480020D048002090
:1018F000000400200404002010B50146164800E052
:10190000006803688B42FBD30246436813448B4252
:1019100004D143684C682344436001460A464B683F
:1019200013440468A34211D10C4C03682468A342F9
:1019300008D04B680468646823444B6003681B68E4
:101940000B6005E0054B1B680B6001E003680B6052
:10195000884200D0016010BD5004002058040020CF
:101960002DE9F04104460D4616461F464FF000088B
:1019700065602461B5420CD8F01BA169884202D38E
:101980004FF0010811E0211D0948006801F09AFBA1
:101990000BE0BE4204D2BD4202D34FF0010804E086
:1019A000211D0448006801F08DFB4046BDE8F08130
:1019B0003C0400203804002070B5054601F0A8FB67
:1019C000A86B08B9012400E0002401F0CBFB2046FD
:1019D00070BD70B5054601F09BFBA86BE96B8842B2
:1019E00001D1012400E0002401F0BCFB204670BDC1
:1019F000F8B505460F4616480068C068C468201D43
:101A000001F000FBE06901281DD1A06941192B46B6
:101A10003A462046FFF7A4FFA8B1002003462A4615
:101A200001460090204602F0C3FF064656B900BFAB
:101A3000502080F31188BFF34F8FBFF36F8F00BF2B
:101A400000BFFEE700BF2046616A8847F8BD00007E
:101A500038040020F0B587B082E00398002811DA3E
:101A600004AE56B900BF502080F31188BFF34F8FEA
:101A7000BFF36F8F00BF00BFFEE7D6E90020B1685B
:101A8000904700BF039800286ADB059C606908B98D
:101A9000012000E0002010B9201D01F0B3FA02A8D7
:101AA00000F0C0F8054603980A2857D2DFE800F096
:101AB00009050731334F0608323400BF00BF00BFAD
:101AC00000BF0498A269811803462A462046FFF702
:101AD00047FFE8B12046616A8847E069012817D1CD
:101AE000002000900498A16942180023194620465E
:101AF00002F05EFF074657B900BF502080F31188FF
:101B0000BFF34F8FBFF36F8F00BF00BFFEE700BF73
:101B100025E000BF23E000BF0498A061A06908B1E0
:101B2000012000E0002050B900BF502080F3118850
:101B3000BFF34F8FBFF36F8F00BF00BFFEE7A069F9
:101B400041192B462A462046FFF70AFF07E094F882
:101B50002C0010B9204601F023FB00E000BF00BFBD
:101B6000002203A90448006802F0BAF900287FF4B3
:101B700074AF07B0F0BD000040040020F8B5054682
:101B80000C4601F055FD684600F04CF806460098FA
:101B900020BB44B9B54206D802F04CFE3146284677
:101BA000FFF726FF1CE03CB10E480068006808B94A
:101BB000012000E000200446A91B22460A480068D4
:101BC00001F0D0FB02F036FE50B94FF080500749CB
:101BD0000860BFF34F8FBFF36F8F01E002F02AFE62
:101BE000F8BD00003C0400204004002004ED00E0AB
:101BF0000A490968096809B9012100E0002121B1F9
:101C00004FF0FF31064A116006E004490968C968CF
:101C1000C868034A41681160704700000004002052
:101C20002C04002070B5044602F062FC054607480B
:101C30000068854204D200F00BF80120206001E02A
:101C40000020206001480560284670BD480400203F
:101C50002DE9F84332E024480068C068056822484E
:101C60000068C068C468201D01F0CCF92046616A94
:101C70008847E069012821D1A0694619AE4207D9F9
:101C800066602461211D1848006801F01BFA15E008
:101C9000002003462A4601460090204602F088FEB6
:101CA000074657B900BF502080F31188BFF34F8F0C
:101CB000BFF36F8F00BF00BFFEE700BF0A48006898
:101CC000006808B9012000E000200028C3D00648C1
:101CD000D0F8008005480068034908600348C0F850
:101CE0000080BDE8F8830000380400203C04002098
:101CF0000E480068401C08B9012000E0002050B9DF
:101D000000BF502080F31188BFF34F8FBFF36F8F58
:101D100000BF00BFFEE700BF502080F31188BFF373
:101D20004F8FBFF36F8F00BF00BFFEE76804002036
:101D300008B500BF6846FFF7C7FC04462046009977
:101D4000FFF71CFFFFF786FEF4E770B5044601F0CD
:101D5000DFF994F9455010E0606A08B9012000E00D
:101D6000002038B904F1240002F018FD18B101F088
:101D700059FB00E003E0681E45B2002DECDC00BF1B
:101D8000FF2084F8450001F0EDF901F0C1F994F964
:101D9000445010E0206908B9012000E0002048B953
:101DA00004F1100002F0FAFC08B101F03BFB681EE0
:101DB00045B200E001E0002DECDC00BFFF2084F81C
:101DC000440001F0CFF970BD2DE9F04104464FF019
:101DD000000801F02DFC4648006808B9FFF788FCB0
:101DE00044480068204000286BD1D4B1083404F086
:101DF0000700B0B104F00700C0F10800044404F08B
:101E0000070008B9012000E0002050B900BF5020B1
:101E100080F31188BFF34F8FBFF36F8F00BF00BFF8
:101E2000FEE7002C4DD034480068844249D8334E38
:101E30003046056801E02E462D686868A04202D24F
:101E400028680028F7D12A480068854239D03068D0
:101E500000F10808286830606868001B102819D94C
:101E60002F1907F0070008B9012000E0002050B941
:101E700000BF502080F31188BFF34F8FBFF36F8FE7
:101E800000BF00BFFEE76868001B78606C603846E2
:101E9000FFF732FD184968680968081A1649086092
:101EA0000846006816490968884203D2124800684B
:101EB000134908600F496868096808436860002092
:101EC000286002F0B7FC08F0070008B9012000E024
:101ED000002050B900BF502080F31188BFF34F8F0E
:101EE000BFF36F8F00BF00BFFEE74046BDE8F08143
:101EF00058040020640400205C04002050040020EA
:101F0000600400200648006830B10549096801F105
:101F10005000096D491C01600148006870470000CD
:101F2000FC030020001F4FF080730360001F21F0AE
:101F300001030360001F054B036014380260001F9B
:101F40006FF002030360203870470000F11C0108A5
:101F50002DE9F05F0746884616469946DDF828B019
:101F600000BFB8F1000F07D100BF2DA3B12239A1E6
:101F700041A0F7F727FB00BF00BF00BF002F07D12C
:101F800000BF27A3B22246A13BA0F7F71BFB00BF6F
:101F900000BF3D4625B93046FEF7D6FDBDE8F09FAF
:101FA00000BF6868404507D000BF1DA3BA2244A106
:101FB00031A0F7F707FB00BF00BF05F1100000F0EC
:101FC00001FA18B93046FEF7BFFDE7E70320FCF73A
:101FD0008FFC04461CB93046FEF7B6FDDEE72660EE
:101FE0006660B9F1000F01D1002001E0D9F80000CE
:101FF000A060A4F80CB0B6F808A0214605F11000C6
:1020000000F0D1F918B12046FCF7E6FDC6E7E86913
:1020100020B1524600212846EB69984700BFBDE732
:102020002E2E2F4D6964646C6577617265732F5431
:10203000686972645F50617274792F4C7749502FD0
:102040007372632F6170692F6170695F6D73672EA2
:1020500063000000726563765F756470206D757350
:102060007420686176652061207063622061726708
:10207000756D656E74000000417373657274696FED
:102080006E2022257322206661696C65642061746C
:10209000206C696E6520256420696E2025730A0016
:1020A000726563765F756470206D75737420686106
:1020B000766520616E20617267756D656E740000D3
:1020C000726563765F7564703A2072656376206628
:1020D0006F722077726F6E6720706362210000005C
:1020E00010B52DED088B54480246D2E9021206C005
:1020F0005149524A05CAC1E9020208468068096886
:10210000401A4D4908610846C0684968411A4A4862
:10211000416101694069081A00EE100AB8EEC00A70
:10212000DFED470A20EE200ADFED460A80EE201A96
:102130009FED450A21EE000A3F4880ED090A90ED27
:102140000A0AD0ED090A30EE200A80ED0A0A01469B
:102150000A6949695018EEF703FB41EC1A0B9FED31
:102160003B0B53EC102BEEF71AFA41EC190BEEF780
:1021700083FB08EE100A3048D0ED0A0AB0EE600A80
:10218000EEF77EF860EE080A2B4890ED060A9FED08
:102190002C1A00EE810A80ED060AD0ED0A0AB0EE94
:1021A000600AEEF7A9F860EE080A234890ED070AE6
:1021B0009FED231A00EE810A80ED070A254890ED75
:1021C000000A1D4880ED080A90ED0A0A10EE101A68
:1021D0000846EEF70EFB41EC1B0B9FED1F0B53EC7B
:1021E000102BEEF7DCF941EC1A0B9FED1D1BB0EE46
:1021F0004A0AF0EE6A0AF7F7ABFCB0EE409AF0EE4E
:10220000609A51EC190BEEF737FB0B49C862084690
:1022100090ED0B0ADFED140AB4EEE00AF1EE10FACD
:1022200007DD90ED0B0ADFED110A30EE600A80ED5C
:102230000B0ABDEC088B10BD0C0700208C000020A1
:102240007A0D6A39B81E453FB81E653F0000000090
:102250000000E03F5C000020E3A9471ADCA54C40E9
:102260000000000000807640000034430000B443CA
:102270002DE9F041044688461546FDF701FC074666
:102280007DB12B46002241462068FDF777FC0646CB
:1022900026B9FDF7F5FBC01BBDE8F0814FF0FF301C
:1022A000FAE74FF0FF33002241462068FDF766FC55
:1022B000FDF7E6FBC01BEFE710B54FF0FF31034819
:1022C0000068FDF771FD012010BD0000E80400204A
:1022D00010B5044602480068FDF70CFE10BD000072
:1022E000E80400202DE9F0471A48006800282FD0A4
:1022F00000F08AF8814618480068A9EB000600BF84
:102300004FF0000813480468F4B16068B0421BD86D
:102310004FF0010810496068096808440E490860D8
:102320006068361A0B4920680860A568E76821468E
:102330000720FCF75FFA3DB1084800F04AF838463C
:10234000A847064800F05AF8B8F1000FD8D100BFEE
:10235000BDE8F087C8040020CC04002080040020E1
:1023600010B50020FDF75EFD0149086010BD0000BA
:10237000E804002010B504462068FDF74BFC2068F7
:10238000FDF7DAFB10BD70B504460D4600220421AE
:102390002846FDF75FFC2060206810B94FF0FF3041
:1023A00070BD0020FCE773B5054600231A4601A95D
:1023B0002868FDF7ABFC08B9002401E04FF0FF34BA
:1023C00020467CBD0146086808B9002070470120FE
:1023D000FCE710B504464FF0FF312068FDF7E4FC40
:1023E00010BD10B504460020FDF71CFD20602068DC
:1023F00010B94FF0FF3010BD0020FCE710B50446C7
:102400002068FDF777FD10BD10B5F2F769FA10BD31
:1024100010B504462068FDF7E3FD10BD70B5044615
:102420000D46002229464FF6FF70FDF7FBFD2060A8
:10243000206810B94FF0FF3070BD1DB90021206831
:10244000FDF78CFD0020F7E70146086808B9002079
:1024500070470120FCE72DE9F0418AB004460D46A3
:1024600016461F46DDF84080242101A8EDF7D8FF6D
:1024700001940697CDF81C8001AA31462846FDF745
:1024800081FE0AB0BDE8F0812DE9F0470646894695
:1024900092460720FCF72CFA0446002C0CD100BF12
:1024A00007D100BF31A3D4223DA14DA0F7F78AF890
:1024B00000BF00BFBDE8F087FFF7A6FF0746524800
:1024C000006820B94FF000085048076003E04F480B
:1024D0000068A7EB000800202060C4F80890C4F84A
:1024E0000CA006EB080060604748006810B9464839
:1024F0000460DFE7444800684068B0420CD94248B5
:1025000000684068801B4049096848603E48006890
:1025100020603D48046026E03B48056820E0606894
:102520006968401A6060286820B12868406861685E
:10253000884214D9286830B1286840686168401A18
:102540002968486007E06068B04204D92E480068F6
:10255000406830446060286820602C6002E02D688C
:10256000002DDCD100BF00BFA4E700002E2E2F4DB0
:102570006964646C6577617265732F54686972640D
:102580005F50617274792F4C7749502F7372632FAB
:10259000636F72652F74696D656F7574732E630058
:1025A0007379735F74696D656F75743A2074696DC2
:1025B000656F757420213D204E554C4C2C20706F5A
:1025C0006F6C204D454D505F5359535F54494D45F5
:1025D0004F555420697320656D70747900000000B8
:1025E000417373657274696F6E20222573222066B1
:1025F00061696C6564206174206C696E6520256476
:1026000020696E2025730A00C8040020CC04002035
:1026100010B5002408E0084901EBC40251F8340069
:102620000649FFF731FF641C022CF4D3FFF7ECFEE0
:102630000349086010BD0000C44B010809B100083F
:10264000CC04002070B505460E4600BF0C4800685B
:1026500028B9002231462846FFF70AFE70BD00F077
:1026600011F8044634B1224631462846FFF700FEF1
:10267000401C10B9FFF736FEE8E700BFEEE70000A8
:10268000C804002010B50B48006810B94FF0FF30A7
:1026900010BDFFF7B9FE08490968441A05480068EB
:1026A0004068A04201D20020F2E70248006840687A
:1026B000001BEDE7C8040020CC04002038B5044618
:1026C0000D46FBF793FB1748046017480560062189
:1026D0001648FFF758FE00280AD000BF00BF14A319
:1026E00040F2D5121EA127A0F6F76CFF00BF00BF75
:1026F0002E48FFF776FE00280AD000BF00BF0CA3CB
:1027000040F2D9122AA11FA0F6F75CFF00BF00BF5C
:1027100003204FF4806300222E4900902EA0FFF783
:102720009AFE38BD74040020780400207C04002048
:102730002E2E2F4D6964646C6577617265732F541A
:10274000686972645F50617274792F4C7749502FB9
:102750007372632F6170692F74637069702E6300E8
:102760006661696C656420746F206372656174656D
:102770002074637069705F746872656164206D6253
:102780006F780000417373657274696F6E20222543
:102790007322206661696C6564206174206C696EC7
:1027A0006520256420696E2025730A0080040020BE
:1027B0006661696C656420746F206372656174651D
:1027C000206C6F636B5F74637069705F636F7265B9
:1027D000000000000529010874637069705F746867
:1027E00072656164000000002DE9F04105460E4667
:1027F000174600BF1448FFF7E5FD38B900BF13A323
:10280000B5221EA121A0F6F7DDFE00BF00BF062005
:10281000FCF76EF804461CB94FF0FF30BDE8F081BC
:10282000022020706560A660E76021460648FFF739
:10283000BAFD30B121460620FBF7DCFF4FF0FF3038
:10284000ECE70020EAE700007C0400202E2E2F4D4C
:102850006964646C6577617265732F54686972642A
:102860005F50617274792F4C7749502F7372632FC8
:102870006170692F74637069702E6300496E7661B0
:102880006C6964206D626F780000000041737365AD
:102890007274696F6E2022257322206661696C65EF
:1028A00064206174206C696E6520256420696E2047
:1028B00025730A0070B505460C4694F82B0000F00D
:1028C000180028B1054A21462846FFF78DFF70BD44
:1028D000034A21462846FFF787FFF8E76DC1000845
:1028E00091CB000870B504460D4616460448FFF724
:1028F00070FD2846A0470248FFF780FD002070BD0C
:102900008004002008B52948006820B128480068E4
:102910002649096888472748FFF75BFD44E02548BA
:10292000FFF76CFD69462448FFF78CFE2148FFF74E
:1029300050FD009800280AD100BF00BF1FA36922E4
:102940002AA132A0F6F73EFE00BF00BF2CE000989F
:102950000078022804D003280BD0042817D111E0F6
:10296000009B1B1D07CB904706200099FBF742FFF9
:1029700018E0009AD2E90110884705200099FBF77A
:1029800039FF0FE0009AD2E9011088470AE000BF42
:1029900000BF0AA39B2215A11CA0F6F713FE00BFDF
:1029A00000BF00BF00BF00BFB9E7000074040020F3
:1029B00078040020800400207C0400202E2E2F4D5F
:1029C0006964646C6577617265732F5468697264B9
:1029D0005F50617274792F4C7749502F7372632F57
:1029E0006170692F74637069702E6300746370691D
:1029F000705F7468726561643A20696E76616C69B3
:102A000064206D65737361676500000041737365D1
:102A10007274696F6E2022257322206661696C656D
:102A200064206174206C696E6520256420696E20C5
:102A300025730A002DE9F04105460E46174606B9F2
:102A40001F4E05B11EB96FF00500BDE8F0814FF0D3
:102A500000081C48046805E0A54202D14FF00108B7
:102A600002E0E468002CF7D100BF37B900F094F918
:102A70000746A7B96FF00700E7E7124804680CE0C3
:102A8000A54209D0608AB84206D1206831688842E0
:102A900002D16FF00700D8E7E468002CF0D10EB93E
:102AA000002000E0306828606F82B8F1000F04D188
:102AB00004480068E860034805600020C5E700009E
:102AC000D44B0108D40400202DE9F04104460D4602
:102AD000174604B11DB96FF00500BDE8F081608AAA
:102AE00058B9628A21462046FFF7A4FF8046B8F114
:102AF000000F01D04046F0E700BF0DB9002000E014
:102B000028686060A782207C40F004002074084898
:102B1000066804E0B44201D10020DEE7F668002E2A
:102B2000F8D103480068E060014804600020D4E761
:102B3000D4040020704700002DE9F34F83B0054610
:102B4000002002906889082803DA2846FDF7FCFF78
:102B500092E06F684A4A11685069F9F78EFE834621
:102B60003888FBF73DF981467888FBF739F98246CA
:102B700000240026A0464348046825E0608A5045AA
:102B800020D15A462046049900F0B4F8D0B1207CF8
:102B900000F0040018B9B8F1000F00D1A046A08AD7
:102BA00048450FD1606820B135496068096988429D
:102BB00008D136B1E068F06032480068E060314822
:102BC000046003E02646E468002CD7D100BF04B9B6
:102BD000444614B10120029009E004984068284955
:102BE0004969884201D1012000E00020029002984A
:102BF00000283DD06FF007012846FEF783F870B13A
:102C000000BF00BF20A340F255122BA12FA0F6F762
:102C1000D9FC00BF00BF2846FDF796FF2CE07CB131
:102C2000A06948B1CDF80090154B10332A462146D3
:102C3000D4E906C0E0471EE02846FDF785FF1BE00B
:102C4000BBF1000F10D10E48007D00F0F000E0282D
:102C50000AD00B488089083001B22846FEF75BF89D
:102C600003212846F9F736FC2846FDF76DFF02E000
:102C70002846FDF769FF00BF05B0BDE8F08F0000F2
:102C8000B4A60020D40400202E2E2F4D6964646C5D
:102C90006577617265732F54686972645F50617201
:102CA00074792F4C7749502F7372632F636F72655D
:102CB0002F7564702E630000706275665F686561D1
:102CC000646572206661696C65640A0041737365AE
:102CD0007274696F6E2022257322206661696C65AB
:102CE00064206174206C696E6520256420696E2003
:102CF00025730A0030B503468AB173B1186860B114
:102D00000D484069401C40B118688C6820400A4C4E
:102D100064698D682C40A0420BD1012030BD33B1D5
:102D2000186820B1044C18686469A04201D10120E0
:102D3000F4E70020F2E70000B4A6002010B5024638
:102D400082B1136873B169B10B685BB1064B186847
:102D500006E003681468A34201D10B680360C068F1
:102D60000028F6D110BD0000D404002010B50020CA
:102D7000FBF7BEFD04462CB120212046EDF750FBA9
:102D8000FF20A072204610BD70B50546FFF7EEFF8C
:102D90000446204670BD000010B5002200BF124856
:102DA00003880088401C104C20804FF6FF7083423F
:102DB00003D14FF44040234618800C4801680EE0D0
:102DC000488A094B1B88984208D1501C80B20246A1
:102DD000B0F5804F01DB002010BDE0E7C968002995
:102DE000EED101480088F7E7D0040020D404002089
:102DF0008161C261704770B504460D4604B102E0BE
:102E00006FF0050070BDA38A221D2946204600F000
:102E100001F8F7E72DE9F84306460F4615469846B0
:102E2000A9460EB105B103E06FF00500BDE8F883D7
:102E30004846FAF75BF9044614B96FF00300F5E76A
:102E400043462A4639463046009400F001F8EDE743
:102E50002DE9FC4704468846174699460A9D0CB161
:102E600007B103E06FF00500BDE8FC8734B12068CE
:102E700020B1207800F0F000E02801D12E1D07E0FD
:102E800020686968884202D06FF00300ECE72646AC
:102E90004B463A4641462046CDE9005600F002F83E
:102EA000E2E700002DE9FF5F04460E4691469A4690
:102EB00024B1B9F1000F01D000BF04E06FF00500AC
:102EC00004B0BDE8F09F608A50B9628A214620466E
:102ED000FFF7B0FD8046B8F1000F01D04046EFE7A4
:102EE00008213046FDF70EFF80B1002208210120A5
:102EF000FDF7B8F9054615B94FF0FF30E0E7308926
:102F000028B131462846FDF7EFFC00E0354600BF0A
:102F10006889082808D200BF18A340F2DB2223A149
:102F20002EA0F6F74FFB00BF00BF6F68608AFAF76C
:102F300057FF38805046FAF753FF78800020F8801A
:102F40002889FAF74DFFB8801120039094F80AB051
:102F5000627A0E9903985B46CDE9002002914A46B9
:102F600028460F99F9F70EFF8046B54203D0284650
:102F7000FDF7EAFD00254046A2E700002E2E2F4D6A
:102F80006964646C6577617265732F5468697264F3
:102F90005F50617274792F4C7749502F7372632F91
:102FA000636F72652F7564702E63000063686563DC
:102FB0006B20746861742066697273742070627526
:102FC000662063616E20686F6C6420737472756331
:102FD00074207564705F68647200000041737365EB
:102FE0007274696F6E2022257322206661696C6598
:102FF00064206174206C696E6520256420696E20F0
:1030000025730A0001460A69D1E901309860D1E9C7
:10301000010358605068884201D1886850600020E0
:1030200008611068401E10601068704770B5044653
:1030300054B900BF502080F31188BFF34F8FBFF306
:103040006F8F00BF00BFFEE700F062F8A56B00F0D5
:1030500089F8284670BD014651B900BF502282F35D
:103060001188BFF34F8FBFF36F8F00BF00BFFEE724
:10307000886B7047034B0360034B0B604FF4807306
:1030800013607047FC490020584A0020034B03603E
:10309000034B0B604FF4007313607047584E0020D1
:1030A000B44E002000F1080141604FF0FF31816013
:1030B00000F10801C1600161002101607047002139
:1030C0000161704710B502460B685C1C0CB91069B1
:1030D00007E002F1080000E04068446824689C4270
:1030E000FAD944684C604C68A160886041600A610C
:1030F0001468641C146010BD42684A6093688B6059
:10310000936859609160086103685B1C03607047B5
:1031100000BF502080F31188BFF34F8FBFF36F8F34
:1031200000BF0E480068401C0C4908600846006853
:10313000012812D10A480068C0B208B9012000E095
:10314000002050B900BF502080F31188BFF34F8F8B
:10315000BFF36F8F00BF00BFFEE770476804002019
:1031600004ED00E00D48006850B900BF502080F326
:103170001188BFF34F8FBFF36F8F00BF00BFFEE713
:1031800006480068401E054908600846006820B9E6
:10319000002080F3118800BF00BF70476804002042
:1031A00070B506463546002E3FD0083D2C461F49D7
:1031B00060680968084008B1012000E0002050B9AB
:1031C00000BF502080F31188BFF34F8FBFF36F8F84
:1031D00000BF00BFFEE7206808B9012000E0002022
:1031E00050B900BF502080F31188BFF34F8FBFF359
:1031F0006F8F00BF00BFFEE70C4960680968084098
:1032000098B1206888B90949606809688843606096
:1032100000F00EFA0649606809680844044908602D
:103220002046FEF769FB01F005FB70BD6404002039
:103230005C04002000204FF0E0210861886106480E
:1032400000684FF47A71B0FBF1F0401E4FF0E021BE
:103250004861072008617047F803002070B5ECF75B
:10326000F9FF0446102C16D304F1E02090F8F05337
:1032700015480078854201DB012000E0002050B9AC
:1032800000BF502080F31188BFF34F8FBFF36F8FC3
:1032900000BF00BFFEE70D48006800F4E0600C4985
:1032A0000968884201D8012000E0002050B900BF21
:1032B000502080F31188BFF34F8FBFF36F8F00BF93
:1032C00000BFFEE770BD00006C0400200CED00E0C4
:1032D00070040020024600200BE0084B53F8303009
:1032E00033B9064B43F8301003EBC0035A6002E0D9
:1032F000401C0828F1D300BF70470000E0430020C5
:1033000070B50446254655B900BF502080F311889A
:10331000BFF34F8FBFF36F8F00BF00BFFEE728469C
:1033200000F008F895F8460010B92846FFF738FF76
:1033300070BD0000014600200EE0094A02EBC00209
:1033400052688A4207D10022054B43F8302003EB34
:10335000C0035A6002E0401C0828EED300BF70474B
:10336000E04300202DE9F04105460E4617462C4665
:10337000FFF7CEFE94F94400401C10B9002084F8F9
:10338000440094F94500401C10B9002084F8450021
:10339000FFF7E8FEA06B28B93A46314604F1240055
:1033A00000F062F82046FEF7D0FCBDE8F081000096
:1033B00070B504460025D4B11248006808B9012050
:1033C00000E0002050B900BF502080F31188BFF307
:1033D0004F8FBFF36F8F00BF00BFFEE700F028F9EB
:1033E00000212046FDF7F2FF01F024FA05463DB921
:1033F0004FF0805004490860BFF34F8FBFF36F8FC9
:1034000070BD00003404002004ED00E003490968A9
:1034100001600349096841607047000024040020EE
:10342000100400200120014908607047200400209A
:1034300070B504460D4654B900BF502080F3118882
:10344000BFF34F8FBFF36F8F00BF00BFFEE705488C
:10345000016818312046FFF735FE01212846FDF7A7
:10346000B5FF70BDFC03002070B505460E4614463E
:1034700055B900BF502080F31188BFF34F8FBFF3C1
:103480006F8F00BF00BFFEE706480168183128466D
:10349000FFF732FE0CB14FF0FF3621463046FDF704
:1034A00095FF70BDFC0300202DE9F04706460F464E
:1034B00034464FF00109002E55D0206D50B900BFA1
:1034C000502080F31188BFF34F8FBFF36F8F00BF81
:1034D00000BFFEE7E06CB84201D23D4600E0E56C7B
:1034E000E06AA8423FD0206D01283CD11F48006807
:1034F000844201D0012000E0002050B900BF5020DC
:1035000080F31188BFF34F8FBFF36F8F00BF00BFF1
:10351000FEE7D4F82C80E562A06900F0004010B905
:10352000C5F13800A06108EB8801114A02EB810166
:103530006069884201D1012000E0002098B1201D7F
:10354000FFF760FD0B49E06A0968884202D9094922
:10355000E06A0860E16A01EB8101054A02EB810043
:10356000211DFFF7C9FDBDE8F0870000FC03002026
:10357000204400201404002010B586B000200590DF
:10358000049003AA04A905A8FFF774FD0022DDE951
:1035900004101346CDE9002102901EA11F48039A92
:1035A00000F034FF1E4908600846006808B1012495
:1035B00000E00024012C02D101F0BEF90446012CE8
:1035C00015D100BF502080F31188BFF34F8FBFF398
:1035D0006F8F00BF4FF0FF30124908600120124981
:1035E000086000201149086000F072F810E0601CCB
:1035F00008B1012000E0002050B900BF502080F346
:103600001188BFF34F8FBFF36F8F00BF00BFFEE77E
:1036100006B010BD49444C45000000006D1701087C
:10362000300400202C040020180400201004002086
:1036300002480068401C01490860704734040020BB
:103640001E48006818B101201D49086034E00020C0
:103650001B4908601B4801680CE051B900BF5020AD
:1036600080F31188BFF34F8FBFF36F8F00BF00BF90
:10367000FEE7491E01EB8100134A52F8200008B909
:10368000012000E000200028E7D101EB81020E4B71
:1036900003EB820042685268426000F1080243680E
:1036A000934202D14268526842604268D268074B36
:1036B0001A600448016000BF704700003404002015
:1036C000200400201404002020440020FC030020DB
:1036D0001CB5524800685249884201D0012000E0E0
:1036E000002050B900BF502080F31188BFF34F8FE6
:1036F000BFF36F8F00BF00BFFEE74848006848492E
:10370000491E884201D0012000E0002050B900BFCE
:10371000502080F31188BFF34F8FBFF36F8F00BF2E
:1037200000BFFEE73F49084600780190FF200A46A7
:1037300010700846007800909DF8000000F0F0003E
:103740009DF80020904201D1012000E0002050B9F6
:1037500000BF502080F31188BFF34F8FBFF36F8FEE
:1037600000BF00BFFEE79DF8000000F050002E4AA9
:10377000107007202D4A106009E02C480068401E98
:103780002A4A10609DF800004006000E00909DF847
:10379000000000F080008028EFD024480068C0F1CD
:1037A0000700042801D1012000E0002050B900BF2B
:1037B000502080F31188BFF34F8FBFF36F8F00BF8E
:1037C00000BFFEE7194800680002184A1060104662
:1037D000008800F4E0601060124A019810700F48F1
:1037E0002030006840F470000C4920310860084621
:1037F000006840F070400860FFF71CFD00200C4995
:103800000860ECF7EFFC0B48006840F040400949C5
:103810000860ECF7D3FC00201CBD000000ED00E0C8
:1038200071C20F4100E400E06C040020700400202D
:103830006804002034EF00E070B505460E460DB177
:10384000012000E0002050B900BF502080F3118813
:10385000BFF34F8FBFF36F8F00BF00BFFEE7AE42D5
:1038600001D8012000E0002050B900BF502080F3B3
:103870001188BFF34F8FBFF36F8F00BF00BFFEE70C
:1038800002220021284600F05DF8044604B1A66338
:10389000204670BDF8B505460E4617460DB101200D
:1038A00000E0002050B900BF502080F31188BFF322
:1038B0004F8FBFF36F8F00BF00BFFEE7AE4201D84E
:1038C000012000E0002050B900BF502080F3118893
:1038D000BFF34F8FBFF36F8F00BF00BFFEE7022023
:1038E0003B46002211460090284600F05AF8044654
:1038F00004B1A6632046F8BD2DE9F0410446012637
:10390000002722460021012000F01CF80546284629
:10391000FDF740FF2846BDE8F0812DE9F843044655
:103920000D4601274FF000082B46002211460120CA
:10393000009400F036F806463046FDF72BFF30467F
:10394000BDE8F8832DE9F84305460E4690460DB1D3
:10395000012000E0002050B900BF502080F3118802
:10396000BFF34F8FBFF36F8F00BF00BFFEE70EB9ED
:10397000002701E005FB06F707F15000FEF724FAE7
:1039800004465CB104F15009002084F84600434627
:103990004A46314628460094FDF70AFF2046BDE816
:1039A000F8832DE9F84380460E4617461D46DDF89C
:1039B0002090B8F1000F01D0012000E0002050B9A4
:1039C00000BF502080F31188BFF34F8FBFF36F8F7C
:1039D00000BF00BFFEE70DB1012000E0002050B99C
:1039E00000BF502080F31188BFF34F8FBFF36F8F5C
:1039F00000BF00BFFEE707B10EB1012000E00020CC
:103A000050B900BF502080F31188BFF34F8FBFF330
:103A10006F8F00BF00BFFEE707B90EB9012000E0BD
:103A2000002050B900BF502080F31188BFF34F8FA2
:103A3000BFF36F8F00BF00BFFEE7502000900098DB
:103A4000502801D1012000E0002050B900BF5020D3
:103A500080F31188BFF34F8FBFF36F8F00BF00BF9C
:103A6000FEE72C464CB1012084F846004B463A460E
:103A7000314640460094FDF79BFE2046BDE8F883A2
:103A800070B505460E462C4654B900BF502080F351
:103A90001188BFF34F8FBFF36F8F00BF00BFFEE7EA
:103AA000FFF736FBD4E90F12206801FB02006060CB
:103AB0000020A0632068A060E06B401E226C21689B
:103AC00000FB0210E060FF2084F8440084F8450009
:103AD0009EB9206908B9012000E00020A8B904F1CE
:103AE000100000F05BFE80B14FF080500949086083
:103AF000BFF34F8FBFF36F8F07E004F11000FFF7A4
:103B0000D1FA04F12400FFF7CDFAFFF72BFB0120D7
:103B100070BD000004ED00E02DE9FF4383B00646D0
:103B200088461D464FF00009344654B900BF502066
:103B300080F31188BFF34F8FBFF36F8F00BF00BFBB
:103B4000FEE7B8F1000F01D1206C08B9012000E0B8
:103B5000002050B900BF502080F31188BFF34F8F71
:103B6000BFF36F8F00BF00BFFEE7022D02D1E06BF5
:103B7000012801D1012000E0002050B900BF5020F1
:103B800080F31188BFF34F8FBFF36F8F00BF00BF6B
:103B9000FEE700F09DFC08B9059808B9012000E097
:103BA000002050B900BF502080F31188BFF34F8F21
:103BB000BFF36F8F00BF00BFFEE700BFFFF7A8FA9B
:103BC000A06BE16B884201D3022D28D12A464146E1
:103BD0002046FDF708FD0746606A08B9012000E0AD
:103BE000002068B904F1240000F0D8FD88B14FF03E
:103BF000805032490860BFF34F8FBFF36F8F08E0EA
:103C00003FB14FF080502D490860BFF34F8FBFF395
:103C10006F8FFFF7A7FA012007B0BDE8F083059882
:103C200018B9FFF79FFA0020F6E7B9F1000F04D1A9
:103C300001A8FFF7EBFB4FF00109FFF793FAFFF73D
:103C4000F7FCFFF765FA94F94400401C10B9002016
:103C500084F8440094F94500401C10B9002084F811
:103C60004500FFF77FFA05A901A800F057FBF0B95E
:103C70002046FDF7AEFEA0B104F110000599FFF754
:103C8000D7FB2046FEF761F800F0D4FD002895D15F
:103C90004FF0805009490860BFF34F8FBFF36F8F1B
:103CA0008CE72046FEF751F800F0C4FD86E7204679
:103CB000FEF74BF800F0BEFD0020ADE704ED00E09C
:103CC0002DE9F05F07468A4690461E463C4654B9A9
:103CD00000BF502080F31188BFF34F8FBFF36F8F69
:103CE00000BF00BFFEE7BAF1000F01D1206C08B998
:103CF000012000E0002050B900BF502080F311885F
:103D0000BFF34F8FBFF36F8F00BF00BFFEE7022EE0
:103D100002D1E06B012801D1012000E0002050B960
:103D200000BF502080F31188BFF34F8FBFF36F8F18
:103D300000BF00BFFEE7FFF791FA00BF5021EFF38D
:103D4000118081F31188BFF34F8FBFF36F8F00BFD6
:103D50000546A06BE16B884201D3022E23D194F972
:103D600045B0324651462046FDF73DFC0BF10100BF
:103D700088B9606A08B9012000E0002080B904F128
:103D8000240000F00BFD58B1B8F1000F08D001205D
:103D9000C8F8000004E00BF1010040B284F84500CF
:103DA0004FF0010901E04FF0000900BF85F31188D1
:103DB00000BF4846BDE8F09F2DE9F04706460F4694
:103DC000344654B900BF502080F31188BFF34F8FA1
:103DD000BFF36F8F00BF00BFFEE7206C08B9012062
:103DE00000E0002050B900BF502080F31188BFF3DD
:103DF0004F8FBFF36F8F00BF00BFFEE7206808B989
:103E0000606808B9012000E0002050B900BF5020D0
:103E100080F31188BFF34F8FBFF36F8F00BF00BFD8
:103E2000FEE7FFF71BFA00BF5021EFF3118081F38B
:103E30001188BFF34F8FBFF36F8F00BF0546D4F8D3
:103E40003890E06B48451ED994F945A009F101006E
:103E5000A0630AF1010070B9606A08B9012000E0AE
:103E6000002068B904F1240000F098FC40B13FB193
:103E70000120386004E00AF1010040B284F84500F6
:103E80004FF0010801E04FF0000800BF85F31188F2
:103E900000BF4046BDE8F08770B505462C4654B9D2
:103EA00000BF502080F31188BFF34F8FBFF36F8F97
:103EB00000BF00BFFEE700F005FB616888420CD13F
:103EC000E068401EE060E06828B900231A46194601
:103ED0002046FFF721FE012600E00026304670BD97
:103EE0002DE9F74183B005460E464FF000082C46F9
:103EF00054B900BF502080F31188BFF34F8FBFF338
:103F00006F8F00BF00BFFEE70EB9206C08B901201B
:103F100000E0002050B900BF502080F31188BFF3AB
:103F20004F8FBFF36F8F00BF00BFFEE700F0D0FAE6
:103F300008B9059808B9012000E0002050B900BF79
:103F4000502080F31188BFF34F8FBFF36F8F00BFF6
:103F500000BFFEE700BFFFF7DBF8A76BF7B1314604
:103F60002046FDF72BFB781EA063206908B90120CD
:103F700000E0002060B904F1100000F00FFC38B13F
:103F80004FF080502F490860BFF34F8FBFF36F8F02
:103F9000FFF7E8F8012006B0BDE8F081059818B9F0
:103FA000FFF7E0F80020F6E7B8F1000F04D101A810
:103FB000FFF72CFA4FF00108FFF7D4F8FFF738FBB2
:103FC000FFF7A6F894F94400401C10B9002084F8CB
:103FD000440094F94500401C10B9002084F84500C5
:103FE000FFF7C0F805A901A800F098F9F0B920463C
:103FF000FDF7E2FCA0B104F124000599FFF718FADF
:104000002046FDF7A2FE00F015FC0028A3D14FF0DA
:1040100080500C490860BFF34F8FBFF36F8F9AE752
:104020002046FDF792FE00F005FC94E72046FDF7E0
:104030008CFE00F0FFFB2046FDF7BEFC00288AD076
:104040000020A8E704ED00E02DE9F05F0646894670
:104050001746344654B900BF502080F31188BFF38F
:104060004F8FBFF36F8F00BF00BFFEE7B9F1000FA6
:1040700001D1206C08B9012000E0002050B900BF38
:10408000502080F31188BFF34F8FBFF36F8F00BFB5
:1040900000BFFEE7FFF7E2F800BF5021EFF3118009
:1040A00081F31188BFF34F8FBFF36F8F00BF0546B9
:1040B000D4F838A0BAF1000F22D094F944B04946A0
:1040C0002046FDF77BFAAAF10100A0630BF1010085
:1040D00070B9206908B9012000E0002068B904F136
:1040E000100000F05BFB40B13FB10120386004E0FC
:1040F0000BF1010040B284F844004FF0010801E0E8
:104100004FF0000800BF85F3118800BF4046BDE8AE
:10411000F09F00002DE9F34182B005464FF0000802
:104120002C46002654B900BF502080F31188BFF3FD
:104130004F8FBFF36F8F00BF00BFFEE7206C08B941
:10414000012000E0002050B900BF502080F311880A
:10415000BFF34F8FBFF36F8F00BF00BFFEE700F0CC
:10416000B7F908B9039808B9012000E0002050B958
:1041700000BF502080F31188BFF34F8FBFF36F8FC4
:1041800000BF00BFFEE700BFFEF7C2FFA76BFFB195
:10419000781EA063206810B9FDF7B4FE6060206946
:1041A00008B9012000E0002060B904F1100000F01F
:1041B000F5FA38B14FF0805043490860BFF34F8F94
:1041C000BFF36F8FFEF7CEFF012004B0BDE8F08192
:1041D000039898B90EB9012000E0002050B900BF43
:1041E000502080F31188BFF34F8FBFF36F8F00BF54
:1041F00000BFFEE7FEF7B6FF0020E6E7B8F1000FCC
:1042000004D16846FFF702F94FF00108FEF7AAFF54
:10421000FFF70EFAFEF77CFF94F94400401C10B93A
:10422000002084F8440094F94500401C10B9002097
:1042300084F84500FEF796FF03A9684600F06EF883
:1042400040BB2046FDF7B8FBF0B1206838B9FEF757
:104250005FFF606800F050FA0646FEF783FF04F146
:1042600024000399FFF7E4F82046FDF76EFD00F007
:10427000E1FA002888D14FF0805013490860BFF35D
:104280004F8FBFF36F8F7FE72046FDF75EFD00F095
:10429000D1FA79E72046FDF758FD00F0CBFA204629
:1042A000FDF78AFB0028EED05EB1FEF731FF204615
:1042B000FDF7FFF9074639466068FFF7F5F8FEF7A6
:1042C00051FF002081E7000004ED00E02DE9F041FE
:1042D00006460F46344654B900BF502080F311887B
:1042E000BFF34F8FBFF36F8F00BF00BFFEE700F03B
:1042F000E9F86168884204D1E068401CE06001256B
:1043000008E039462046FFF705FF054615B1E0688D
:10431000401CE0602846BDE8F081000070B505460D
:104320000C4655B900BF502080F31188BFF34F8F62
:10433000BFF36F8F00BF00BFFEE754B900BF50202E
:1043400080F31188BFF34F8FBFF36F8F00BF00BFA3
:10435000FEE7FEF7DDFE124802686868131A20685F
:10436000401C08B9002617E00E49286809688842F1
:1043700004D06868904201D801260DE02068984278
:1043800007D92068C01A20602846FFF73FF80026AA
:1043900002E0002020600126FEF7E4FE304670BDFA
:1043A00010040020240400202DE9FF4F85B0804632
:1043B00089461746DDE912ABB800FDF705FD064654
:1043C00056B15C20FDF700FD04460CB1266304E005
:1043D0003046FEF7E5FE00E000248CB1002084F8B2
:1043E0005900CDE900ABCDE902403A464946404686
:1043F000089BFDF7F2F92046FDF726F8012501E0BC
:104400004FF0FF35284609B0BDE8F08F2DE9F04F99
:1044100085B00746884691469A46DDE90EB6109C5F
:104420000EB1012000E0002050B900BF502080F301
:104430001188BFF34F8FBFF36F8F00BF00BFFEE740
:104440000CB1012000E0002050B900BF502080F3E3
:104450001188BFF34F8FBFF36F8F00BF00BFFEE720
:104460005C20039003985C2801D1012000E000202B
:1044700050B900BF502080F31188BFF34F8FBFF3B6
:104480006F8F00BF00BFFEE7B4B1AEB125462C462A
:104490002E63022085F85900002004A953464A469D
:1044A000CDE900B1CDE9025041463846FDF795F916
:1044B0002846FCF7C9FF01E000200490049805B0ED
:1044C000BDE8F08F0149086870470000FC03002038
:1044D0000549096809B9012005E00449096809B9D5
:1044E000022000E00020704718040020340400205F
:1044F00001490868704700001004002070B5FEF7FD
:10450000ADFE002501480468204670BD100400205F
:104510002DE9F0414FF0000843480068002876D1AB
:1045200042480068451C4148056015BB404800688A
:10453000006808B9012000E0002050B900BF5020F9
:1045400080F31188BFF34F8FBFF36F8F00BF00BFA1
:10455000FEE737480768374800683549086035483E
:10456000076035480068401C33490860FDF740FB90
:1045700000BF3248006885423BD300BF2C4800682A
:10458000006808B9012000E0002020B14FF0FF30A2
:104590002A4908602CE026480068C068C46866683C
:1045A000B54202D22548066022E0201DFEF72AFD12
:1045B000A06A18B104F11800FEF724FD2049E06A52
:1045C0000968884202D91E49E06A0860E16A01EB85
:1045D00081011C4A02EB8100211DFEF78DFD1A4965
:1045E000E06A0968C96A8842C8D34FF00108C5E784
:1045F00000BF15480068C06A00EB8000114951F8FF
:104600002000012801D94FF0010805E0FFE70F481D
:104610000068401C0D4908600D48006808B14FF063
:1046200001084046BDE8F081340400201004002059
:104630000004002004040020240400202C04002096
:104640001404002020440020FC0300201C0400204F
:104650002004002070B505462C460026002D43D0CE
:1046600022480068844201D1012000E0002050B9B6
:1046700000BF502080F31188BFF34F8FBFF36F8FBF
:1046800000BF00BFFEE7206D50B900BF502080F38F
:104690001188BFF34F8FBFF36F8F00BF00BFFEE7DE
:1046A000206D401E2065E16CE06A88421CD0206DC0
:1046B000D0B9201DFEF7A6FCE06CE062E06AC0F114
:1046C0003800A0610A49E06A0968884202D90849AD
:1046D000E06A0860E16A01EB8101064A02EB8100B1
:1046E000211DFEF709FD0126304670BDFC030020A8
:1046F000140400202044002070B505462C460026F6
:10470000002D42D02249E06A0968C96A884235D240
:10471000A06900F0004028B91D480068C06AC0F1D7
:104720003800A061E16A01EB81011A4A02EB8101C4
:104730006069884201D1012000E00020C0B1201D45
:10474000FEF760FC12480068C06AE0621249E06A45
:104750000968884202D91049E06A0860E16A01EB01
:1047600081010C4A02EB8100211DFEF7C5FC03E02C
:1047700007480068C06AE062012606E00449E06C70
:104780000968C96A884200D20126304670BD00001F
:10479000FC030020204400201404002070B50646CD
:1047A000F068C46854B900BF502080F31188BFF38B
:1047B0004F8FBFF36F8F00BF00BFFEE704F11800FB
:1047C000FEF720FC15480068A0B9201DFEF71AFC72
:1047D0001349E06A0968884202D91149E06A086011
:1047E000E16A01EB81010F4A02EB8100211DFEF716
:1047F00083FC04E004F118010B48FEF77DFC0B4933
:10480000E06A0968C96A884204D90125012008497B
:10481000086000E00025284670BD00003404002038
:104820001404002020440020A8480020FC0300209D
:104830002004002070B5002400263648006850B9D6
:1048400000BF502080F31188BFF34F8FBFF36F8FED
:1048500000BF00BFFEE7FEF75BFC2E480068401E6D
:104860002C4908600846006800284ED12A48006894
:1048700000284AD023E02948C068C46804F1180021
:10488000FEF7C0FB201DFEF7BDFB2549E06A096865
:10489000884202D92249E06A0860E16A01EB81019D
:1048A000204A02EB8100211DFEF726FC1E49E06A2A
:1048B0000968C96A884202D301201C490860174868
:1048C000006808B9012000E000200028D3D00CB116
:1048D000FDF78EF91648056865B100BFFFF718FEB1
:1048E00010B10120114908606D1E002DF6D1002085
:1048F0000F4908600D48006838B1012630070D499E
:104900000860BFF34F8FBFF36F8FFEF72BFC30466D
:1049100070BD0000340400200C040020A8480020D2
:104920001404002020440020FC0300202004002068
:104930001C04002004ED00E010B586B00024FCF754
:10494000DFFD16480068D0B100200590049003AA4E
:1049500004A905A8FEF79AFB0222DDE90410002352
:10496000CDE9002102900EA10F48039AFFF74EFDFA
:104970000E4908600846006800B1012400BF54B920
:1049800000BF502080F31188BFF34F8FBFF36F8FAC
:1049900000BF00BFFEE7204606B010BD4004002067
:1049A000546D722053766300311D010844040020C9
:1049B0002DE9FF4704460D4616461F46DDF83080B8
:1049C0004FF0000954B900BF502080F31188BFF3A5
:1049D0004F8FBFF36F8F00BF00BFFEE71448006822
:1049E00010B3009501960294062D15DAFFF770FDBD
:1049F000022808D10023424669460D480068FFF7A7
:104A00008BF8814610E000231A4669460848006882
:104A1000FFF782F8814607E000233A4669460448DA
:104A20000068FFF74DF98146484604B0BDE8F087BD
:104A300040040020616200006162000061620000C9
:104A4000A055010800000000000000000000000068
:104A50000000000000080000080000000000000046
:104A600000000000D4550108000000000000000014
:104A70000000000000000000000400002F00000003
:104A80000000000000000000AC550108000000001C
:104A90000000000000000000000000000004000012
:104AA0002E0000000000000000000000BC550108BE
:104AB00000000000000000000000000000000000F6
:104AC000000200002D0000000000000000000000B7
:104AD000C8550108000000000000000000000000B0
:104AE0000000000038180000300000000000000046
:104AF0000000000000000244000610160006101618
:104B0000000000000000000001020304060708097D
:104B10000000000001020304FFFFFFFFFFFF000091
:104B200000000000200004001FAD002094040020BD
:104B300020000500A2AD00209804002018000F00FE
:104B400045AE00209C04002010000200B0AF002001
:104B5000A004002020000400D3AF0020A404002003
:104B60001000080056B00020A80400201000080023
:104B7000D9B00020AC040020100002005CB100207D
:104B8000B0040020100010007FB10020B404002009
:104B90006002100082B20020B8040020244B0108FB
:104BA000304B01083C4B0108484B0108544B0108AD
:104BB000604B01086C4B0108784B0108844B0108DD
:104BC000904B0108E803000095D80008E8030000B6
:104BD00035BF000800000000FFFFFFFF00000000DD
:104BE000920E493CB10AC93C2BC3163D2EFB483DF1
:104BF000752B7B3D04A9963D80B6AF3D36BDC83DC3
:104C00002FBCE13D73B2FA3D87CF093E8340163E8B
:104C1000B5AB223EA2102F3ECF6E3B3EC2C5473EF3
:104C20000115543E135C603E7F9A6C3ECCCF783EBB
:104C3000C07D823E938E883E229A8E3E32A0943E64
:104C400086A09A3EE59AA03E128FA63ED47CAC3E4A
:104C5000EF63B23E2A44B83E491DBE3E15EFC33E47
:104C600053B9C93ECA7BCF3E4136D53E80E8DA3ED5
:104C70004F92E03E7533E63EBBCBEB3EEA5AF13E47
:104C8000CBE0F63E275DFC3EE4E7003F3D9C033F62
:104C9000824B063F9BF5083F6B9A0B3FDA390E3F7C
:104CA000CDD3103F2A68133FD9F6153FC07F183F78
:104CB000C6021B3FD17F1D3FCBF61F3F9967223FA6
:104CC00025D2243F5636273F1594293F4AEB2B3FE8
:104CD000DE3B2E3FBB85303FC9C8323FF304353F32
:104CE000233A373F4268393F3B8F3B3FF9AE3D3F68
:104CF00067C73F3F70D8413F01E2433F03E4453F70
:104D000065DE473F12D1493FF8BB4B3F029F4D3F05
:104D1000207A4F3F3D4D513F4918533F31DB543FBF
:104D2000E595563F5348583F6AF2593F1A945B3F06
:104D3000532D5D3F05BE5E3F2146603F97C5613FF5
:104D40005A3C633F59AA643F880F663FD86B673F60
:104D50003CBF683FA7096A3F0C4B6B3F5E836C3FCB
:104D600093B26D3F9ED86E3F73F56F3F0809713F58
:104D70005213723F4714733FDD0B743F0BFA743FBD
:104D8000C6DE753F07BA763FC58B773FF853783F4D
:104D90009812793F9DC7793F02737A3FBE147B3FDB
:104DA000CDAC7B3F283B7C3FC9BF7C3FAC3A7D3FCD
:104DB000CCAB7D3F23137E3FB0707E3F6DC47E3F02
:104DC000580E7F3F6D4E7F3FAB847F3F0FB17F3FDB
:104DD00097D37F3F43EC7F3F11FB7F3F0000803F35
:104DE00011FB7F3F43EC7F3F97D37F3F0FB17F3F66
:104DF000AB847F3F6D4E7F3F580E7F3F6DC47E3F3B
:104E0000B0707E3F23137E3FCCAB7D3FAC3A7D3FFD
:104E1000C9BF7C3F283B7C3FCDAC7B3FBE147B3F72
:104E200002737A3F9DC7793F9812793FF853783FD4
:104E3000C58B773F07BA763FC6DE753F0BFA743FE6
:104E4000DD0B743F4714733F5213723F0809713FE3
:104E500073F56F3F9ED86E3F93B26D3F5E836C3F9C
:104E60000C4B6B3FA7096A3F3CBF683FD86B673F5D
:104E7000880F663F59AA643F5A3C633F97C5613F1C
:104E80002146603F05BE5E3F532D5D3F1A945B3F58
:104E90006AF2593F5348583FE595563F31DB543F3E
:104EA0004918533F3D4D513F207A4F3F029F4D3FA0
:104EB000F8BB4B3F12D1493F65DE473F03E4453F16
:104EC00001E2433F70D8413F67C73F3FF9AE3D3FE6
:104ED0003B8F3B3F4268393F233A373FF304353F2E
:104EE000C9C8323FBB85303FDE3B2E3F4AEB2B3FEC
:104EF0001594293F5636273F25D2243F9967223FF4
:104F0000CBF61F3FD17F1D3FC6021B3FC07F183F1E
:104F1000D9F6153F2A68133FCDD3103FDA390E3F3B
:104F20006B9A0B3F9BF5083F824B063F3D9C033F2E
:104F3000E4E7003F275DFC3ECBE0F63EEA5AF13E57
:104F4000BBCBEB3E7533E63E4F92E03E80E8DA3E67
:104F50004136D53ECA7BCF3E53B9C93E15EFC33E5D
:104F6000491DBE3E2A44B83EEF63B23ED47CAC3EFF
:104F7000128FA63EE59AA03E86A09A3E32A0943EAD
:104F8000229A8E3E938E883EC07D823ECCCF783E64
:104F90007F9A6C3E135C603E0115543EC2C5473E8D
:104FA000CF6E3B3EA2102F3EB5AB223E8340163E55
:104FB00087CF093E73B2FA3D2FBCE13D36BDC83DF7
:104FC00080B6AF3D04A9963D752B7B3D2EFB483D39
:104FD0002BC3163DB10AC93C920E493C00000000AB
:104FE000920E49BCB10AC9BC2BC316BD2EFB48BDED
:104FF000752B7BBD04A996BD80B6AFBD36BDC8BDBF
:105000002FBCE1BD73B2FABD87CF09BE834016BE87
:10501000B5AB22BEA2102FBECF6E3BBEC2C547BEEF
:10502000011554BE135C60BE7F9A6CBECCCF78BEB7
:10503000C07D82BE938E88BE229A8EBE32A094BE60
:1050400086A09ABEE59AA0BE128FA6BED47CACBE46
:10505000EF63B2BE2A44B8BE491DBEBE15EFC3BE43
:1050600053B9C9BECA7BCFBE4136D5BE80E8DABED1
:105070004F92E0BE7533E6BEBBCBEBBEEA5AF1BE43
:10508000CBE0F6BE275DFCBEE4E700BF3D9C03BF5E
:10509000824B06BF9BF508BF6B9A0BBFDA390EBF78
:1050A000CDD310BF2A6813BFD9F615BFC07F18BF74
:1050B000C6021BBFD17F1DBFCBF61FBF996722BFA2
:1050C00025D224BF563627BF159429BF4AEB2BBFE4
:1050D000DE3B2EBFBB8530BFC9C832BFF30435BF2E
:1050E000233A37BF426839BF3B8F3BBFF9AE3DBF64
:1050F00067C73FBF70D841BF01E243BF03E445BF6C
:1051000065DE47BF12D149BFF8BB4BBF029F4DBF01
:10511000207A4FBF3D4D51BF491853BF31DB54BFBB
:10512000E59556BF534858BF6AF259BF1A945BBF02
:10513000532D5DBF05BE5EBF214660BF97C561BFF1
:105140005A3C63BF59AA64BF880F66BFD86B67BF5C
:105150003CBF68BFA7096ABF0C4B6BBF5E836CBFC7
:1051600093B26DBF9ED86EBF73F56FBF080971BF54
:10517000521372BF471473BFDD0B74BF0BFA74BFB9
:10518000C6DE75BF07BA76BFC58B77BFF85378BF49
:10519000981279BF9DC779BF02737ABFBE147BBFD7
:1051A000CDAC7BBF283B7CBFC9BF7CBFAC3A7DBFC9
:1051B000CCAB7DBF23137EBFB0707EBF6DC47EBFFE
:1051C000580E7FBF6D4E7FBFAB847FBF0FB17FBFD7
:1051D00097D37FBF43EC7FBF11FB7FBF000080BF31
:1051E00011FB7FBF43EC7FBF97D37FBF0FB17FBF62
:1051F000AB847FBF6D4E7FBF580E7FBF6DC47EBF37
:10520000B0707EBF23137EBFCCAB7DBFAC3A7DBFF9
:10521000C9BF7CBF283B7CBFCDAC7BBFBE147BBF6E
:1052200002737ABF9DC779BF981279BFF85378BFD0
:10523000C58B77BF07BA76BFC6DE75BF0BFA74BFE2
:10524000DD0B74BF471473BF521372BF080971BFDF
:1052500073F56FBF9ED86EBF93B26DBF5E836CBF98
:105260000C4B6BBFA7096ABF3CBF68BFD86B67BF59
:10527000880F66BF59AA64BF5A3C63BF97C561BF18
:10528000214660BF05BE5EBF532D5DBF1A945BBF54
:105290006AF259BF534858BFE59556BF31DB54BF3A
:1052A000491853BF3D4D51BF207A4FBF029F4DBF9C
:1052B000F8BB4BBF12D149BF65DE47BF03E445BF12
:1052C00001E243BF70D841BF67C73FBFF9AE3DBFE2
:1052D0003B8F3BBF426839BF233A37BFF30435BF2A
:1052E000C9C832BFBB8530BFDE3B2EBF4AEB2BBFE8
:1052F000159429BF563627BF25D224BF996722BFF0
:10530000CBF61FBFD17F1DBFC6021BBFC07F18BF1A
:10531000D9F615BF2A6813BFCDD310BFDA390EBF37
:105320006B9A0BBF9BF508BF824B06BF3D9C03BF2A
:10533000E4E700BF275DFCBECBE0F6BEEA5AF1BE53
:10534000BBCBEBBE7533E6BE4F92E0BE80E8DABE63
:105350004136D5BECA7BCFBE53B9C9BE15EFC3BE59
:10536000491DBEBE2A44B8BEEF63B2BED47CACBEFB
:10537000128FA6BEE59AA0BE86A09ABE32A094BEA9
:10538000229A8EBE938E88BEC07D82BECCCF78BE60
:105390007F9A6CBE135C60BE011554BEC2C547BE89
:1053A000CF6E3BBEA2102FBEB5AB22BE834016BE51
:1053B00087CF09BE73B2FABD2FBCE1BD36BDC8BDF3
:1053C00080B6AFBD04A996BD752B7BBD2EFB48BD35
:1053D0002BC316BDB10AC9BC920E49BC00000080A7
:1053E0004FBB610567ACDD3F182D4454FB21E93FFD
:1053F0009BF681D20B73EF3F182D4454FB21F93FEC
:10540000E2652F227F2B7A3C075C143326A6813C71
:10541000BDCBF07A8807703C075C143326A6913C1C
:10542000C4EB98999999C9BF711623FEC671BCBF88
:105430006D9A74AFF2B0B3BF9AFDDE522DDEADBFF0
:105440002F6C6A2C44B4A2BF0D5555555555D53F08
:10545000FF8300922449C23F6E204CC5CD45B73F23
:10546000513DD0A0660DB13FEB0D76244B7BA93F9B
:1054700011DA22E33AAD903F4C5555555555A53FAD
:105480007751C1166CC156BF9015CB19A001FA3ED9
:10549000AD529C804F7E92BEC4B1B4BD9EEE213E03
:1054A000D43888BEE9FAA8BD000000000000000062
:1054B00000004054FB21F93F3163621A61B4D03DD2
:1054C0000000601A61B4D03D7370032E8A19A33BAB
:1054D0000000002E8A19A33BC14920259A837B39FD
:1054E00000000000000000006E83F9A22915444E60
:1054F000D15727FCC0DD34F5999562DB4190433CE0
:10550000AB6351FE61C5BBDE3A6E24B7E0D24D42BB
:10551000EA2E49061C92D1091CEB1DFE3EA729B1BB
:10552000F53582E88444BB2E26709CE9417E5FB449
:1055300039D69139F43953838B5F849C3B28F9BD6C
:10554000FF97F81F0F9805DE8B112FEF1F6D0A5A7A
:10555000CF7E366DB709CB27663F464F2DEA5F9E5B
:10556000C7BA27757BF1E5EBF739073DEA92528A16
:10557000B15FFB6B085D8D1FA6F810111111813F03
:10558000D561C119A0012ABF7DFEB157E31DC73EF9
:10559000EB9C2B8AE6E55ABE7CD5CF5A3AD9E53D3D
:1055A0007852756E4C65645461736B00784574680D
:1055B00053656E645461736B000000007845746835
:1055C0005365745461736B00784A6F696E745461EB
:1055D000736B000078457468526563765461736B31
:1055E000000000004C5749505F434F4E53545F43F7
:1055F000415354206E6F7420696D706C656D656EDB
:1056000074656420636F72726563746C792E2043D5
:105610006865636B20796F7572206C7749502070D4
:105620006F72742E000000006E657469662D3E680E
:1056300077616464725F6C656E206D75737420624F
:1056400065207468652073616D6520617320455421
:10565000485F4857414444525F4C454E20666F7244
:105660002065746861727021000000008C5601088A
:1056700000000020F4040000FE0B0008B4570108ED
:10568000F404002084D80000E8A500081DC0A8018B
:105690000A044209A31F4E9A200C415A21100233DA
:1056A000012F8403DC05DC050689420534E803E8A4
:1056B00003142B406032803C2F60604A290829493E
:1056C00029085A040832073C238360C45B238408FA
:1056D0004A8108544064605B237A084AFF085B2BC8
:1056E000710819605A0608294829085A0F085A1FD4
:1056F000085A2F082A3F403B051090142306101B20
:10570000102708111518018A012A80085A8B085A97
:105710008C081A8D08122F2B1802B8122B4C180364
:1057200014084205122F4A1A9011141A01201B6402
:1057300060081302203A6C0812102B7860203A029D
:105740002039603908196039081960390819606909
:10575000906A4098E1280AF03F7B14AE47E17A84D2
:10576000BB316314400B1624C0082BCDCC01FA23A7
:1057700008091E3809224006AAE803E8030A62FF66
:1057800063C84233E143423F25CDCC4C3D2AAF10A4
:10579000292059088A0A0101572A010131135E0B99
:1057A0000228202A103841036D24F41AAA01016549
:0457B0000222C00011
:040000050800018965
:00000001FF
